"对象","编码","名称","颜色","现有图片","素材键","来源","文件状态","校对结论"
"款式","SPU-QC-001","后道验收衬衫","黑色","/materials/pcs-reviewed/shirt-black.jpg","shirt-black","https://business.walmart.com/ip/sogami-Long-Sleeve-Cotton-Dress-Shirts-for-Men-Button-Down-Shirt-Regular-Fit/5326204783","本地存在且哈希一致","已校对 Mock 品类/颜色实拍；不作为真实实物身份或尺寸凭据"
"款式","SPU-QC-002","后道验收连衣裙","黑色","/materials/pcs-reviewed/casual-dress-black.jpg","casual-dress-black","https://gate.shop/cz/damske-bavlnene-mini-saty-7","本地存在且哈希一致","已校对 Mock 品类/颜色实拍；不作为真实实物身份或尺寸凭据"
"款式","SPU-QC-003","后道验收外套","黑色","/materials/pcs-reviewed/jacket-black.jpg","jacket-black","https://www.evolveclothing.com/en/Tommy-Hilfiger-Mens-Lightweight-Blouson-Jacket---Black/m-24834.aspx","本地存在且哈希一致","已校对 Mock 品类/颜色实拍；不作为真实实物身份或尺寸凭据"
"款式","STYLE-PRJ-202603-012","Kaos Polos Premium 高端纯色T恤","Black","/materials/pcs-reviewed/tee-black.jpg","tee-black","https://www.thewarehouse.co.nz/p/hh-womens-essential-short-sleeve-crew-neck-tee/RM110161302-1M.html","本地存在且哈希一致","已校对 Mock 品类/颜色实拍；不作为真实实物身份或尺寸凭据"
"款式","STYLE-PRJ-202603-011","Jaket Hoodie Unisex 连帽夹克","Black","/materials/pcs-reviewed/hood-black.jpg","hood-black","https://www.celio.com/en-fr/p/100-cotton-hooded-jacket---black/1186096.html","本地存在且哈希一致","已校对 Mock 品类/颜色实拍；不作为真实实物身份或尺寸凭据"
"款式","STYLE-PRJ-202603-010","Blazer Wanita Formal 女装正装外套","Black","/materials/pcs-reviewed/blazer-black.jpg","blazer-black","https://www.rolando.co.za/Shop/Shop?strCategories=s42&strPageHeader=Ladies+Formal+Jackets","本地存在且哈希一致","已校对 Mock 品类/颜色实拍；不作为真实实物身份或尺寸凭据"
"款式","STYLE-PRJ-202603-009","Rok Mini Plisket 百褶短裙","Black","/materials/pcs-reviewed/pleated-black.jpg","pleated-black","https://www.uniqlo.com/us/en/products/E458051-000/00?colorDisplayCode=09","本地存在且哈希一致","已校对 Mock 品类/颜色实拍；不作为真实实物身份或尺寸凭据"
"款式","STYLE-PRJ-202603-008","男士休闲长裤","Black","/materials/pcs-reviewed/trousers-black.jpg","trousers-black","https://suitsupply.com/en-us/men/trousers/suit-trousers","本地存在且哈希一致","已校对 Mock 品类/颜色实拍；不作为真实实物身份或尺寸凭据"
"款式","STYLE-PRJ-202603-007","Dress Wanita Casual 休闲连衣短裙","Black","/materials/pcs-reviewed/casual-dress-black.jpg","casual-dress-black","https://gate.shop/cz/damske-bavlnene-mini-saty-7","本地存在且哈希一致","已校对 Mock 品类/颜色实拍；不作为真实实物身份或尺寸凭据"
"款式","STYLE-PRJ-202603-006","Kemeja Batik Pria Modern 现代蜡染衬衫","Black","/materials/pcs-reviewed/batik-black.jpg","batik-black","https://hadinatabatik.com/products/hadinata-batik-pria-kemeja-pendek-slimfit-ranvir-ranita","本地存在且哈希一致","已校对 Mock 品类/颜色实拍；不作为真实实物身份或尺寸凭据"
"款式","STYLE-PRJ-202603-005","Celana Jogger Pria 运动裤","Black","/materials/pcs-reviewed/jogger-black.jpg","jogger-black","https://www.walmart.com/ip/682669963","本地存在且哈希一致","已校对 Mock 品类/颜色实拍；不作为真实实物身份或尺寸凭据"
"款式","STYLE-PRJ-202603-004","Polo Shirt Pique 男装","Black","/materials/pcs-reviewed/polo-black.webp","polo-black","https://ascolour.com/chad-polo-5402/","本地存在且哈希一致","已校对 Mock 品类/颜色实拍；不作为真实实物身份或尺寸凭据"
"款式","STYLE-PRJ-202603-003","春季休闲印花短袖T恤","Black","/materials/pcs-reviewed/print-tee-black.jpg","print-tee-black","https://www.zalando.pl/zoo-york-t-shirt-z-nadrukiem-black-1zo22o00j-q11.html","本地存在且哈希一致","已校对 Mock 品类/颜色实拍；不作为真实实物身份或尺寸凭据"
"款式","STYLE-PRJ-202603-002","通勤直筒西裤","Black","/materials/pcs-reviewed/trousers-black.jpg","trousers-black","https://suitsupply.com/en-us/men/trousers/suit-trousers","本地存在且哈希一致","已校对 Mock 品类/颜色实拍；不作为真实实物身份或尺寸凭据"
"款式","STYLE-PRJ-202603-001","法式碎花连衣裙","Black","/materials/pcs-reviewed/dress-floral-black.jpg","dress-floral-black","https://www.pixiegirl.com/pixiegirl-petite-black-ditsy-floral-tie-front-midi-dress-226778-p","本地存在且哈希一致","已校对 Mock 品类/颜色实拍；不作为真实实物身份或尺寸凭据"
"款式","STYLE-PRJ-202604-014","修身弹力牛仔裤","Black","/materials/pcs-reviewed/jeans-black.jpg","jeans-black","https://www.celio.com/fr-fr/p/jean-slim-coton-stretch---noir/1130191.html","本地存在且哈希一致","已校对 Mock 品类/颜色实拍；不作为真实实物身份或尺寸凭据"
"款式","STYLE-PRJ-202604-013","镂空蕾丝拼接上衣","Black","/materials/pcs-reviewed/lace-top-black.jpg","lace-top-black","https://bovera.jp/products/cotton-lace-blouse","本地存在且哈希一致","已校对 Mock 品类/颜色实拍；不作为真实实物身份或尺寸凭据"
"款式","STYLE-PRJ-202604-012","秋冬加绒卫裤","Black","/materials/pcs-reviewed/jogger-black.jpg","jogger-black","https://www.walmart.com/ip/682669963","本地存在且哈希一致","已校对 Mock 品类/颜色实拍；不作为真实实物身份或尺寸凭据"
"款式","STYLE-PRJ-202604-011","通勤薄款针织开衫","Black","/materials/pcs-reviewed/cardigan-black.jpg","cardigan-black","https://www.walmart.com/ip/3514105604","本地存在且哈希一致","已校对 Mock 品类/颜色实拍；不作为真实实物身份或尺寸凭据"
"款式","STYLE-PRJ-202604-009","夏威夷风度假衬衫","Black","/materials/pcs-reviewed/hawaii-black.jpg","hawaii-black","https://www.kykushirts.com/product/kyku-hawaiian-mens-shirts-casual-beach-vacation-tropical-mens-button-down-short-sleeve-shirt-with-pockettree-black-men-hawaiian-button-shirt/","本地存在且哈希一致","已校对 Mock 品类/颜色实拍；不作为真实实物身份或尺寸凭据"
"款式","STYLE-PRJ-202604-008","情侣款牛仔短裤","Black","/materials/pcs-reviewed/shorts-black.jpg","shorts-black","https://clothbase.com/items/06a15bb6_nudie-jeans-seth-straight-leg-denim-shorts-black_nudie-jeans-co","本地存在且哈希一致","已校对 Mock 品类/颜色实拍；不作为真实实物身份或尺寸凭据"
"款式","STYLE-PRJ-202604-007","民族风刺绣连衣裙","Black","/materials/pcs-reviewed/embroidered-dress-black.jpg","embroidered-dress-black","https://www.walmart.com/ip/16875671302","本地存在且哈希一致","已校对 Mock 品类/颜色实拍；不作为真实实物身份或尺寸凭据"
"款式","STYLE-PRJ-202604-006","工装束脚口运动裤","Black","/materials/pcs-reviewed/cargo-black.jpg","cargo-black","https://www.walmart.com/c/kp/mens-cargo-joggers","本地存在且哈希一致","已校对 Mock 品类/颜色实拍；不作为真实实物身份或尺寸凭据"
"款式","STYLE-PRJ-202604-005","蕾丝拼接晚宴裙","Black","/materials/pcs-reviewed/lace-dress-black.jpg","lace-dress-black","https://www.nordstromrack.com/s/dress-the-population-gianna-lace-panel-crepe-eveninggown/8097828","本地存在且哈希一致","已校对 Mock 品类/颜色实拍；不作为真实实物身份或尺寸凭据"
"款式","STYLE-PRJ-202604-004","简约通勤A字裙","Black","/materials/pcs-reviewed/aline-black.jpg","aline-black","https://cassandra.dk/products/mads-norgaard-recycled-sportina-stelly-skirt-fav-black","本地存在且哈希一致","已校对 Mock 品类/颜色实拍；不作为真实实物身份或尺寸凭据"
"款式","STYLE-PRJ-202604-003","秋冬重磅卫衣","Black","/materials/pcs-reviewed/sweat-black.jpg","sweat-black","https://www.independenttradingco.com/products/10oz-heavyweight-crew-8","本地存在且哈希一致","已校对 Mock 品类/颜色实拍；不作为真实实物身份或尺寸凭据"
"款式","STYLE-PRJ-202604-002","Kemeja Flanel Pria 格子衬衫","Black","/materials/pcs-reviewed/flannel-black.jpg","flannel-black","https://www.walmart.com/ip/BRAHMA-WORK-FLANNEL/15338562452","本地存在且哈希一致","已校对 Mock 品类/颜色实拍；不作为真实实物身份或尺寸凭据"
"款式","ASYSA26060310","女式基础圆领短袖","Black","/materials/pcs-reviewed/tee-black.jpg","tee-black","https://www.thewarehouse.co.nz/p/hh-womens-essential-short-sleeve-crew-neck-tee/RM110161302-1M.html","本地存在且哈希一致","已校对 Mock 品类/颜色实拍；不作为真实实物身份或尺寸凭据"
"款式","STYLE-PRJ-202604-001","夏季棉麻度假裙","Black","/materials/pcs-reviewed/linen-dress-black.jpg","linen-dress-black","https://www.walmart.com/ip/16682320618","本地存在且哈希一致","已校对 Mock 品类/颜色实拍；不作为真实实物身份或尺寸凭据"
"款式","STYLE-PRJ-202603-013","Celana Panjang Formal 正装西裤","Black","/materials/pcs-reviewed/trousers-black.jpg","trousers-black","https://suitsupply.com/en-us/men/trousers/suit-trousers","本地存在且哈希一致","已校对 Mock 品类/颜色实拍；不作为真实实物身份或尺寸凭据"
"款式","SPU-2026-018","设计款印花阔腿连体裤","Black","/materials/pcs-reviewed/jumpsuit-black.jpg","jumpsuit-black","https://www.tsc.ca/Nina-Leonard-Printed-Jumpsuit/pages/productdetails?nav=R%3A228149","本地存在且哈希一致","已校对 Mock 品类/颜色实拍；不作为真实实物身份或尺寸凭据"
"款式","SPU-2024-001","春季休闲T恤","White","/materials/pcs-reviewed/tee-white.jpg","tee-white","https://www.thewarehouse.co.nz/p/hh-womens-essential-short-sleeve-crew-neck-tee/RM110161302-3M.html","本地存在且哈希一致","已校对 Mock 品类/颜色实拍；不作为真实实物身份或尺寸凭据"
"款式","SPU-SHIRT-086","商务修身长袖衬衫","蓝白印花","/materials/pcs-reviewed/shirt-floral-blue.jpg","shirt-floral-blue","https://www.frenchconnection.com/products/long-sleeve-slim-fit-faded-flower-print-shirt-blue-multi","本地存在且哈希一致","已校对 Mock 品类/颜色实拍；不作为真实实物身份或尺寸凭据"
"款式","SPU-JACKET-085","户外轻量夹克","军绿","/materials/pcs-reviewed/jacket-army.jpg","jacket-army","https://northfinder.com/hu/1625-jackets","本地存在且哈希一致","已校对 Mock 品类/颜色实拍；不作为真实实物身份或尺寸凭据"
"款式","SPU-TEE-084","毛织撞色短袖上衣","珊瑚粉","/materials/pcs-reviewed/knit-coral.jpg","knit-coral","https://www.bluechicboutique.com/products/coral-and-pink-short-sleeve-sweater-1","本地存在且哈希一致","已校对 Mock 品类/颜色实拍；不作为真实实物身份或尺寸凭据"
"款式","SPU-DRESS-083","春季定位印花连衣裙","Red","/materials/pcs-reviewed/dress-red-print.jpg","dress-red-print","https://www.dames.ro/rochie-rosie-casual-cu-decolteu-in-v-imprimata-cu-model-floral.html","本地存在且哈希一致","已校对 Mock 品类/颜色实拍；不作为真实实物身份或尺寸凭据"
"款式","SPU-HOODIE-082","连帽拉链卫衣","雾霾灰","/materials/pcs-reviewed/hood-grey.jpg","hood-grey","https://ascolour.com/relax-zip-hood-5162/","本地存在且哈希一致","已校对 Mock 品类/颜色实拍；不作为真实实物身份或尺寸凭据"
"款式","SPU-TSHIRT-081","春季休闲印花短袖 T 恤","White","/materials/pcs-reviewed/print-tee-white.jpg","print-tee-white","https://th.hm.com/th_en/regular-fit-t-shirt-0973277063.html","本地存在且哈希一致","已校对 Mock 品类/颜色实拍；不作为真实实物身份或尺寸凭据"
"款式","SPU-2024-017","Celana Pendek Pria","Navy","/materials/pcs-reviewed/shorts-navy.jpg","shorts-navy","https://www.atmosferasport.es/jackjones/pantalon-jack-and-jones-jpstjaiden-campaign-hybridbondi-srt-dark-navy-hombre-139924.html","本地存在且哈希一致","已校对 Mock 品类/颜色实拍；不作为真实实物身份或尺寸凭据"
"款式","SPU-2024-015","Kemeja Linen Pria","White","/materials/pcs-reviewed/linen-white.jpg","linen-white","https://www.muji.com/my/products/cmdty/detail/4550584638138","本地存在且哈希一致","已校对 Mock 品类/颜色实拍；不作为真实实物身份或尺寸凭据"
"款式","SPU-2024-008","Kemeja Flanel Pria","Plaid Blue","/materials/pcs-reviewed/flannel-blue.jpg","flannel-blue","https://www.samsclub.com/ip/Eddie-Bauer-Men-s-Bristol-Flannel-Shirt/13598050160","本地存在且哈希一致","已校对 Mock 品类/颜色实拍；不作为真实实物身份或尺寸凭据"
"款式","SPU-2024-014","Rompi Pria Casual","Green","/materials/pcs-reviewed/vest-green.jpg","vest-green","https://www.brandsforless.com/en-ae/pull-and-bear-x-stwd-men-solid-vest-jacket-green/1879638/p/","本地存在且哈希一致","已校对 Mock 品类/颜色实拍；不作为真实实物身份或尺寸凭据"
"款式","SPU-2024-005","Jaket Hoodie Unisex","Grey","/materials/pcs-reviewed/hood-grey.jpg","hood-grey","https://ascolour.com/relax-zip-hood-5162/","本地存在且哈希一致","已校对 Mock 品类/颜色实拍；不作为真实实物身份或尺寸凭据"
"款式","SPU-2024-013","Jas Pria Formal","Navy","/materials/pcs-reviewed/suit-navy.jpg","suit-navy","https://m.lotteimall.com/goods/viewGoodsDetail.lotte?goods_no=2915048812","本地存在且哈希一致","已校对 Mock 品类/颜色实拍；不作为真实实物身份或尺寸凭据"
"款式","SPU-2024-004","Kaos Polos Premium","White","/materials/pcs-reviewed/tee-white.jpg","tee-white","https://www.thewarehouse.co.nz/p/hh-womens-essential-short-sleeve-crew-neck-tee/RM110161302-3M.html","本地存在且哈希一致","已校对 Mock 品类/颜色实拍；不作为真实实物身份或尺寸凭据"
"款式","SPU-2024-010","Celana Jogger Pria","Black","/materials/pcs-reviewed/jogger-black.jpg","jogger-black","https://www.walmart.com/ip/682669963","本地存在且哈希一致","已校对 Mock 品类/颜色实拍；不作为真实实物身份或尺寸凭据"
"款式","SPU-2024-012","Cardigan Wanita","Beige","/materials/pcs-reviewed/cardigan-beige.jpg","cardigan-beige","https://www.walmart.com/ip/15302453426","本地存在且哈希一致","已校对 Mock 品类/颜色实拍；不作为真实实物身份或尺寸凭据"
"款式","SPU-2024-003","Celana Panjang Formal","Navy","/materials/pcs-reviewed/trousers-navy.jpg","trousers-navy","https://www.myntra.com/trousers/raymond/raymond-men-contemporary-fit-formal-trouser/28749478/buy","本地存在且哈希一致","已校对 Mock 品类/颜色实拍；不作为真实实物身份或尺寸凭据"
"款式","SPU-2024-016","Blus Wanita Satin","Champagne","/materials/pcs-reviewed/blouse-champagne.webp","blouse-champagne","https://co.ebay.com/b/Satin-Blouses-White-Tops-for-Women/53159/bn_100192078","本地存在且哈希一致","已校对 Mock 品类/颜色实拍；不作为真实实物身份或尺寸凭据"
"款式","SPU-2024-011","Sweater Rajut Wanita","Cream","/materials/pcs-reviewed/sweater-cream.jpg","sweater-cream","https://www2.hm.com/pl_pl/productpage.1197654004.html","本地存在且哈希一致","已校对 Mock 品类/颜色实拍；不作为真实实物身份或尺寸凭据"
"款式","SPU-2024-009","Polo Shirt Pique","White","/materials/pcs-reviewed/polo-white.jpg","polo-white","https://ascolour.com/chad-polo-5402/","本地存在且哈希一致","已校对 Mock 品类/颜色实拍；不作为真实实物身份或尺寸凭据"
"成衣 SKU","SPU-QC-001-01","后道验收衬衫","黑色","/materials/pcs-reviewed/shirt-black.jpg","shirt-black","https://business.walmart.com/ip/sogami-Long-Sleeve-Cotton-Dress-Shirts-for-Men-Button-Down-Shirt-Regular-Fit/5326204783","本地存在且哈希一致","已校对 Mock 品类/颜色实拍；不作为真实实物身份或尺寸凭据"
"成衣 SKU","SPU-QC-001-02","后道验收衬衫","白色","/materials/pcs-reviewed/linen-white.jpg","linen-white","https://www.muji.com/my/products/cmdty/detail/4550584638138","本地存在且哈希一致","已校对 Mock 品类/颜色实拍；不作为真实实物身份或尺寸凭据"
"成衣 SKU","SPU-QC-001-03","后道验收衬衫","雾蓝","/materials/pcs-reviewed/shirt-blue.jpg","shirt-blue","https://www.yoox.com/au/10708392XR/item","本地存在且哈希一致","已校对 Mock 品类/颜色实拍；不作为真实实物身份或尺寸凭据"
"成衣 SKU","SPU-QC-001-04","后道验收衬衫","卡其","/materials/pcs-reviewed/shirt-khaki.jpg","shirt-khaki","https://www.cymot.com/en/protective-equipment/body-protection/work-and-leisure-wear/lkshtli-jonsson-legendary-long-sleeve-one-pocket-shirt","本地存在且哈希一致","已校对 Mock 品类/颜色实拍；不作为真实实物身份或尺寸凭据"
"成衣 SKU","SPU-QC-001-05","后道验收衬衫","酒红","/materials/pcs-reviewed/shirt-wine.jpg","shirt-wine","https://www.zalando.fr/pier-one-chemise-bordeaux-pi922da31-g12.html","本地存在且哈希一致","已校对 Mock 品类/颜色实拍；不作为真实实物身份或尺寸凭据"
"成衣 SKU","SPU-QC-002-01","后道验收连衣裙","黑色","/materials/pcs-reviewed/casual-dress-black.jpg","casual-dress-black","https://gate.shop/cz/damske-bavlnene-mini-saty-7","本地存在且哈希一致","已校对 Mock 品类/颜色实拍；不作为真实实物身份或尺寸凭据"
"成衣 SKU","SPU-QC-002-02","后道验收连衣裙","白色","/materials/pcs-reviewed/casual-dress-white.jpg","casual-dress-white","https://www.walmart.com/ip/5605721813","本地存在且哈希一致","已校对 Mock 品类/颜色实拍；不作为真实实物身份或尺寸凭据"
"成衣 SKU","SPU-QC-002-03","后道验收连衣裙","雾蓝","/materials/pcs-reviewed/dress-blue.jpg","dress-blue","https://poshmark.com/listing/Zenana-Outfitters-Dusty-Blue-Midi-Dress-687530053509d1d8fb792cdf","本地存在且哈希一致","已校对 Mock 品类/颜色实拍；不作为真实实物身份或尺寸凭据"
"成衣 SKU","SPU-QC-002-04","后道验收连衣裙","卡其","/materials/pcs-reviewed/dress-khaki.jpg","dress-khaki","https://www.nordstromrack.com/s/theory-ruched-side-short-sleeve-dress/8530628","本地存在且哈希一致","已校对 Mock 品类/颜色实拍；不作为真实实物身份或尺寸凭据"
"成衣 SKU","SPU-QC-002-05","后道验收连衣裙","酒红","/materials/pcs-reviewed/dress-wine.jpg","dress-wine","https://ca.shein.com/SHEIN-Frenchy-Women-Burgundy-Red-Summer-Casual-Long-Dress-Short-Sleeve-Round-Neck-Simple-Minimalist-Work-Office-Clothes-Old-Money-Brunch-Vacation-Holiday-p-38735383.html","本地存在且哈希一致","已校对 Mock 品类/颜色实拍；不作为真实实物身份或尺寸凭据"
"成衣 SKU","SPU-QC-003-01","后道验收外套","黑色","/materials/pcs-reviewed/jacket-black.jpg","jacket-black","https://www.evolveclothing.com/en/Tommy-Hilfiger-Mens-Lightweight-Blouson-Jacket---Black/m-24834.aspx","本地存在且哈希一致","已校对 Mock 品类/颜色实拍；不作为真实实物身份或尺寸凭据"
"成衣 SKU","SPU-QC-003-02","后道验收外套","白色","/materials/pcs-reviewed/jacket-white.jpg","jacket-white","https://www.walmart.com/ip/17811824595","本地存在且哈希一致","已校对 Mock 品类/颜色实拍；不作为真实实物身份或尺寸凭据"
"成衣 SKU","SPU-QC-003-03","后道验收外套","雾蓝","/materials/pcs-reviewed/jacket-blue.jpg","jacket-blue","https://clothbase.com/items/72788fdb_nanushka-theo-stretch-cotton-twill-chore-jacket-blue_nanushka","本地存在且哈希一致","已校对 Mock 品类/颜色实拍；不作为真实实物身份或尺寸凭据"
"成衣 SKU","SPU-QC-003-04","后道验收外套","卡其","/materials/pcs-reviewed/jacket-khaki.jpg","jacket-khaki","https://www.walmart.com/ip/10514324931","本地存在且哈希一致","已校对 Mock 品类/颜色实拍；不作为真实实物身份或尺寸凭据"
"成衣 SKU","SPU-QC-003-05","后道验收外套","酒红","/materials/pcs-reviewed/jacket-wine.jpg","jacket-wine","https://store.flylinking.com/g/DCS4WMTGBJ","本地存在且哈希一致","已校对 Mock 品类/颜色实拍；不作为真实实物身份或尺寸凭据"
"成衣 SKU","STYLE-PRJ-202603-012-BLA-S","Kaos Polos Premium 高端纯色T恤","Black","/materials/pcs-reviewed/tee-black.jpg","tee-black","https://www.thewarehouse.co.nz/p/hh-womens-essential-short-sleeve-crew-neck-tee/RM110161302-1M.html","本地存在且哈希一致","已校对 Mock 品类/颜色实拍；不作为真实实物身份或尺寸凭据"
"成衣 SKU","STYLE-PRJ-202603-012-BLA-M","Kaos Polos Premium 高端纯色T恤","Black","/materials/pcs-reviewed/tee-black.jpg","tee-black","https://www.thewarehouse.co.nz/p/hh-womens-essential-short-sleeve-crew-neck-tee/RM110161302-1M.html","本地存在且哈希一致","已校对 Mock 品类/颜色实拍；不作为真实实物身份或尺寸凭据"
"成衣 SKU","STYLE-PRJ-202603-012-WHI-S","Kaos Polos Premium 高端纯色T恤","White","/materials/pcs-reviewed/tee-white.jpg","tee-white","https://www.thewarehouse.co.nz/p/hh-womens-essential-short-sleeve-crew-neck-tee/RM110161302-3M.html","本地存在且哈希一致","已校对 Mock 品类/颜色实拍；不作为真实实物身份或尺寸凭据"
"成衣 SKU","STYLE-PRJ-202603-012-WHI-M","Kaos Polos Premium 高端纯色T恤","White","/materials/pcs-reviewed/tee-white.jpg","tee-white","https://www.thewarehouse.co.nz/p/hh-womens-essential-short-sleeve-crew-neck-tee/RM110161302-3M.html","本地存在且哈希一致","已校对 Mock 品类/颜色实拍；不作为真实实物身份或尺寸凭据"
"成衣 SKU","STYLE-PRJ-202603-011-BLA-S","Jaket Hoodie Unisex 连帽夹克","Black","/materials/pcs-reviewed/hood-black.jpg","hood-black","https://www.celio.com/en-fr/p/100-cotton-hooded-jacket---black/1186096.html","本地存在且哈希一致","已校对 Mock 品类/颜色实拍；不作为真实实物身份或尺寸凭据"
"成衣 SKU","STYLE-PRJ-202603-011-BLA-M","Jaket Hoodie Unisex 连帽夹克","Black","/materials/pcs-reviewed/hood-black.jpg","hood-black","https://www.celio.com/en-fr/p/100-cotton-hooded-jacket---black/1186096.html","本地存在且哈希一致","已校对 Mock 品类/颜色实拍；不作为真实实物身份或尺寸凭据"
"成衣 SKU","STYLE-PRJ-202603-011-WHI-S","Jaket Hoodie Unisex 连帽夹克","White","/materials/pcs-reviewed/hood-white.jpg","hood-white","https://www.tatacliq.com/van-heusen-white-cotton-regular-fit-hooded-jacket/p-mp000000023490266","本地存在且哈希一致","已校对 Mock 品类/颜色实拍；不作为真实实物身份或尺寸凭据"
"成衣 SKU","STYLE-PRJ-202603-011-WHI-M","Jaket Hoodie Unisex 连帽夹克","White","/materials/pcs-reviewed/hood-white.jpg","hood-white","https://www.tatacliq.com/van-heusen-white-cotton-regular-fit-hooded-jacket/p-mp000000023490266","本地存在且哈希一致","已校对 Mock 品类/颜色实拍；不作为真实实物身份或尺寸凭据"
"成衣 SKU","STYLE-PRJ-202603-010-BLA-S","Blazer Wanita Formal 女装正装外套","Black","/materials/pcs-reviewed/blazer-black.jpg","blazer-black","https://www.rolando.co.za/Shop/Shop?strCategories=s42&strPageHeader=Ladies+Formal+Jackets","本地存在且哈希一致","已校对 Mock 品类/颜色实拍；不作为真实实物身份或尺寸凭据"
"成衣 SKU","STYLE-PRJ-202603-010-BLA-M","Blazer Wanita Formal 女装正装外套","Black","/materials/pcs-reviewed/blazer-black.jpg","blazer-black","https://www.rolando.co.za/Shop/Shop?strCategories=s42&strPageHeader=Ladies+Formal+Jackets","本地存在且哈希一致","已校对 Mock 品类/颜色实拍；不作为真实实物身份或尺寸凭据"
"成衣 SKU","STYLE-PRJ-202603-010-WHI-S","Blazer Wanita Formal 女装正装外套","White","/materials/pcs-reviewed/blazer-white.png","blazer-white","https://www.riani.com/de_en/shop-riani/categories/blazer","本地存在且哈希一致","已校对 Mock 品类/颜色实拍；不作为真实实物身份或尺寸凭据"
"成衣 SKU","STYLE-PRJ-202603-010-WHI-M","Blazer Wanita Formal 女装正装外套","White","/materials/pcs-reviewed/blazer-white.png","blazer-white","https://www.riani.com/de_en/shop-riani/categories/blazer","本地存在且哈希一致","已校对 Mock 品类/颜色实拍；不作为真实实物身份或尺寸凭据"
"成衣 SKU","STYLE-PRJ-202603-009-BLA-S","Rok Mini Plisket 百褶短裙","Black","/materials/pcs-reviewed/pleated-black.jpg","pleated-black","https://www.uniqlo.com/us/en/products/E458051-000/00?colorDisplayCode=09","本地存在且哈希一致","已校对 Mock 品类/颜色实拍；不作为真实实物身份或尺寸凭据"
"成衣 SKU","STYLE-PRJ-202603-009-BLA-M","Rok Mini Plisket 百褶短裙","Black","/materials/pcs-reviewed/pleated-black.jpg","pleated-black","https://www.uniqlo.com/us/en/products/E458051-000/00?colorDisplayCode=09","本地存在且哈希一致","已校对 Mock 品类/颜色实拍；不作为真实实物身份或尺寸凭据"
"成衣 SKU","STYLE-PRJ-202603-009-WHI-S","Rok Mini Plisket 百褶短裙","White","/materials/pcs-reviewed/pleated-white.jpg","pleated-white","https://www.uniqlo.com/us/en/products/E458051-000/00?colorDisplayCode=00","本地存在且哈希一致","已校对 Mock 品类/颜色实拍；不作为真实实物身份或尺寸凭据"
"成衣 SKU","STYLE-PRJ-202603-009-WHI-M","Rok Mini Plisket 百褶短裙","White","/materials/pcs-reviewed/pleated-white.jpg","pleated-white","https://www.uniqlo.com/us/en/products/E458051-000/00?colorDisplayCode=00","本地存在且哈希一致","已校对 Mock 品类/颜色实拍；不作为真实实物身份或尺寸凭据"
"成衣 SKU","STYLE-PRJ-202603-008-BLA-S","男士休闲长裤","Black","/materials/pcs-reviewed/trousers-black.jpg","trousers-black","https://suitsupply.com/en-us/men/trousers/suit-trousers","本地存在且哈希一致","已校对 Mock 品类/颜色实拍；不作为真实实物身份或尺寸凭据"
"成衣 SKU","STYLE-PRJ-202603-008-BLA-M","男士休闲长裤","Black","/materials/pcs-reviewed/trousers-black.jpg","trousers-black","https://suitsupply.com/en-us/men/trousers/suit-trousers","本地存在且哈希一致","已校对 Mock 品类/颜色实拍；不作为真实实物身份或尺寸凭据"
"成衣 SKU","STYLE-PRJ-202603-008-WHI-S","男士休闲长裤","White","/materials/pcs-reviewed/trousers-white.jpg","trousers-white","https://mogusuit.com/products/mogu-mens-slim-fit-flat-front-pants-solid-color","本地存在且哈希一致","已校对 Mock 品类/颜色实拍；不作为真实实物身份或尺寸凭据"
"成衣 SKU","STYLE-PRJ-202603-008-WHI-M","男士休闲长裤","White","/materials/pcs-reviewed/trousers-white.jpg","trousers-white","https://mogusuit.com/products/mogu-mens-slim-fit-flat-front-pants-solid-color","本地存在且哈希一致","已校对 Mock 品类/颜色实拍；不作为真实实物身份或尺寸凭据"
"成衣 SKU","STYLE-PRJ-202603-007-BLA-S","Dress Wanita Casual 休闲连衣短裙","Black","/materials/pcs-reviewed/casual-dress-black.jpg","casual-dress-black","https://gate.shop/cz/damske-bavlnene-mini-saty-7","本地存在且哈希一致","已校对 Mock 品类/颜色实拍；不作为真实实物身份或尺寸凭据"
"成衣 SKU","STYLE-PRJ-202603-007-BLA-M","Dress Wanita Casual 休闲连衣短裙","Black","/materials/pcs-reviewed/casual-dress-black.jpg","casual-dress-black","https://gate.shop/cz/damske-bavlnene-mini-saty-7","本地存在且哈希一致","已校对 Mock 品类/颜色实拍；不作为真实实物身份或尺寸凭据"
"成衣 SKU","STYLE-PRJ-202603-007-WHI-S","Dress Wanita Casual 休闲连衣短裙","White","/materials/pcs-reviewed/casual-dress-white.jpg","casual-dress-white","https://www.walmart.com/ip/5605721813","本地存在且哈希一致","已校对 Mock 品类/颜色实拍；不作为真实实物身份或尺寸凭据"
"成衣 SKU","STYLE-PRJ-202603-007-WHI-M","Dress Wanita Casual 休闲连衣短裙","White","/materials/pcs-reviewed/casual-dress-white.jpg","casual-dress-white","https://www.walmart.com/ip/5605721813","本地存在且哈希一致","已校对 Mock 品类/颜色实拍；不作为真实实物身份或尺寸凭据"
"成衣 SKU","STYLE-PRJ-202603-006-BLA-S","Kemeja Batik Pria Modern 现代蜡染衬衫","Black","/materials/pcs-reviewed/batik-black.jpg","batik-black","https://hadinatabatik.com/products/hadinata-batik-pria-kemeja-pendek-slimfit-ranvir-ranita","本地存在且哈希一致","已校对 Mock 品类/颜色实拍；不作为真实实物身份或尺寸凭据"
"成衣 SKU","STYLE-PRJ-202603-006-BLA-M","Kemeja Batik Pria Modern 现代蜡染衬衫","Black","/materials/pcs-reviewed/batik-black.jpg","batik-black","https://hadinatabatik.com/products/hadinata-batik-pria-kemeja-pendek-slimfit-ranvir-ranita","本地存在且哈希一致","已校对 Mock 品类/颜色实拍；不作为真实实物身份或尺寸凭据"
"成衣 SKU","STYLE-PRJ-202603-006-WHI-S","Kemeja Batik Pria Modern 现代蜡染衬衫","White","/materials/pcs-reviewed/batik-white.jpg","batik-white","https://shopee.sg/KEMEJA-PUTIH-White-jasko-batik-shirt-~-white-men%27s-batik-short-sleeve-shirt-i.270020438.29614708201","本地存在且哈希一致","已校对 Mock 品类/颜色实拍；不作为真实实物身份或尺寸凭据"
"成衣 SKU","STYLE-PRJ-202603-006-WHI-M","Kemeja Batik Pria Modern 现代蜡染衬衫","White","/materials/pcs-reviewed/batik-white.jpg","batik-white","https://shopee.sg/KEMEJA-PUTIH-White-jasko-batik-shirt-~-white-men%27s-batik-short-sleeve-shirt-i.270020438.29614708201","本地存在且哈希一致","已校对 Mock 品类/颜色实拍；不作为真实实物身份或尺寸凭据"
"成衣 SKU","STYLE-PRJ-202603-005-BLA-S","Celana Jogger Pria 运动裤","Black","/materials/pcs-reviewed/jogger-black.jpg","jogger-black","https://www.walmart.com/ip/682669963","本地存在且哈希一致","已校对 Mock 品类/颜色实拍；不作为真实实物身份或尺寸凭据"
"成衣 SKU","STYLE-PRJ-202603-005-BLA-M","Celana Jogger Pria 运动裤","Black","/materials/pcs-reviewed/jogger-black.jpg","jogger-black","https://www.walmart.com/ip/682669963","本地存在且哈希一致","已校对 Mock 品类/颜色实拍；不作为真实实物身份或尺寸凭据"
"成衣 SKU","STYLE-PRJ-202603-005-WHI-S","Celana Jogger Pria 运动裤","White","/materials/pcs-reviewed/jogger-white.jpg","jogger-white","https://www.sportchek.ca/en/pdp/nike-sportswear-men-s-club-fleece-2-0-jogger-pants-83748647f.html","本地存在且哈希一致","已校对 Mock 品类/颜色实拍；不作为真实实物身份或尺寸凭据"
"成衣 SKU","STYLE-PRJ-202603-005-WHI-M","Celana Jogger Pria 运动裤","White","/materials/pcs-reviewed/jogger-white.jpg","jogger-white","https://www.sportchek.ca/en/pdp/nike-sportswear-men-s-club-fleece-2-0-jogger-pants-83748647f.html","本地存在且哈希一致","已校对 Mock 品类/颜色实拍；不作为真实实物身份或尺寸凭据"
"成衣 SKU","STYLE-PRJ-202603-004-BLA-S","Polo Shirt Pique 男装","Black","/materials/pcs-reviewed/polo-black.webp","polo-black","https://ascolour.com/chad-polo-5402/","本地存在且哈希一致","已校对 Mock 品类/颜色实拍；不作为真实实物身份或尺寸凭据"
"成衣 SKU","STYLE-PRJ-202603-004-BLA-M","Polo Shirt Pique 男装","Black","/materials/pcs-reviewed/polo-black.webp","polo-black","https://ascolour.com/chad-polo-5402/","本地存在且哈希一致","已校对 Mock 品类/颜色实拍；不作为真实实物身份或尺寸凭据"
"成衣 SKU","STYLE-PRJ-202603-004-WHI-S","Polo Shirt Pique 男装","White","/materials/pcs-reviewed/polo-white.jpg","polo-white","https://ascolour.com/chad-polo-5402/","本地存在且哈希一致","已校对 Mock 品类/颜色实拍；不作为真实实物身份或尺寸凭据"
"成衣 SKU","STYLE-PRJ-202603-004-WHI-M","Polo Shirt Pique 男装","White","/materials/pcs-reviewed/polo-white.jpg","polo-white","https://ascolour.com/chad-polo-5402/","本地存在且哈希一致","已校对 Mock 品类/颜色实拍；不作为真实实物身份或尺寸凭据"
"成衣 SKU","STYLE-PRJ-202603-003-BLA-S","春季休闲印花短袖T恤","Black","/materials/pcs-reviewed/print-tee-black.jpg","print-tee-black","https://www.zalando.pl/zoo-york-t-shirt-z-nadrukiem-black-1zo22o00j-q11.html","本地存在且哈希一致","已校对 Mock 品类/颜色实拍；不作为真实实物身份或尺寸凭据"
"成衣 SKU","STYLE-PRJ-202603-003-BLA-M","春季休闲印花短袖T恤","Black","/materials/pcs-reviewed/print-tee-black.jpg","print-tee-black","https://www.zalando.pl/zoo-york-t-shirt-z-nadrukiem-black-1zo22o00j-q11.html","本地存在且哈希一致","已校对 Mock 品类/颜色实拍；不作为真实实物身份或尺寸凭据"
"成衣 SKU","STYLE-PRJ-202603-003-WHI-S","春季休闲印花短袖T恤","White","/materials/pcs-reviewed/print-tee-white.jpg","print-tee-white","https://th.hm.com/th_en/regular-fit-t-shirt-0973277063.html","本地存在且哈希一致","已校对 Mock 品类/颜色实拍；不作为真实实物身份或尺寸凭据"
"成衣 SKU","STYLE-PRJ-202603-003-WHI-M","春季休闲印花短袖T恤","White","/materials/pcs-reviewed/print-tee-white.jpg","print-tee-white","https://th.hm.com/th_en/regular-fit-t-shirt-0973277063.html","本地存在且哈希一致","已校对 Mock 品类/颜色实拍；不作为真实实物身份或尺寸凭据"
"成衣 SKU","STYLE-PRJ-202603-002-BLA-S","通勤直筒西裤","Black","/materials/pcs-reviewed/trousers-black.jpg","trousers-black","https://suitsupply.com/en-us/men/trousers/suit-trousers","本地存在且哈希一致","已校对 Mock 品类/颜色实拍；不作为真实实物身份或尺寸凭据"
"成衣 SKU","STYLE-PRJ-202603-002-BLA-M","通勤直筒西裤","Black","/materials/pcs-reviewed/trousers-black.jpg","trousers-black","https://suitsupply.com/en-us/men/trousers/suit-trousers","本地存在且哈希一致","已校对 Mock 品类/颜色实拍；不作为真实实物身份或尺寸凭据"
"成衣 SKU","STYLE-PRJ-202603-002-WHI-S","通勤直筒西裤","White","/materials/pcs-reviewed/trousers-white.jpg","trousers-white","https://mogusuit.com/products/mogu-mens-slim-fit-flat-front-pants-solid-color","本地存在且哈希一致","已校对 Mock 品类/颜色实拍；不作为真实实物身份或尺寸凭据"
"成衣 SKU","STYLE-PRJ-202603-002-WHI-M","通勤直筒西裤","White","/materials/pcs-reviewed/trousers-white.jpg","trousers-white","https://mogusuit.com/products/mogu-mens-slim-fit-flat-front-pants-solid-color","本地存在且哈希一致","已校对 Mock 品类/颜色实拍；不作为真实实物身份或尺寸凭据"
"成衣 SKU","STYLE-PRJ-202603-001-BLA-S","法式碎花连衣裙","Black","/materials/pcs-reviewed/dress-floral-black.jpg","dress-floral-black","https://www.pixiegirl.com/pixiegirl-petite-black-ditsy-floral-tie-front-midi-dress-226778-p","本地存在且哈希一致","已校对 Mock 品类/颜色实拍；不作为真实实物身份或尺寸凭据"
"成衣 SKU","STYLE-PRJ-202603-001-BLA-M","法式碎花连衣裙","Black","/materials/pcs-reviewed/dress-floral-black.jpg","dress-floral-black","https://www.pixiegirl.com/pixiegirl-petite-black-ditsy-floral-tie-front-midi-dress-226778-p","本地存在且哈希一致","已校对 Mock 品类/颜色实拍；不作为真实实物身份或尺寸凭据"
"成衣 SKU","STYLE-PRJ-202603-001-WHI-S","法式碎花连衣裙","White","/materials/pcs-reviewed/dress-floral-white.jpg","dress-floral-white","https://www.dorothyperkins.com/product/dorothy-perkins-ditsy-button-front-shirred-waist-midi-dress_bqq17845","本地存在且哈希一致","已校对 Mock 品类/颜色实拍；不作为真实实物身份或尺寸凭据"
"成衣 SKU","STYLE-PRJ-202603-001-WHI-M","法式碎花连衣裙","White","/materials/pcs-reviewed/dress-floral-white.jpg","dress-floral-white","https://www.dorothyperkins.com/product/dorothy-perkins-ditsy-button-front-shirred-waist-midi-dress_bqq17845","本地存在且哈希一致","已校对 Mock 品类/颜色实拍；不作为真实实物身份或尺寸凭据"
"成衣 SKU","STYLE-PRJ-202604-014-BLA-S","修身弹力牛仔裤","Black","/materials/pcs-reviewed/jeans-black.jpg","jeans-black","https://www.celio.com/fr-fr/p/jean-slim-coton-stretch---noir/1130191.html","本地存在且哈希一致","已校对 Mock 品类/颜色实拍；不作为真实实物身份或尺寸凭据"
"成衣 SKU","STYLE-PRJ-202604-014-BLA-M","修身弹力牛仔裤","Black","/materials/pcs-reviewed/jeans-black.jpg","jeans-black","https://www.celio.com/fr-fr/p/jean-slim-coton-stretch---noir/1130191.html","本地存在且哈希一致","已校对 Mock 品类/颜色实拍；不作为真实实物身份或尺寸凭据"
"成衣 SKU","STYLE-PRJ-202604-014-WHI-S","修身弹力牛仔裤","White","/materials/pcs-reviewed/jeans-white.jpg","jeans-white","https://7forallmankind.com/products/luxe-performance-slimmy-clean-pocket-in-white","本地存在且哈希一致","已校对 Mock 品类/颜色实拍；不作为真实实物身份或尺寸凭据"
"成衣 SKU","STYLE-PRJ-202604-014-WHI-M","修身弹力牛仔裤","White","/materials/pcs-reviewed/jeans-white.jpg","jeans-white","https://7forallmankind.com/products/luxe-performance-slimmy-clean-pocket-in-white","本地存在且哈希一致","已校对 Mock 品类/颜色实拍；不作为真实实物身份或尺寸凭据"
"成衣 SKU","STYLE-PRJ-202604-013-BLA-S","镂空蕾丝拼接上衣","Black","/materials/pcs-reviewed/lace-top-black.jpg","lace-top-black","https://bovera.jp/products/cotton-lace-blouse","本地存在且哈希一致","已校对 Mock 品类/颜色实拍；不作为真实实物身份或尺寸凭据"
"成衣 SKU","STYLE-PRJ-202604-013-BLA-M","镂空蕾丝拼接上衣","Black","/materials/pcs-reviewed/lace-top-black.jpg","lace-top-black","https://bovera.jp/products/cotton-lace-blouse","本地存在且哈希一致","已校对 Mock 品类/颜色实拍；不作为真实实物身份或尺寸凭据"
"成衣 SKU","STYLE-PRJ-202604-013-WHI-S","镂空蕾丝拼接上衣","White","/materials/pcs-reviewed/lace-top-white.jpg","lace-top-white","https://bovera.jp/products/cotton-lace-blouse","本地存在且哈希一致","已校对 Mock 品类/颜色实拍；不作为真实实物身份或尺寸凭据"
"成衣 SKU","STYLE-PRJ-202604-013-WHI-M","镂空蕾丝拼接上衣","White","/materials/pcs-reviewed/lace-top-white.jpg","lace-top-white","https://bovera.jp/products/cotton-lace-blouse","本地存在且哈希一致","已校对 Mock 品类/颜色实拍；不作为真实实物身份或尺寸凭据"
"成衣 SKU","STYLE-PRJ-202604-012-BLA-S","秋冬加绒卫裤","Black","/materials/pcs-reviewed/jogger-black.jpg","jogger-black","https://www.walmart.com/ip/682669963","本地存在且哈希一致","已校对 Mock 品类/颜色实拍；不作为真实实物身份或尺寸凭据"
"成衣 SKU","STYLE-PRJ-202604-012-BLA-M","秋冬加绒卫裤","Black","/materials/pcs-reviewed/jogger-black.jpg","jogger-black","https://www.walmart.com/ip/682669963","本地存在且哈希一致","已校对 Mock 品类/颜色实拍；不作为真实实物身份或尺寸凭据"
"成衣 SKU","STYLE-PRJ-202604-012-WHI-S","秋冬加绒卫裤","White","/materials/pcs-reviewed/jogger-white.jpg","jogger-white","https://www.sportchek.ca/en/pdp/nike-sportswear-men-s-club-fleece-2-0-jogger-pants-83748647f.html","本地存在且哈希一致","已校对 Mock 品类/颜色实拍；不作为真实实物身份或尺寸凭据"
"成衣 SKU","STYLE-PRJ-202604-012-WHI-M","秋冬加绒卫裤","White","/materials/pcs-reviewed/jogger-white.jpg","jogger-white","https://www.sportchek.ca/en/pdp/nike-sportswear-men-s-club-fleece-2-0-jogger-pants-83748647f.html","本地存在且哈希一致","已校对 Mock 品类/颜色实拍；不作为真实实物身份或尺寸凭据"
"成衣 SKU","STYLE-PRJ-202604-011-BLA-S","通勤薄款针织开衫","Black","/materials/pcs-reviewed/cardigan-black.jpg","cardigan-black","https://www.walmart.com/ip/3514105604","本地存在且哈希一致","已校对 Mock 品类/颜色实拍；不作为真实实物身份或尺寸凭据"
"成衣 SKU","STYLE-PRJ-202604-011-BLA-M","通勤薄款针织开衫","Black","/materials/pcs-reviewed/cardigan-black.jpg","cardigan-black","https://www.walmart.com/ip/3514105604","本地存在且哈希一致","已校对 Mock 品类/颜色实拍；不作为真实实物身份或尺寸凭据"
"成衣 SKU","STYLE-PRJ-202604-011-WHI-S","通勤薄款针织开衫","White","/materials/pcs-reviewed/cardigan-white.jpg","cardigan-white","https://www.houseofbruar.com/ladies-pima-cotton-cardigan-white/","本地存在且哈希一致","已校对 Mock 品类/颜色实拍；不作为真实实物身份或尺寸凭据"
"成衣 SKU","STYLE-PRJ-202604-011-WHI-M","通勤薄款针织开衫","White","/materials/pcs-reviewed/cardigan-white.jpg","cardigan-white","https://www.houseofbruar.com/ladies-pima-cotton-cardigan-white/","本地存在且哈希一致","已校对 Mock 品类/颜色实拍；不作为真实实物身份或尺寸凭据"
"成衣 SKU","STYLE-PRJ-202604-009-BLA-S","夏威夷风度假衬衫","Black","/materials/pcs-reviewed/hawaii-black.jpg","hawaii-black","https://www.kykushirts.com/product/kyku-hawaiian-mens-shirts-casual-beach-vacation-tropical-mens-button-down-short-sleeve-shirt-with-pockettree-black-men-hawaiian-button-shirt/","本地存在且哈希一致","已校对 Mock 品类/颜色实拍；不作为真实实物身份或尺寸凭据"
"成衣 SKU","STYLE-PRJ-202604-009-BLA-M","夏威夷风度假衬衫","Black","/materials/pcs-reviewed/hawaii-black.jpg","hawaii-black","https://www.kykushirts.com/product/kyku-hawaiian-mens-shirts-casual-beach-vacation-tropical-mens-button-down-short-sleeve-shirt-with-pockettree-black-men-hawaiian-button-shirt/","本地存在且哈希一致","已校对 Mock 品类/颜色实拍；不作为真实实物身份或尺寸凭据"
"成衣 SKU","STYLE-PRJ-202604-009-WHI-S","夏威夷风度假衬衫","White","/materials/pcs-reviewed/hawaii-white.jpg","hawaii-white","https://www.target.com/p/-/A-92691575","本地存在且哈希一致","已校对 Mock 品类/颜色实拍；不作为真实实物身份或尺寸凭据"
"成衣 SKU","STYLE-PRJ-202604-009-WHI-M","夏威夷风度假衬衫","White","/materials/pcs-reviewed/hawaii-white.jpg","hawaii-white","https://www.target.com/p/-/A-92691575","本地存在且哈希一致","已校对 Mock 品类/颜色实拍；不作为真实实物身份或尺寸凭据"
"成衣 SKU","STYLE-PRJ-202604-008-BLA-S","情侣款牛仔短裤","Black","/materials/pcs-reviewed/shorts-black.jpg","shorts-black","https://clothbase.com/items/06a15bb6_nudie-jeans-seth-straight-leg-denim-shorts-black_nudie-jeans-co","本地存在且哈希一致","已校对 Mock 品类/颜色实拍；不作为真实实物身份或尺寸凭据"
"成衣 SKU","STYLE-PRJ-202604-008-BLA-M","情侣款牛仔短裤","Black","/materials/pcs-reviewed/shorts-black.jpg","shorts-black","https://clothbase.com/items/06a15bb6_nudie-jeans-seth-straight-leg-denim-shorts-black_nudie-jeans-co","本地存在且哈希一致","已校对 Mock 品类/颜色实拍；不作为真实实物身份或尺寸凭据"
"成衣 SKU","STYLE-PRJ-202604-008-WHI-S","情侣款牛仔短裤","White","/materials/pcs-reviewed/shorts-white.jpg","shorts-white","https://factory.jcrew.com/p/womens/categories/clothing/shorts/denim/classic-white-denim-short/BY129","本地存在且哈希一致","已校对 Mock 品类/颜色实拍；不作为真实实物身份或尺寸凭据"
"成衣 SKU","STYLE-PRJ-202604-008-WHI-M","情侣款牛仔短裤","White","/materials/pcs-reviewed/shorts-white.jpg","shorts-white","https://factory.jcrew.com/p/womens/categories/clothing/shorts/denim/classic-white-denim-short/BY129","本地存在且哈希一致","已校对 Mock 品类/颜色实拍；不作为真实实物身份或尺寸凭据"
"成衣 SKU","STYLE-PRJ-202604-007-BLA-S","民族风刺绣连衣裙","Black","/materials/pcs-reviewed/embroidered-dress-black.jpg","embroidered-dress-black","https://www.walmart.com/ip/16875671302","本地存在且哈希一致","已校对 Mock 品类/颜色实拍；不作为真实实物身份或尺寸凭据"
"成衣 SKU","STYLE-PRJ-202604-007-BLA-M","民族风刺绣连衣裙","Black","/materials/pcs-reviewed/embroidered-dress-black.jpg","embroidered-dress-black","https://www.walmart.com/ip/16875671302","本地存在且哈希一致","已校对 Mock 品类/颜色实拍；不作为真实实物身份或尺寸凭据"
"成衣 SKU","STYLE-PRJ-202604-007-WHI-S","民族风刺绣连衣裙","White","/materials/pcs-reviewed/embroidered-dress-white.jpg","embroidered-dress-white","https://www.indoera.in/","本地存在且哈希一致","已校对 Mock 品类/颜色实拍；不作为真实实物身份或尺寸凭据"
"成衣 SKU","STYLE-PRJ-202604-007-WHI-M","民族风刺绣连衣裙","White","/materials/pcs-reviewed/embroidered-dress-white.jpg","embroidered-dress-white","https://www.indoera.in/","本地存在且哈希一致","已校对 Mock 品类/颜色实拍；不作为真实实物身份或尺寸凭据"
"成衣 SKU","STYLE-PRJ-202604-006-BLA-S","工装束脚口运动裤","Black","/materials/pcs-reviewed/cargo-black.jpg","cargo-black","https://www.walmart.com/c/kp/mens-cargo-joggers","本地存在且哈希一致","已校对 Mock 品类/颜色实拍；不作为真实实物身份或尺寸凭据"
"成衣 SKU","STYLE-PRJ-202604-006-BLA-M","工装束脚口运动裤","Black","/materials/pcs-reviewed/cargo-black.jpg","cargo-black","https://www.walmart.com/c/kp/mens-cargo-joggers","本地存在且哈希一致","已校对 Mock 品类/颜色实拍；不作为真实实物身份或尺寸凭据"
"成衣 SKU","STYLE-PRJ-202604-006-WHI-S","工装束脚口运动裤","White","/materials/pcs-reviewed/cargo-white.jpg","cargo-white","https://www.walmart.com/ip/2347284384","本地存在且哈希一致","已校对 Mock 品类/颜色实拍；不作为真实实物身份或尺寸凭据"
"成衣 SKU","STYLE-PRJ-202604-006-WHI-M","工装束脚口运动裤","White","/materials/pcs-reviewed/cargo-white.jpg","cargo-white","https://www.walmart.com/ip/2347284384","本地存在且哈希一致","已校对 Mock 品类/颜色实拍；不作为真实实物身份或尺寸凭据"
"成衣 SKU","STYLE-PRJ-202604-005-BLA-S","蕾丝拼接晚宴裙","Black","/materials/pcs-reviewed/lace-dress-black.jpg","lace-dress-black","https://www.nordstromrack.com/s/dress-the-population-gianna-lace-panel-crepe-eveninggown/8097828","本地存在且哈希一致","已校对 Mock 品类/颜色实拍；不作为真实实物身份或尺寸凭据"
"成衣 SKU","STYLE-PRJ-202604-005-BLA-M","蕾丝拼接晚宴裙","Black","/materials/pcs-reviewed/lace-dress-black.jpg","lace-dress-black","https://www.nordstromrack.com/s/dress-the-population-gianna-lace-panel-crepe-eveninggown/8097828","本地存在且哈希一致","已校对 Mock 品类/颜色实拍；不作为真实实物身份或尺寸凭据"
"成衣 SKU","STYLE-PRJ-202604-005-WHI-S","蕾丝拼接晚宴裙","White","/materials/pcs-reviewed/lace-dress-white.jpg","lace-dress-white","https://vionnera.com/products/noelia-elegancka-sukienka-maxi","本地存在且哈希一致","已校对 Mock 品类/颜色实拍；不作为真实实物身份或尺寸凭据"
"成衣 SKU","STYLE-PRJ-202604-005-WHI-M","蕾丝拼接晚宴裙","White","/materials/pcs-reviewed/lace-dress-white.jpg","lace-dress-white","https://vionnera.com/products/noelia-elegancka-sukienka-maxi","本地存在且哈希一致","已校对 Mock 品类/颜色实拍；不作为真实实物身份或尺寸凭据"
"成衣 SKU","STYLE-PRJ-202604-004-BLA-S","简约通勤A字裙","Black","/materials/pcs-reviewed/aline-black.jpg","aline-black","https://cassandra.dk/products/mads-norgaard-recycled-sportina-stelly-skirt-fav-black","本地存在且哈希一致","已校对 Mock 品类/颜色实拍；不作为真实实物身份或尺寸凭据"
"成衣 SKU","STYLE-PRJ-202604-004-BLA-M","简约通勤A字裙","Black","/materials/pcs-reviewed/aline-black.jpg","aline-black","https://cassandra.dk/products/mads-norgaard-recycled-sportina-stelly-skirt-fav-black","本地存在且哈希一致","已校对 Mock 品类/颜色实拍；不作为真实实物身份或尺寸凭据"
"成衣 SKU","STYLE-PRJ-202604-004-WHI-S","简约通勤A字裙","White","/materials/pcs-reviewed/aline-white.jpg","aline-white","https://shopee.co.th/%E0%B8%81%E0%B8%A3%E0%B8%B0%E0%B9%82%E0%B8%9B%E0%B8%A3%E0%B8%87%E0%B8%9E%E0%B8%A2%E0%B8%B2%E0%B8%9A%E0%B8%B2%E0%B8%A5-%E0%B8%AA%E0%B8%B5%E0%B8%82%E0%B8%B2%E0%B8%A7-%E0%B8%9E%E0%B8%A3%E0%B9%89%E0%B8%AD%E0%B8%A1%E0%B8%AA%E0%B9%88%E0%B8%87-i.35353344.17744408990","本地存在且哈希一致","已校对 Mock 品类/颜色实拍；不作为真实实物身份或尺寸凭据"
"成衣 SKU","STYLE-PRJ-202604-004-WHI-M","简约通勤A字裙","White","/materials/pcs-reviewed/aline-white.jpg","aline-white","https://shopee.co.th/%E0%B8%81%E0%B8%A3%E0%B8%B0%E0%B9%82%E0%B8%9B%E0%B8%A3%E0%B8%87%E0%B8%9E%E0%B8%A2%E0%B8%B2%E0%B8%9A%E0%B8%B2%E0%B8%A5-%E0%B8%AA%E0%B8%B5%E0%B8%82%E0%B8%B2%E0%B8%A7-%E0%B8%9E%E0%B8%A3%E0%B9%89%E0%B8%AD%E0%B8%A1%E0%B8%AA%E0%B9%88%E0%B8%87-i.35353344.17744408990","本地存在且哈希一致","已校对 Mock 品类/颜色实拍；不作为真实实物身份或尺寸凭据"
"成衣 SKU","STYLE-PRJ-202604-003-BLA-S","秋冬重磅卫衣","Black","/materials/pcs-reviewed/sweat-black.jpg","sweat-black","https://www.independenttradingco.com/products/10oz-heavyweight-crew-8","本地存在且哈希一致","已校对 Mock 品类/颜色实拍；不作为真实实物身份或尺寸凭据"
"成衣 SKU","STYLE-PRJ-202604-003-BLA-M","秋冬重磅卫衣","Black","/materials/pcs-reviewed/sweat-black.jpg","sweat-black","https://www.independenttradingco.com/products/10oz-heavyweight-crew-8","本地存在且哈希一致","已校对 Mock 品类/颜色实拍；不作为真实实物身份或尺寸凭据"
"成衣 SKU","STYLE-PRJ-202604-003-WHI-S","秋冬重磅卫衣","White","/materials/pcs-reviewed/sweat-white.jpg","sweat-white","https://www.unitedathle.net/?pid=145948304","本地存在且哈希一致","已校对 Mock 品类/颜色实拍；不作为真实实物身份或尺寸凭据"
"成衣 SKU","STYLE-PRJ-202604-003-WHI-M","秋冬重磅卫衣","White","/materials/pcs-reviewed/sweat-white.jpg","sweat-white","https://www.unitedathle.net/?pid=145948304","本地存在且哈希一致","已校对 Mock 品类/颜色实拍；不作为真实实物身份或尺寸凭据"
"成衣 SKU","STYLE-PRJ-202604-002-BLA-S","Kemeja Flanel Pria 格子衬衫","Black","/materials/pcs-reviewed/flannel-black.jpg","flannel-black","https://www.walmart.com/ip/BRAHMA-WORK-FLANNEL/15338562452","本地存在且哈希一致","已校对 Mock 品类/颜色实拍；不作为真实实物身份或尺寸凭据"
"成衣 SKU","STYLE-PRJ-202604-002-BLA-M","Kemeja Flanel Pria 格子衬衫","Black","/materials/pcs-reviewed/flannel-black.jpg","flannel-black","https://www.walmart.com/ip/BRAHMA-WORK-FLANNEL/15338562452","本地存在且哈希一致","已校对 Mock 品类/颜色实拍；不作为真实实物身份或尺寸凭据"
"成衣 SKU","STYLE-PRJ-202604-002-WHI-S","Kemeja Flanel Pria 格子衬衫","White","/materials/pcs-reviewed/flannel-white.jpg","flannel-white","https://www.next.co.uk/style/su574163/ay9471","本地存在且哈希一致","已校对 Mock 品类/颜色实拍；不作为真实实物身份或尺寸凭据"
"成衣 SKU","STYLE-PRJ-202604-002-WHI-M","Kemeja Flanel Pria 格子衬衫","White","/materials/pcs-reviewed/flannel-white.jpg","flannel-white","https://www.next.co.uk/style/su574163/ay9471","本地存在且哈希一致","已校对 Mock 品类/颜色实拍；不作为真实实物身份或尺寸凭据"
"成衣 SKU","ASYSA26060310-BLACK-M","女式基础圆领短袖","Black","/materials/pcs-reviewed/tee-black.jpg","tee-black","https://www.thewarehouse.co.nz/p/hh-womens-essential-short-sleeve-crew-neck-tee/RM110161302-1M.html","本地存在且哈希一致","已校对 Mock 品类/颜色实拍；不作为真实实物身份或尺寸凭据"
"成衣 SKU","ASYSA26060310-BLACK-L","女式基础圆领短袖","Black","/materials/pcs-reviewed/tee-black.jpg","tee-black","https://www.thewarehouse.co.nz/p/hh-womens-essential-short-sleeve-crew-neck-tee/RM110161302-1M.html","本地存在且哈希一致","已校对 Mock 品类/颜色实拍；不作为真实实物身份或尺寸凭据"
"成衣 SKU","ASYSA26060310-BLACK-XL","女式基础圆领短袖","Black","/materials/pcs-reviewed/tee-black.jpg","tee-black","https://www.thewarehouse.co.nz/p/hh-womens-essential-short-sleeve-crew-neck-tee/RM110161302-1M.html","本地存在且哈希一致","已校对 Mock 品类/颜色实拍；不作为真实实物身份或尺寸凭据"
"成衣 SKU","ASYSA26060310-WHITE-M","女式基础圆领短袖","White","/materials/pcs-reviewed/tee-white.jpg","tee-white","https://www.thewarehouse.co.nz/p/hh-womens-essential-short-sleeve-crew-neck-tee/RM110161302-3M.html","本地存在且哈希一致","已校对 Mock 品类/颜色实拍；不作为真实实物身份或尺寸凭据"
"成衣 SKU","ASYSA26060310-WHITE-L","女式基础圆领短袖","White","/materials/pcs-reviewed/tee-white.jpg","tee-white","https://www.thewarehouse.co.nz/p/hh-womens-essential-short-sleeve-crew-neck-tee/RM110161302-3M.html","本地存在且哈希一致","已校对 Mock 品类/颜色实拍；不作为真实实物身份或尺寸凭据"
"成衣 SKU","ASYSA26060310-WHITE-XL","女式基础圆领短袖","White","/materials/pcs-reviewed/tee-white.jpg","tee-white","https://www.thewarehouse.co.nz/p/hh-womens-essential-short-sleeve-crew-neck-tee/RM110161302-3M.html","本地存在且哈希一致","已校对 Mock 品类/颜色实拍；不作为真实实物身份或尺寸凭据"
"成衣 SKU","ASYSA26060310-NAVY-M","女式基础圆领短袖","Navy","/materials/pcs-reviewed/tee-navy.png","tee-navy","https://stores.inksoft.com/fundygymnastics/shop/home","本地存在且哈希一致","已校对 Mock 品类/颜色实拍；不作为真实实物身份或尺寸凭据"
"成衣 SKU","ASYSA26060310-NAVY-L","女式基础圆领短袖","Navy","/materials/pcs-reviewed/tee-navy.png","tee-navy","https://stores.inksoft.com/fundygymnastics/shop/home","本地存在且哈希一致","已校对 Mock 品类/颜色实拍；不作为真实实物身份或尺寸凭据"
"成衣 SKU","ASYSA26060310-NAVY-XL","女式基础圆领短袖","Navy","/materials/pcs-reviewed/tee-navy.png","tee-navy","https://stores.inksoft.com/fundygymnastics/shop/home","本地存在且哈希一致","已校对 Mock 品类/颜色实拍；不作为真实实物身份或尺寸凭据"
"成衣 SKU","ASYSA26060310-RED-M","女式基础圆领短袖","Red","/materials/pcs-reviewed/tee-red.jpg","tee-red","https://www.walmart.com/ip/511800165","本地存在且哈希一致","已校对 Mock 品类/颜色实拍；不作为真实实物身份或尺寸凭据"
"成衣 SKU","ASYSA26060310-RED-L","女式基础圆领短袖","Red","/materials/pcs-reviewed/tee-red.jpg","tee-red","https://www.walmart.com/ip/511800165","本地存在且哈希一致","已校对 Mock 品类/颜色实拍；不作为真实实物身份或尺寸凭据"
"成衣 SKU","ASYSA26060310-RED-XL","女式基础圆领短袖","Red","/materials/pcs-reviewed/tee-red.jpg","tee-red","https://www.walmart.com/ip/511800165","本地存在且哈希一致","已校对 Mock 品类/颜色实拍；不作为真实实物身份或尺寸凭据"
"成衣 SKU","STYLE-PRJ-202604-001-BLA-S","夏季棉麻度假裙","Black","/materials/pcs-reviewed/linen-dress-black.jpg","linen-dress-black","https://www.walmart.com/ip/16682320618","本地存在且哈希一致","已校对 Mock 品类/颜色实拍；不作为真实实物身份或尺寸凭据"
"成衣 SKU","STYLE-PRJ-202604-001-BLA-M","夏季棉麻度假裙","Black","/materials/pcs-reviewed/linen-dress-black.jpg","linen-dress-black","https://www.walmart.com/ip/16682320618","本地存在且哈希一致","已校对 Mock 品类/颜色实拍；不作为真实实物身份或尺寸凭据"
"成衣 SKU","STYLE-PRJ-202604-001-WHI-S","夏季棉麻度假裙","White","/materials/pcs-reviewed/linen-dress-white.jpg","linen-dress-white","https://pallajaipur.com/products/white-cotton-linen-dress","本地存在且哈希一致","已校对 Mock 品类/颜色实拍；不作为真实实物身份或尺寸凭据"
"成衣 SKU","STYLE-PRJ-202604-001-WHI-M","夏季棉麻度假裙","White","/materials/pcs-reviewed/linen-dress-white.jpg","linen-dress-white","https://pallajaipur.com/products/white-cotton-linen-dress","本地存在且哈希一致","已校对 Mock 品类/颜色实拍；不作为真实实物身份或尺寸凭据"
"成衣 SKU","STYLE-PRJ-202603-013-BLA-S","Celana Panjang Formal 正装西裤","Black","/materials/pcs-reviewed/trousers-black.jpg","trousers-black","https://suitsupply.com/en-us/men/trousers/suit-trousers","本地存在且哈希一致","已校对 Mock 品类/颜色实拍；不作为真实实物身份或尺寸凭据"
"成衣 SKU","STYLE-PRJ-202603-013-BLA-M","Celana Panjang Formal 正装西裤","Black","/materials/pcs-reviewed/trousers-black.jpg","trousers-black","https://suitsupply.com/en-us/men/trousers/suit-trousers","本地存在且哈希一致","已校对 Mock 品类/颜色实拍；不作为真实实物身份或尺寸凭据"
"成衣 SKU","STYLE-PRJ-202603-013-WHI-S","Celana Panjang Formal 正装西裤","White","/materials/pcs-reviewed/trousers-white.jpg","trousers-white","https://mogusuit.com/products/mogu-mens-slim-fit-flat-front-pants-solid-color","本地存在且哈希一致","已校对 Mock 品类/颜色实拍；不作为真实实物身份或尺寸凭据"
"成衣 SKU","STYLE-PRJ-202603-013-WHI-M","Celana Panjang Formal 正装西裤","White","/materials/pcs-reviewed/trousers-white.jpg","trousers-white","https://mogusuit.com/products/mogu-mens-slim-fit-flat-front-pants-solid-color","本地存在且哈希一致","已校对 Mock 品类/颜色实拍；不作为真实实物身份或尺寸凭据"
"成衣 SKU","SPU-2026-018-BLA-S","设计款印花阔腿连体裤","Black","/materials/pcs-reviewed/jumpsuit-black.jpg","jumpsuit-black","https://www.tsc.ca/Nina-Leonard-Printed-Jumpsuit/pages/productdetails?nav=R%3A228149","本地存在且哈希一致","已校对 Mock 品类/颜色实拍；不作为真实实物身份或尺寸凭据"
"成衣 SKU","SPU-2026-018-BLA-M","设计款印花阔腿连体裤","Black","/materials/pcs-reviewed/jumpsuit-black.jpg","jumpsuit-black","https://www.tsc.ca/Nina-Leonard-Printed-Jumpsuit/pages/productdetails?nav=R%3A228149","本地存在且哈希一致","已校对 Mock 品类/颜色实拍；不作为真实实物身份或尺寸凭据"
"成衣 SKU","SPU-2026-018-WHI-S","设计款印花阔腿连体裤","White","/materials/pcs-reviewed/jumpsuit-white.jpg","jumpsuit-white","https://www.walmart.com/ip/Zunfeo-Women-s-Jumpsuit-Printed-Wide-Leg-Fashion-Slim-Suit-Pants-High-Waist-Relaxed-Fit-Sexy-Halterneck-Jumpsuit-Pants-White/1647164028","本地存在且哈希一致","已校对 Mock 品类/颜色实拍；不作为真实实物身份或尺寸凭据"
"成衣 SKU","SPU-2026-018-WHI-M","设计款印花阔腿连体裤","White","/materials/pcs-reviewed/jumpsuit-white.jpg","jumpsuit-white","https://www.walmart.com/ip/Zunfeo-Women-s-Jumpsuit-Printed-Wide-Leg-Fashion-Slim-Suit-Pants-High-Waist-Relaxed-Fit-Sexy-Halterneck-Jumpsuit-Pants-White/1647164028","本地存在且哈希一致","已校对 Mock 品类/颜色实拍；不作为真实实物身份或尺寸凭据"
"成衣 SKU","SKU-001-S-WHT","春季休闲T恤","White","/materials/pcs-reviewed/tee-white.jpg","tee-white","https://www.thewarehouse.co.nz/p/hh-womens-essential-short-sleeve-crew-neck-tee/RM110161302-3M.html","本地存在且哈希一致","已校对 Mock 品类/颜色实拍；不作为真实实物身份或尺寸凭据"
"成衣 SKU","SKU-001-M-WHT","春季休闲T恤","White","/materials/pcs-reviewed/tee-white.jpg","tee-white","https://www.thewarehouse.co.nz/p/hh-womens-essential-short-sleeve-crew-neck-tee/RM110161302-3M.html","本地存在且哈希一致","已校对 Mock 品类/颜色实拍；不作为真实实物身份或尺寸凭据"
"成衣 SKU","SKU-001-L-BLK","春季休闲T恤","Black","/materials/pcs-reviewed/tee-black.jpg","tee-black","https://www.thewarehouse.co.nz/p/hh-womens-essential-short-sleeve-crew-neck-tee/RM110161302-1M.html","本地存在且哈希一致","已校对 Mock 品类/颜色实拍；不作为真实实物身份或尺寸凭据"
"成衣 SKU","SKU-001-XL-BLK","春季休闲T恤","Black","/materials/pcs-reviewed/tee-black.jpg","tee-black","https://www.thewarehouse.co.nz/p/hh-womens-essential-short-sleeve-crew-neck-tee/RM110161302-1M.html","本地存在且哈希一致","已校对 Mock 品类/颜色实拍；不作为真实实物身份或尺寸凭据"
"成衣 SKU","SKU-086-S-BLU","商务修身长袖衬衫","蓝白印花","/materials/pcs-reviewed/shirt-floral-blue.jpg","shirt-floral-blue","https://www.frenchconnection.com/products/long-sleeve-slim-fit-faded-flower-print-shirt-blue-multi","本地存在且哈希一致","已校对 Mock 品类/颜色实拍；不作为真实实物身份或尺寸凭据"
"成衣 SKU","SKU-086-M-BLU","商务修身长袖衬衫","蓝白印花","/materials/pcs-reviewed/shirt-floral-blue.jpg","shirt-floral-blue","https://www.frenchconnection.com/products/long-sleeve-slim-fit-faded-flower-print-shirt-blue-multi","本地存在且哈希一致","已校对 Mock 品类/颜色实拍；不作为真实实物身份或尺寸凭据"
"成衣 SKU","SKU-086-L-BLU","商务修身长袖衬衫","蓝白印花","/materials/pcs-reviewed/shirt-floral-blue.jpg","shirt-floral-blue","https://www.frenchconnection.com/products/long-sleeve-slim-fit-faded-flower-print-shirt-blue-multi","本地存在且哈希一致","已校对 Mock 品类/颜色实拍；不作为真实实物身份或尺寸凭据"
"成衣 SKU","SKU-086-XL-BLU","商务修身长袖衬衫","蓝白印花","/materials/pcs-reviewed/shirt-floral-blue.jpg","shirt-floral-blue","https://www.frenchconnection.com/products/long-sleeve-slim-fit-faded-flower-print-shirt-blue-multi","本地存在且哈希一致","已校对 Mock 品类/颜色实拍；不作为真实实物身份或尺寸凭据"
"成衣 SKU","SKU-085-S-OLV","户外轻量夹克","军绿","/materials/pcs-reviewed/jacket-army.jpg","jacket-army","https://northfinder.com/hu/1625-jackets","本地存在且哈希一致","已校对 Mock 品类/颜色实拍；不作为真实实物身份或尺寸凭据"
"成衣 SKU","SKU-085-M-OLV","户外轻量夹克","军绿","/materials/pcs-reviewed/jacket-army.jpg","jacket-army","https://northfinder.com/hu/1625-jackets","本地存在且哈希一致","已校对 Mock 品类/颜色实拍；不作为真实实物身份或尺寸凭据"
"成衣 SKU","SKU-085-L-OLV","户外轻量夹克","军绿","/materials/pcs-reviewed/jacket-army.jpg","jacket-army","https://northfinder.com/hu/1625-jackets","本地存在且哈希一致","已校对 Mock 品类/颜色实拍；不作为真实实物身份或尺寸凭据"
"成衣 SKU","SKU-085-XL-OLV","户外轻量夹克","军绿","/materials/pcs-reviewed/jacket-army.jpg","jacket-army","https://northfinder.com/hu/1625-jackets","本地存在且哈希一致","已校对 Mock 品类/颜色实拍；不作为真实实物身份或尺寸凭据"
"成衣 SKU","SKU-084-S-CRL","毛织撞色短袖上衣","珊瑚粉","/materials/pcs-reviewed/knit-coral.jpg","knit-coral","https://www.bluechicboutique.com/products/coral-and-pink-short-sleeve-sweater-1","本地存在且哈希一致","已校对 Mock 品类/颜色实拍；不作为真实实物身份或尺寸凭据"
"成衣 SKU","SKU-084-M-CRL","毛织撞色短袖上衣","珊瑚粉","/materials/pcs-reviewed/knit-coral.jpg","knit-coral","https://www.bluechicboutique.com/products/coral-and-pink-short-sleeve-sweater-1","本地存在且哈希一致","已校对 Mock 品类/颜色实拍；不作为真实实物身份或尺寸凭据"
"成衣 SKU","SKU-084-L-CRL","毛织撞色短袖上衣","珊瑚粉","/materials/pcs-reviewed/knit-coral.jpg","knit-coral","https://www.bluechicboutique.com/products/coral-and-pink-short-sleeve-sweater-1","本地存在且哈希一致","已校对 Mock 品类/颜色实拍；不作为真实实物身份或尺寸凭据"
"成衣 SKU","SKU-084-XL-CRL","毛织撞色短袖上衣","珊瑚粉","/materials/pcs-reviewed/knit-coral.jpg","knit-coral","https://www.bluechicboutique.com/products/coral-and-pink-short-sleeve-sweater-1","本地存在且哈希一致","已校对 Mock 品类/颜色实拍；不作为真实实物身份或尺寸凭据"
"成衣 SKU","SKU-083-S-RED","春季定位印花连衣裙","Red","/materials/pcs-reviewed/dress-red-print.jpg","dress-red-print","https://www.dames.ro/rochie-rosie-casual-cu-decolteu-in-v-imprimata-cu-model-floral.html","本地存在且哈希一致","已校对 Mock 品类/颜色实拍；不作为真实实物身份或尺寸凭据"
"成衣 SKU","SKU-083-M-RED","春季定位印花连衣裙","Red","/materials/pcs-reviewed/dress-red-print.jpg","dress-red-print","https://www.dames.ro/rochie-rosie-casual-cu-decolteu-in-v-imprimata-cu-model-floral.html","本地存在且哈希一致","已校对 Mock 品类/颜色实拍；不作为真实实物身份或尺寸凭据"
"成衣 SKU","SKU-083-L-RED","春季定位印花连衣裙","Red","/materials/pcs-reviewed/dress-red-print.jpg","dress-red-print","https://www.dames.ro/rochie-rosie-casual-cu-decolteu-in-v-imprimata-cu-model-floral.html","本地存在且哈希一致","已校对 Mock 品类/颜色实拍；不作为真实实物身份或尺寸凭据"
"成衣 SKU","SKU-082-S-GRY","连帽拉链卫衣","雾霾灰","/materials/pcs-reviewed/hood-grey.jpg","hood-grey","https://ascolour.com/relax-zip-hood-5162/","本地存在且哈希一致","已校对 Mock 品类/颜色实拍；不作为真实实物身份或尺寸凭据"
"成衣 SKU","SKU-082-M-GRY","连帽拉链卫衣","雾霾灰","/materials/pcs-reviewed/hood-grey.jpg","hood-grey","https://ascolour.com/relax-zip-hood-5162/","本地存在且哈希一致","已校对 Mock 品类/颜色实拍；不作为真实实物身份或尺寸凭据"
"成衣 SKU","SKU-082-L-GRY","连帽拉链卫衣","雾霾灰","/materials/pcs-reviewed/hood-grey.jpg","hood-grey","https://ascolour.com/relax-zip-hood-5162/","本地存在且哈希一致","已校对 Mock 品类/颜色实拍；不作为真实实物身份或尺寸凭据"
"成衣 SKU","SKU-082-XL-GRY","连帽拉链卫衣","雾霾灰","/materials/pcs-reviewed/hood-grey.jpg","hood-grey","https://ascolour.com/relax-zip-hood-5162/","本地存在且哈希一致","已校对 Mock 品类/颜色实拍；不作为真实实物身份或尺寸凭据"
"成衣 SKU","SKU-001-M-WHT","春季休闲印花短袖 T 恤","White","/materials/pcs-reviewed/print-tee-white.jpg","print-tee-white","https://th.hm.com/th_en/regular-fit-t-shirt-0973277063.html","本地存在且哈希一致","已校对 Mock 品类/颜色实拍；不作为真实实物身份或尺寸凭据"
"成衣 SKU","SKU-001-L-WHT","春季休闲印花短袖 T 恤","White","/materials/pcs-reviewed/print-tee-white.jpg","print-tee-white","https://th.hm.com/th_en/regular-fit-t-shirt-0973277063.html","本地存在且哈希一致","已校对 Mock 品类/颜色实拍；不作为真实实物身份或尺寸凭据"
"成衣 SKU","SKU-001-M-BLK","春季休闲印花短袖 T 恤","Black","/materials/pcs-reviewed/print-tee-black.jpg","print-tee-black","https://www.zalando.pl/zoo-york-t-shirt-z-nadrukiem-black-1zo22o00j-q11.html","本地存在且哈希一致","已校对 Mock 品类/颜色实拍；不作为真实实物身份或尺寸凭据"
"成衣 SKU","SKU-001-L-BLK","春季休闲印花短袖 T 恤","Black","/materials/pcs-reviewed/print-tee-black.jpg","print-tee-black","https://www.zalando.pl/zoo-york-t-shirt-z-nadrukiem-black-1zo22o00j-q11.html","本地存在且哈希一致","已校对 Mock 品类/颜色实拍；不作为真实实物身份或尺寸凭据"
"成衣 SKU","SKU-017-S-NVY","Celana Pendek Pria","Navy","/materials/pcs-reviewed/shorts-navy.jpg","shorts-navy","https://www.atmosferasport.es/jackjones/pantalon-jack-and-jones-jpstjaiden-campaign-hybridbondi-srt-dark-navy-hombre-139924.html","本地存在且哈希一致","已校对 Mock 品类/颜色实拍；不作为真实实物身份或尺寸凭据"
"成衣 SKU","SKU-017-M-NVY","Celana Pendek Pria","Navy","/materials/pcs-reviewed/shorts-navy.jpg","shorts-navy","https://www.atmosferasport.es/jackjones/pantalon-jack-and-jones-jpstjaiden-campaign-hybridbondi-srt-dark-navy-hombre-139924.html","本地存在且哈希一致","已校对 Mock 品类/颜色实拍；不作为真实实物身份或尺寸凭据"
"成衣 SKU","SKU-017-L-NVY","Celana Pendek Pria","Navy","/materials/pcs-reviewed/shorts-navy.jpg","shorts-navy","https://www.atmosferasport.es/jackjones/pantalon-jack-and-jones-jpstjaiden-campaign-hybridbondi-srt-dark-navy-hombre-139924.html","本地存在且哈希一致","已校对 Mock 品类/颜色实拍；不作为真实实物身份或尺寸凭据"
"成衣 SKU","SKU-017-XL-NVY","Celana Pendek Pria","Navy","/materials/pcs-reviewed/shorts-navy.jpg","shorts-navy","https://www.atmosferasport.es/jackjones/pantalon-jack-and-jones-jpstjaiden-campaign-hybridbondi-srt-dark-navy-hombre-139924.html","本地存在且哈希一致","已校对 Mock 品类/颜色实拍；不作为真实实物身份或尺寸凭据"
"成衣 SKU","SKU-015-S-WHT","Kemeja Linen Pria","White","/materials/pcs-reviewed/linen-white.jpg","linen-white","https://www.muji.com/my/products/cmdty/detail/4550584638138","本地存在且哈希一致","已校对 Mock 品类/颜色实拍；不作为真实实物身份或尺寸凭据"
"成衣 SKU","SKU-015-M-WHT","Kemeja Linen Pria","White","/materials/pcs-reviewed/linen-white.jpg","linen-white","https://www.muji.com/my/products/cmdty/detail/4550584638138","本地存在且哈希一致","已校对 Mock 品类/颜色实拍；不作为真实实物身份或尺寸凭据"
"成衣 SKU","SKU-015-L-WHT","Kemeja Linen Pria","White","/materials/pcs-reviewed/linen-white.jpg","linen-white","https://www.muji.com/my/products/cmdty/detail/4550584638138","本地存在且哈希一致","已校对 Mock 品类/颜色实拍；不作为真实实物身份或尺寸凭据"
"成衣 SKU","SKU-015-XL-WHT","Kemeja Linen Pria","White","/materials/pcs-reviewed/linen-white.jpg","linen-white","https://www.muji.com/my/products/cmdty/detail/4550584638138","本地存在且哈希一致","已校对 Mock 品类/颜色实拍；不作为真实实物身份或尺寸凭据"
"成衣 SKU","SKU-008-S-PLB","Kemeja Flanel Pria","Plaid Blue","/materials/pcs-reviewed/flannel-blue.jpg","flannel-blue","https://www.samsclub.com/ip/Eddie-Bauer-Men-s-Bristol-Flannel-Shirt/13598050160","本地存在且哈希一致","已校对 Mock 品类/颜色实拍；不作为真实实物身份或尺寸凭据"
"成衣 SKU","SKU-008-M-PLB","Kemeja Flanel Pria","Plaid Blue","/materials/pcs-reviewed/flannel-blue.jpg","flannel-blue","https://www.samsclub.com/ip/Eddie-Bauer-Men-s-Bristol-Flannel-Shirt/13598050160","本地存在且哈希一致","已校对 Mock 品类/颜色实拍；不作为真实实物身份或尺寸凭据"
"成衣 SKU","SKU-008-L-PLB","Kemeja Flanel Pria","Plaid Blue","/materials/pcs-reviewed/flannel-blue.jpg","flannel-blue","https://www.samsclub.com/ip/Eddie-Bauer-Men-s-Bristol-Flannel-Shirt/13598050160","本地存在且哈希一致","已校对 Mock 品类/颜色实拍；不作为真实实物身份或尺寸凭据"
"成衣 SKU","SKU-008-XL-PLB","Kemeja Flanel Pria","Plaid Blue","/materials/pcs-reviewed/flannel-blue.jpg","flannel-blue","https://www.samsclub.com/ip/Eddie-Bauer-Men-s-Bristol-Flannel-Shirt/13598050160","本地存在且哈希一致","已校对 Mock 品类/颜色实拍；不作为真实实物身份或尺寸凭据"
"成衣 SKU","SKU-014-S-GRN","Rompi Pria Casual","Green","/materials/pcs-reviewed/vest-green.jpg","vest-green","https://www.brandsforless.com/en-ae/pull-and-bear-x-stwd-men-solid-vest-jacket-green/1879638/p/","本地存在且哈希一致","已校对 Mock 品类/颜色实拍；不作为真实实物身份或尺寸凭据"
"成衣 SKU","SKU-014-M-GRN","Rompi Pria Casual","Green","/materials/pcs-reviewed/vest-green.jpg","vest-green","https://www.brandsforless.com/en-ae/pull-and-bear-x-stwd-men-solid-vest-jacket-green/1879638/p/","本地存在且哈希一致","已校对 Mock 品类/颜色实拍；不作为真实实物身份或尺寸凭据"
"成衣 SKU","SKU-014-L-GRN","Rompi Pria Casual","Green","/materials/pcs-reviewed/vest-green.jpg","vest-green","https://www.brandsforless.com/en-ae/pull-and-bear-x-stwd-men-solid-vest-jacket-green/1879638/p/","本地存在且哈希一致","已校对 Mock 品类/颜色实拍；不作为真实实物身份或尺寸凭据"
"成衣 SKU","SKU-014-XL-GRN","Rompi Pria Casual","Green","/materials/pcs-reviewed/vest-green.jpg","vest-green","https://www.brandsforless.com/en-ae/pull-and-bear-x-stwd-men-solid-vest-jacket-green/1879638/p/","本地存在且哈希一致","已校对 Mock 品类/颜色实拍；不作为真实实物身份或尺寸凭据"
"成衣 SKU","SKU-005-S-GRY","Jaket Hoodie Unisex","Grey","/materials/pcs-reviewed/hood-grey.jpg","hood-grey","https://ascolour.com/relax-zip-hood-5162/","本地存在且哈希一致","已校对 Mock 品类/颜色实拍；不作为真实实物身份或尺寸凭据"
"成衣 SKU","SKU-005-M-GRY","Jaket Hoodie Unisex","Grey","/materials/pcs-reviewed/hood-grey.jpg","hood-grey","https://ascolour.com/relax-zip-hood-5162/","本地存在且哈希一致","已校对 Mock 品类/颜色实拍；不作为真实实物身份或尺寸凭据"
"成衣 SKU","SKU-005-L-GRY","Jaket Hoodie Unisex","Grey","/materials/pcs-reviewed/hood-grey.jpg","hood-grey","https://ascolour.com/relax-zip-hood-5162/","本地存在且哈希一致","已校对 Mock 品类/颜色实拍；不作为真实实物身份或尺寸凭据"
"成衣 SKU","SKU-005-XL-GRY","Jaket Hoodie Unisex","Grey","/materials/pcs-reviewed/hood-grey.jpg","hood-grey","https://ascolour.com/relax-zip-hood-5162/","本地存在且哈希一致","已校对 Mock 品类/颜色实拍；不作为真实实物身份或尺寸凭据"
"成衣 SKU","SKU-013-S-NVY","Jas Pria Formal","Navy","/materials/pcs-reviewed/suit-navy.jpg","suit-navy","https://m.lotteimall.com/goods/viewGoodsDetail.lotte?goods_no=2915048812","本地存在且哈希一致","已校对 Mock 品类/颜色实拍；不作为真实实物身份或尺寸凭据"
"成衣 SKU","SKU-013-M-NVY","Jas Pria Formal","Navy","/materials/pcs-reviewed/suit-navy.jpg","suit-navy","https://m.lotteimall.com/goods/viewGoodsDetail.lotte?goods_no=2915048812","本地存在且哈希一致","已校对 Mock 品类/颜色实拍；不作为真实实物身份或尺寸凭据"
"成衣 SKU","SKU-013-L-NVY","Jas Pria Formal","Navy","/materials/pcs-reviewed/suit-navy.jpg","suit-navy","https://m.lotteimall.com/goods/viewGoodsDetail.lotte?goods_no=2915048812","本地存在且哈希一致","已校对 Mock 品类/颜色实拍；不作为真实实物身份或尺寸凭据"
"成衣 SKU","SKU-013-XL-NVY","Jas Pria Formal","Navy","/materials/pcs-reviewed/suit-navy.jpg","suit-navy","https://m.lotteimall.com/goods/viewGoodsDetail.lotte?goods_no=2915048812","本地存在且哈希一致","已校对 Mock 品类/颜色实拍；不作为真实实物身份或尺寸凭据"
"成衣 SKU","SKU-004-S-WHT","Kaos Polos Premium","White","/materials/pcs-reviewed/tee-white.jpg","tee-white","https://www.thewarehouse.co.nz/p/hh-womens-essential-short-sleeve-crew-neck-tee/RM110161302-3M.html","本地存在且哈希一致","已校对 Mock 品类/颜色实拍；不作为真实实物身份或尺寸凭据"
"成衣 SKU","SKU-004-M-WHT","Kaos Polos Premium","White","/materials/pcs-reviewed/tee-white.jpg","tee-white","https://www.thewarehouse.co.nz/p/hh-womens-essential-short-sleeve-crew-neck-tee/RM110161302-3M.html","本地存在且哈希一致","已校对 Mock 品类/颜色实拍；不作为真实实物身份或尺寸凭据"
"成衣 SKU","SKU-004-L-WHT","Kaos Polos Premium","White","/materials/pcs-reviewed/tee-white.jpg","tee-white","https://www.thewarehouse.co.nz/p/hh-womens-essential-short-sleeve-crew-neck-tee/RM110161302-3M.html","本地存在且哈希一致","已校对 Mock 品类/颜色实拍；不作为真实实物身份或尺寸凭据"
"成衣 SKU","SKU-004-XL-WHT","Kaos Polos Premium","White","/materials/pcs-reviewed/tee-white.jpg","tee-white","https://www.thewarehouse.co.nz/p/hh-womens-essential-short-sleeve-crew-neck-tee/RM110161302-3M.html","本地存在且哈希一致","已校对 Mock 品类/颜色实拍；不作为真实实物身份或尺寸凭据"
"成衣 SKU","SKU-010-S-BLK","Celana Jogger Pria","Black","/materials/pcs-reviewed/jogger-black.jpg","jogger-black","https://www.walmart.com/ip/682669963","本地存在且哈希一致","已校对 Mock 品类/颜色实拍；不作为真实实物身份或尺寸凭据"
"成衣 SKU","SKU-010-M-BLK","Celana Jogger Pria","Black","/materials/pcs-reviewed/jogger-black.jpg","jogger-black","https://www.walmart.com/ip/682669963","本地存在且哈希一致","已校对 Mock 品类/颜色实拍；不作为真实实物身份或尺寸凭据"
"成衣 SKU","SKU-010-L-BLK","Celana Jogger Pria","Black","/materials/pcs-reviewed/jogger-black.jpg","jogger-black","https://www.walmart.com/ip/682669963","本地存在且哈希一致","已校对 Mock 品类/颜色实拍；不作为真实实物身份或尺寸凭据"
"成衣 SKU","SKU-010-XL-BLK","Celana Jogger Pria","Black","/materials/pcs-reviewed/jogger-black.jpg","jogger-black","https://www.walmart.com/ip/682669963","本地存在且哈希一致","已校对 Mock 品类/颜色实拍；不作为真实实物身份或尺寸凭据"
"成衣 SKU","SKU-012-S-BEG","Cardigan Wanita","Beige","/materials/pcs-reviewed/cardigan-beige.jpg","cardigan-beige","https://www.walmart.com/ip/15302453426","本地存在且哈希一致","已校对 Mock 品类/颜色实拍；不作为真实实物身份或尺寸凭据"
"成衣 SKU","SKU-012-M-BEG","Cardigan Wanita","Beige","/materials/pcs-reviewed/cardigan-beige.jpg","cardigan-beige","https://www.walmart.com/ip/15302453426","本地存在且哈希一致","已校对 Mock 品类/颜色实拍；不作为真实实物身份或尺寸凭据"
"成衣 SKU","SKU-012-L-BEG","Cardigan Wanita","Beige","/materials/pcs-reviewed/cardigan-beige.jpg","cardigan-beige","https://www.walmart.com/ip/15302453426","本地存在且哈希一致","已校对 Mock 品类/颜色实拍；不作为真实实物身份或尺寸凭据"
"成衣 SKU","SKU-012-XL-BEG","Cardigan Wanita","Beige","/materials/pcs-reviewed/cardigan-beige.jpg","cardigan-beige","https://www.walmart.com/ip/15302453426","本地存在且哈希一致","已校对 Mock 品类/颜色实拍；不作为真实实物身份或尺寸凭据"
"成衣 SKU","SKU-003-30-NVY","Celana Panjang Formal","Navy","/materials/pcs-reviewed/trousers-navy.jpg","trousers-navy","https://www.myntra.com/trousers/raymond/raymond-men-contemporary-fit-formal-trouser/28749478/buy","本地存在且哈希一致","已校对 Mock 品类/颜色实拍；不作为真实实物身份或尺寸凭据"
"成衣 SKU","SKU-003-32-NVY","Celana Panjang Formal","Navy","/materials/pcs-reviewed/trousers-navy.jpg","trousers-navy","https://www.myntra.com/trousers/raymond/raymond-men-contemporary-fit-formal-trouser/28749478/buy","本地存在且哈希一致","已校对 Mock 品类/颜色实拍；不作为真实实物身份或尺寸凭据"
"成衣 SKU","SKU-003-34-NVY","Celana Panjang Formal","Navy","/materials/pcs-reviewed/trousers-navy.jpg","trousers-navy","https://www.myntra.com/trousers/raymond/raymond-men-contemporary-fit-formal-trouser/28749478/buy","本地存在且哈希一致","已校对 Mock 品类/颜色实拍；不作为真实实物身份或尺寸凭据"
"成衣 SKU","SKU-003-36-NVY","Celana Panjang Formal","Navy","/materials/pcs-reviewed/trousers-navy.jpg","trousers-navy","https://www.myntra.com/trousers/raymond/raymond-men-contemporary-fit-formal-trouser/28749478/buy","本地存在且哈希一致","已校对 Mock 品类/颜色实拍；不作为真实实物身份或尺寸凭据"
"成衣 SKU","SKU-016-S-CHP","Blus Wanita Satin","Champagne","/materials/pcs-reviewed/blouse-champagne.webp","blouse-champagne","https://co.ebay.com/b/Satin-Blouses-White-Tops-for-Women/53159/bn_100192078","本地存在且哈希一致","已校对 Mock 品类/颜色实拍；不作为真实实物身份或尺寸凭据"
"成衣 SKU","SKU-016-M-CHP","Blus Wanita Satin","Champagne","/materials/pcs-reviewed/blouse-champagne.webp","blouse-champagne","https://co.ebay.com/b/Satin-Blouses-White-Tops-for-Women/53159/bn_100192078","本地存在且哈希一致","已校对 Mock 品类/颜色实拍；不作为真实实物身份或尺寸凭据"
"成衣 SKU","SKU-016-L-CHP","Blus Wanita Satin","Champagne","/materials/pcs-reviewed/blouse-champagne.webp","blouse-champagne","https://co.ebay.com/b/Satin-Blouses-White-Tops-for-Women/53159/bn_100192078","本地存在且哈希一致","已校对 Mock 品类/颜色实拍；不作为真实实物身份或尺寸凭据"
"成衣 SKU","SKU-016-XL-CHP","Blus Wanita Satin","Champagne","/materials/pcs-reviewed/blouse-champagne.webp","blouse-champagne","https://co.ebay.com/b/Satin-Blouses-White-Tops-for-Women/53159/bn_100192078","本地存在且哈希一致","已校对 Mock 品类/颜色实拍；不作为真实实物身份或尺寸凭据"
"成衣 SKU","SKU-011-S-CRM","Sweater Rajut Wanita","Cream","/materials/pcs-reviewed/sweater-cream.jpg","sweater-cream","https://www2.hm.com/pl_pl/productpage.1197654004.html","本地存在且哈希一致","已校对 Mock 品类/颜色实拍；不作为真实实物身份或尺寸凭据"
"成衣 SKU","SKU-011-M-CRM","Sweater Rajut Wanita","Cream","/materials/pcs-reviewed/sweater-cream.jpg","sweater-cream","https://www2.hm.com/pl_pl/productpage.1197654004.html","本地存在且哈希一致","已校对 Mock 品类/颜色实拍；不作为真实实物身份或尺寸凭据"
"成衣 SKU","SKU-011-L-CRM","Sweater Rajut Wanita","Cream","/materials/pcs-reviewed/sweater-cream.jpg","sweater-cream","https://www2.hm.com/pl_pl/productpage.1197654004.html","本地存在且哈希一致","已校对 Mock 品类/颜色实拍；不作为真实实物身份或尺寸凭据"
"成衣 SKU","SKU-011-XL-CRM","Sweater Rajut Wanita","Cream","/materials/pcs-reviewed/sweater-cream.jpg","sweater-cream","https://www2.hm.com/pl_pl/productpage.1197654004.html","本地存在且哈希一致","已校对 Mock 品类/颜色实拍；不作为真实实物身份或尺寸凭据"
"成衣 SKU","SKU-009-S-WHT","Polo Shirt Pique","White","/materials/pcs-reviewed/polo-white.jpg","polo-white","https://ascolour.com/chad-polo-5402/","本地存在且哈希一致","已校对 Mock 品类/颜色实拍；不作为真实实物身份或尺寸凭据"
"成衣 SKU","SKU-009-M-WHT","Polo Shirt Pique","White","/materials/pcs-reviewed/polo-white.jpg","polo-white","https://ascolour.com/chad-polo-5402/","本地存在且哈希一致","已校对 Mock 品类/颜色实拍；不作为真实实物身份或尺寸凭据"
"成衣 SKU","SKU-009-L-WHT","Polo Shirt Pique","White","/materials/pcs-reviewed/polo-white.jpg","polo-white","https://ascolour.com/chad-polo-5402/","本地存在且哈希一致","已校对 Mock 品类/颜色实拍；不作为真实实物身份或尺寸凭据"
"成衣 SKU","SKU-009-XL-WHT","Polo Shirt Pique","White","/materials/pcs-reviewed/polo-white.jpg","polo-white","https://ascolour.com/chad-polo-5402/","本地存在且哈希一致","已校对 Mock 品类/颜色实拍；不作为真实实物身份或尺寸凭据"
"物料 SKU","TMF-WB-REF-WHT","白色织带半成品（幅宽待确认）","白色（参考）","/materials/tmf/webbing-real-roll.jpg","existing-TMF-WB-REF-WHT","repository:public/materials/tmf/webbing-real-roll.jpg","本地存在且哈希一致","已校对 Mock 品类/颜色实拍；不作为真实实物身份或尺寸凭据"
"物料 SKU","TMF-RP-REF-WHT","白色绳子半成品（绳径待确认）","白色（参考）","/materials/tmf/rope-real-bundle.jpg","existing-TMF-RP-REF-WHT","repository:public/materials/tmf/rope-real-bundle.jpg","本地存在且哈希一致","已校对 Mock 品类/颜色实拍；不作为真实实物身份或尺寸凭据"
"物料 SKU","ACC-ELASTIC-42CM-WHITE","腰口定长橡筋","本白","/materials/accessory-elastic-band.jpg","existing-ACC-ELASTIC-42CM-WHITE","repository:public/materials/accessory-elastic-band.jpg","本地存在且哈希一致","已校对 Mock 品类/颜色实拍；不作为真实实物身份或尺寸凭据"
"物料 SKU","PART-CUT-KNIFE-10IN-STD","裁床直刀 10英寸","裁床","/materials/pcs-reviewed/knife.jpg","knife","https://stitchspares.com/products/10-inch-straight-knife-cutter-blade-for-eastman-glory-santian","本地存在且哈希一致","已校对 Mock 品类/颜色实拍；不作为真实实物身份或尺寸凭据"
"物料 SKU","CONS-TAPE-001-WHT","裁剪定位纸胶带","白色","/materials/pcs-reviewed/tape-white.jpg","tape-white","https://www.kitepackaging.co.uk/scp/tapes/masking-tape/","本地存在且哈希一致","已校对 Mock 品类/颜色实拍；不作为真实实物身份或尺寸凭据"
"物料 SKU","THREAD-40S-002-WHT","缝纫线 40s/2","White","/materials/pcs-reviewed/thread-white.jpg","thread-white","https://www.valsaninc.com/products/copy-of-40s-2-black-cone-thread","本地存在且哈希一致","已校对 Mock 品类/颜色实拍；不作为真实实物身份或尺寸凭据"
"物料 SKU","THREAD-40S-002-BLK","缝纫线 40s/2","Black","/materials/pcs-reviewed/thread-black.png","thread-black","https://www.valsaninc.com/products/40s-2-black-cone-thread","本地存在且哈希一致","已校对 Mock 品类/颜色实拍；不作为真实实物身份或尺寸凭据"
"物料 SKU","FLSZ26031315-103","130CM流苏","103","/materials/archive/f5271db2483941df347bce4c5ee60d64.jpg","existing-FLSZ26031315-103","repository:public/materials/archive/f5271db2483941df347bce4c5ee60d64.jpg","本地存在且哈希一致","已校对 Mock 品类/颜色实拍；不作为真实实物身份或尺寸凭据"
"物料 SKU","FLSZ26031315-sc-khaki","130CM流苏","SC-Khaki","/materials/archive/f5271db2483941df347bce4c5ee60d64.jpg","existing-FLSZ26031315-sc-khaki","repository:public/materials/archive/f5271db2483941df347bce4c5ee60d64.jpg","本地存在且哈希一致","已校对 Mock 品类/颜色实拍；不作为真实实物身份或尺寸凭据"
"物料 SKU","FLSZ26031315-pf-pink","130CM流苏","PF-Pink","/materials/pcs-reviewed/fringe-pink.jpg","fringe-pink","https://www.trimsandbeads.com/chainette-fringe/p/vosmaer-arrangement-cxm59-kkrnk","本地存在且哈希一致","已校对 Mock 品类/颜色实拍；不作为真实实物身份或尺寸凭据"
"物料 SKU","FLSZ26041135-sameasphoto","20.5cm刺绣花边辅料","sameasphoto","/materials/archive/23c0221901139951ff63a0071c75267c.gif","existing-FLSZ26041135-sameasphoto","repository:public/materials/archive/23c0221901139951ff63a0071c75267c.gif","本地存在且哈希一致","已校对 Mock 品类/颜色实拍；不作为真实实物身份或尺寸凭据"
"物料 SKU","FLSZ26041134-blue","欧根纱刺绣蕾丝小花","blue","/materials/pcs-reviewed/organza-blue.jpg","organza-blue","https://www.etsy.com/listing/826670025/7-color-organza-flowers-applique-fairy","本地存在且哈希一致","已校对 Mock 品类/颜色实拍；不作为真实实物身份或尺寸凭据"
"物料 SKU","FLSZ26041134-pink","欧根纱刺绣蕾丝小花","pink","/materials/archive/e6a76d165ac01ac683f40377e1515351.jpg","existing-FLSZ26041134-pink","repository:public/materials/archive/e6a76d165ac01ac683f40377e1515351.jpg","本地存在且哈希一致","已校对 Mock 品类/颜色实拍；不作为真实实物身份或尺寸凭据"
"物料 SKU","FLSZ26041134-apricot","欧根纱刺绣蕾丝小花","apricot","/materials/archive/aee58e719c2f35faab770954c5d809ba.png","existing-FLSZ26041134-apricot","repository:public/materials/archive/aee58e719c2f35faab770954c5d809ba.png","本地存在且哈希一致","已校对 Mock 品类/颜色实拍；不作为真实实物身份或尺寸凭据"
"物料 SKU","FLSZ26041134-white","欧根纱刺绣蕾丝小花","white","/materials/archive/03170a87fd957af3c1672371e197470a.png","existing-FLSZ26041134-white","repository:public/materials/archive/03170a87fd957af3c1672371e197470a.png","本地存在且哈希一致","已校对 Mock 品类/颜色实拍；不作为真实实物身份或尺寸凭据"
"物料 SKU","CNIDML360-white-1","经编8坑-C2813","white","/materials/archive/4595f8e168082d676f32f9b977984a2a.png","existing-CNIDML360-white-1","repository:public/materials/archive/4595f8e168082d676f32f9b977984a2a.png","本地存在且哈希一致","已校对 Mock 品类/颜色实拍；不作为真实实物身份或尺寸凭据"
"物料 SKU","CNIDML360-blue-1","经编8坑-C2813","blue","/materials/pcs-reviewed/rib-blue.jpg","rib-blue","https://surgefabricshop.com/products/light-blue-8x4-poly-rib-knit?srsltid=AfmBOorWGxiUWtLL6IAb85ZxNP7jWRxV12yocDiHqA9l7qmwPtRBLx-4","本地存在且哈希一致","已校对 Mock 品类/颜色实拍；不作为真实实物身份或尺寸凭据"
"物料 SKU","FAB-COTTON-180-WHT","纯棉毛织布 180g","White","/materials/pcs-reviewed/cotton-white.jpg","cotton-white","https://www.vendfabricsonline.co.uk/products/fabric-8180-heavyweight-single-jersey-white","本地存在且哈希一致","已校对 Mock 品类/颜色实拍；不作为真实实物身份或尺寸凭据"
"物料 SKU","FAB-COTTON-180-BLK","纯棉毛织布 180g","Black","/materials/pcs-reviewed/cotton-black.jpg","cotton-black","https://naturesfabrics.com/products/black-cotton-jersey","本地存在且哈希一致","已校对 Mock 品类/颜色实拍；不作为真实实物身份或尺寸凭据"
