field_id,object,field_key,label,type,required,default,unit_or_dictionary,page,validation_and_change,proposal_section,decision_refs,design_status
CFG-001,配置项,optionId,配置项ID,稳定ID,是,系统生成,无,P11,引用不随排序或改名变化,§5,B08/B09/B10/B11,目标字段设计；未实施
CFG-002,配置项,dimension,属性字典,枚举,是,当前面板,独立属性,P11,品类/风格/品类编号分开命名空间,§5,B08/B09/B10/B11,目标字段设计；未实施
CFG-003,配置项,businessCode,业务编码,字符串,是,按模板生成或输入,无,P11,字典内唯一；使用后不随数组位置改变,§5,B08/B09/B10/B11,目标字段设计；未实施
CFG-004,配置项,nameZh,中文名称,文本,是,空,无,P11,去首尾空白；同义名称通过别名表达,§5,B08/B09/B10/B11,目标字段设计；未实施
CFG-005,配置项,nameForeign,外文名称,语言文本集合,否,空,语言,P11,按实际语言保存；不把所有外文都称英文,§5,B08/B09/B10/B11,目标字段设计；未实施
CFG-006,配置项,aliases,展示别名,文本列表,否,空,无,P11,不产生第二套内部尺码,§5,B08/B09/B10/B11,目标字段设计；未实施
CFG-007,配置项,sortOrder,排序,整数,是,末位,无,P11,调整不改业务编码,§5,B08/B09/B10/B11,目标字段设计；未实施
CFG-008,配置项,status,状态,启用/停用,是,启用,无,P11,停用限制新选；历史引用保留,§5,B08/B09/B10/B11,目标字段设计；未实施
CFG-009,配置项,usedCount,使用数,计算整数,只读,按真实引用,条,P11,可进入使用位置；不可人工输入,§5,B08/B09/B10/B11,目标字段设计；未实施
CFG-010,配置项,logs,变更记录,记录引用,只读,按动作产生,无,P11,同一人可改和审；保留原新值,§5,B08/B09/B10/B11,目标字段设计；未实施
TPL-001,分类与物料模板,categoryId,分类ID,稳定ID,是,系统生成,无,P11,商品类目与物料子类的命名空间独立,§5.2,A01/B01/B02/B03/B04/B05,目标字段设计；未实施
TPL-002,分类与物料模板,parentCategoryId,上级分类,ID,条件,空,分类树,P11,禁止成环；商品正式类目保存叶节点,§5.2,A01/B01/B02/B03/B04/B05,目标字段设计；未实施
TPL-003,分类与物料模板,materialKind,物料大类,枚举,物料必填,入口带入,面料/辅料/纱线/耗材/配件,P11,五类固定；服装纽扣拉链归辅料,§5.2,A01/B01/B02/B03/B04/B05,目标字段设计；未实施
TPL-004,分类与物料模板,templateId,模板ID,稳定ID,是,系统生成,无,P11,模板引用可追溯,§5.2,A01/B01/B02/B03/B04/B05,目标字段设计；未实施
TPL-005,分类与物料模板,templateVersion,模板版本,整数,是,1,无,P11,已用模板不原地改变身份定义,§5.2,A01/B01/B02/B03/B04/B05,目标字段设计；未实施
TPL-006,分类与物料模板,attributeKey,属性键,字符串,是,定义时填写,无,P11,模板内唯一；稳定不随文案变,§5.2,A01/B01/B02/B03/B04/B05,目标字段设计；未实施
TPL-007,分类与物料模板,attributeLabel,属性名称,文本,是,空,无,P11,中文业务名,§5.2,A01/B01/B02/B03/B04/B05,目标字段设计；未实施
TPL-008,分类与物料模板,dataType,数据类型,枚举,是,文本,文本/数值/单选/多选/成分/引用,P11,不支持任意执行脚本,§5.2,A01/B01/B02/B03/B04/B05,目标字段设计；未实施
TPL-009,分类与物料模板,identityLevel,归属层级,枚举,是,主档,主档/SKU/包装/工艺,P11,不允许把批次实测纳入标准主档,§5.2,A01/B01/B02/B03/B04/B05,目标字段设计；未实施
TPL-010,分类与物料模板,isIdentityDimension,是否身份维度,布尔,是,否,无,P11,改变值是否需要新身份由模板定义,§5.2,A01/B01/B02/B03/B04/B05,目标字段设计；未实施
TPL-011,分类与物料模板,requiredCondition,必填条件,受控条件,是,不必填,子类/工艺适用条件,P11,染色Pantone强制；不适用字段隐藏,§5.2,A01/B01/B02/B03/B04/B05,目标字段设计；未实施
TPL-012,分类与物料模板,unitId,属性单位,ID,数值适用时,空,单位字典,P11,幅宽cm；克重g/m²,§5.2,A01/B01/B02/B03/B04/B05,目标字段设计；未实施
TPL-013,分类与物料模板,valueDictionary,取值字典引用,ID,选择型必填,空,独立字典,P11,不把多种属性混在备注选项,§5.2,A01/B01/B02/B03/B04/B05,目标字段设计；未实施
TPL-014,分类与物料模板,displayOrder,显示顺序,整数,是,末位,无,P11,不影响身份,§5.2,A01/B01/B02/B03/B04/B05,目标字段设计；未实施
TPL-015,分类与物料模板,helpText,填写说明,文本,否,空,无,P11,注明标准值而非批次实测,§5.2,A01/B01/B02/B03/B04/B05,目标字段设计；未实施
TPL-016,分类与物料模板,categoryCode,分类业务码,字符串,是,系统生成或指定,分类命名空间,P11,唯一；被引用后稳定，不跟随排序变化,§5.2,A01/B01/B02/B03/B04/B05,目标字段设计；未实施
TPL-017,分类与物料模板,categoryName,分类名称,文本,是,空,无,P11,可维护语言别名；不代替稳定分类ID,§5.2,A01/B01/B02/B03/B04/B05,目标字段设计；未实施
UNIT-001,单位定义,unitId,单位ID,稳定ID,是,系统生成,无,P11,统一内部身份,§5/§8,B12/B13/B14/B15,目标字段设计；未实施
UNIT-002,单位定义,code,单位编码,字符串,是,空,M/Yard/PCS/KG等,P11,旧别名有明确映射；不擅自解释cns,§5/§8,B12/B13/B14/B15,目标字段设计；未实施
UNIT-003,单位定义,name,单位名称,文本,是,空,无,P11,米/码/件等业务显示,§5/§8,B12/B13/B14/B15,目标字段设计；未实施
UNIT-004,单位定义,dimension,量纲,枚举,是,空,长度/质量/面积/数量/体积/包装,P11,跨量纲不可使用全局任意系数,§5/§8,B12/B13/B14/B15,目标字段设计；未实施
UNIT-005,单位定义,quantityScale,数量精度,整数,是,计数0其余3建议,0至8,P11,不是价格精度,§5/§8,B12/B13/B14/B15,目标字段设计；未实施
UNIT-006,单位定义,divisible,是否允许拆分,布尔,是,按单位定义,无,P11,计数默认不允许小数,§5/§8,B12/B13/B14/B15,目标字段设计；未实施
UNIT-007,单位定义,fixedBaseUnitId,固定换算基准单位,ID,有固定关系时,空,同量纲单位,P11,只维护固定物理关系,§5/§8,B12/B13/B14/B15,目标字段设计；未实施
UNIT-008,单位定义,fixedFactor,固定系数,十进制,有基准时,空,1本单位对应基准数量,P11,必须大于0；Yard到M为0.9144,§5/§8,B12/B13/B14/B15,目标字段设计；未实施
COLOR-001,颜色与Pantone,colorId,颜色ID,稳定ID,颜色适用时,空,颜色字典,P11/P10,不可仅按显示名合并,§5/§9,B08/C04/C05,目标字段设计；未实施
COLOR-002,颜色与Pantone,colorCode,稳定颜色码,字符串,颜色适用时,取字典,无,P11/P10,生成SKU使用；审核后改名不改码,§5/§9,B08/C04/C05,目标字段设计；未实施
COLOR-003,颜色与Pantone,colorName,颜色名,文本,颜色适用时,取字典,无,P11/P10,可维护中外文别名,§5/§9,B08/C04/C05,目标字段设计；未实施
COLOR-004,颜色与Pantone,pantoneId,Pantone引用,ID,染色必填,空,Pantone字典,P11/P10,色样不能替代,§5/§9,B08/C04/C05,目标字段设计；未实施
COLOR-005,颜色与Pantone,pantoneSystem,Pantone体系,枚举/字典,染色必填,明确选择,TCX/TPX等实际体系,P11/P10,迁入体系不能由新模板默认值猜填,§5/§9,B08/C04/C05,目标字段设计；未实施
COLOR-006,颜色与Pantone,pantoneNumber,Pantone编号,字符串,染色必填,空,体系内编号,P11/P10,保持字符；字典校验不凭颜色名推导,§5/§9,B08/C04/C05,目标字段设计；未实施
COLOR-007,颜色与Pantone,sampleAssetIds,确认色样资料,ID列表,否,空,资料资产,P11/P10,辅助识别；保留版本,§5/§9,B08/C04/C05,目标字段设计；未实施
STYLE-001,款式SPU,styleId,款式ID,稳定ID,是,系统生成,无,P01/P02,一款式衣服唯一内部身份,§6,A03/A04/A05/A06/A07/B10/B11/F02,目标字段设计；未实施
STYLE-002,款式SPU,styleCode,款式编码,字符串,是,系统模板,无,P01/P02,迁入保留；建档可指定唯一值；审核后锁定,§6,A03/A04/A05/A06/A07/B10/B11/F02,目标字段设计；未实施
STYLE-003,款式SPU,styleName,款式名称,文本,是,空,无,P01/P02,改名留痕不改身份,§6,A03/A04/A05/A06/A07/B10/B11/F02,目标字段设计；未实施
STYLE-004,款式SPU,styleNameTranslations,多语款式名称,语言文本集合,否,空,语言,P01/P02,不是各店铺已发布标题的直接写入口,§6,A03/A04/A05/A06/A07/B10/B11/F02,目标字段设计；未实施
STYLE-005,款式SPU,styleNumber,款号,字符串,否,空,无,P01/P02,与内部主码含义明确；保留来源款号,§6,A03/A04/A05/A06/A07/B10/B11/F02,目标字段设计；未实施
STYLE-006,款式SPU,brandId,品牌,ID,是,空,品牌字典,P01/P02,单选；交付标准不同品牌分别建SPU,§6,A03/A04/A05/A06/A07/B10/B11/F02,目标字段设计；未实施
STYLE-007,款式SPU,formalCategoryId,正式主分类,ID,是,空,商品类目树,P01/P02,单选叶类目；平台类目单独映射,§6,A03/A04/A05/A06/A07/B10/B11/F02,目标字段设计；未实施
STYLE-008,款式SPU,categoryIds,品类,ID列表,否,空,品类字典,P01/P02,多选建议；如套装；独立于风格和品类编号,§6,A03/A04/A05/A06/A07/B10/B11/F02,目标字段设计；未实施
STYLE-009,款式SPU,styleTagIds,风格,ID列表,否,空,风格字典,P01/P02,多选；如休闲,§6,A03/A04/A05/A06/A07/B10/B11/F02,目标字段设计；未实施
STYLE-010,款式SPU,categoryNumberId,品类编号,ID,否,空,品类编号字典,P01/P02,单选建议；保留正式编号89等,§6,A03/A04/A05/A06/A07/B10/B11/F02,目标字段设计；未实施
STYLE-011,款式SPU,productPositionId,商品定位,ID,否,空,商品定位,P01/P02,单选；八项业务取值,§6,A03/A04/A05/A06/A07/B10/B11/F02,目标字段设计；未实施
STYLE-012,款式SPU,trendElementIds,流行元素,ID列表,否,空,流行元素,P01/P02,多选,§6,A03/A04/A05/A06/A07/B10/B11/F02,目标字段设计；未实施
STYLE-013,款式SPU,marketingFabricIds,营销面料描述,ID列表,否,空,营销面料字典,P01/P02,不能替代真实物料或结构化成分,§6,A03/A04/A05/A06/A07/B10/B11/F02,目标字段设计；未实施
STYLE-014,款式SPU,specialCraftTagIds,特殊工艺标签,ID列表,否,空,营销工艺标签,P01/P02,不自动建加工单,§6,A03/A04/A05/A06/A07/B10/B11/F02,目标字段设计；未实施
STYLE-015,款式SPU,crowdIds,人群,ID列表,否,空,人群,P01/P02,多选,§6,A03/A04/A05/A06/A07/B10/B11/F02,目标字段设计；未实施
STYLE-016,款式SPU,ageIds,年龄,ID列表,否,空,年龄,P01/P02,多选,§6,A03/A04/A05/A06/A07/B10/B11/F02,目标字段设计；未实施
STYLE-017,款式SPU,audiencePositionIds,人群定位,ID列表,否,空,人群定位,P01/P02,多选,§6,A03/A04/A05/A06/A07/B10/B11/F02,目标字段设计；未实施
STYLE-018,款式SPU,materialStructure,材质类型,枚举,是,明确选择,毛织/非毛织,P01/P02,技术分类不充当营销面料名,§6,A03/A04/A05/A06/A07/B10/B11/F02,目标字段设计；未实施
STYLE-019,款式SPU,year,年份,整数,否,空,年,P01/P02,实际维护,§6,A03/A04/A05/A06/A07/B10/B11/F02,目标字段设计；未实施
STYLE-020,款式SPU,seasonIds,季节,字典列表,否,空,季节,P01/P02,保留已有季节,§6,A03/A04/A05/A06/A07/B10/B11/F02,目标字段设计；未实施
STYLE-021,款式SPU,buyerId,买手/资料责任人,人员ID,否,当前责任人,人员目录,P01/P02,Vendor仅经身份核实后映射；不是供应商,§6,A03/A04/A05/A06/A07/B10/B11/F02,目标字段设计；未实施
STYLE-022,款式SPU,deliveryMode,交付方式,枚举,是,单件,单件/固定实物套装/虚拟组合,P01/P02,虚拟组合仍有自己的SPU/SKU,§6,A03/A04/A05/A06/A07/B10/B11/F02,目标字段设计；未实施
STYLE-023,款式SPU,mainAssetId,主识别图,资料ID,审核前是,空,图片,P01/P02,真实可识别图可放大,§6,A03/A04/A05/A06/A07/B10/B11/F02,目标字段设计；未实施
STYLE-024,款式SPU,galleryAssetIds,补充图片,ID列表,否,空,图片,P01/P02,有序并保留用途,§6,A03/A04/A05/A06/A07/B10/B11/F02,目标字段设计；未实施
STYLE-025,款式SPU,technicalRefs,技术包与核价引用,引用集合,只读,源领域读取,技术版本,P01/P02,技术包是否存在不决定档案身份审核,§6,A03/A04/A05/A06/A07/B10/B11/F02,目标字段设计；未实施
STYLE-026,款式SPU,sameStyleRelations,同款关联,关系列表,否,空,其他SPU,P01/P02,不合并库存/身份；不同品牌可关联,§6,A03/A04/A05/A06/A07/B10/B11/F02,目标字段设计；未实施
STYLE-027,款式SPU,substitutionRelations,替代关联,带条件关系列表,否,空,其他SKU或物料,P01/P02,适用条件和版本独立；不由同款自动推导,§6,A03/A04/A05/A06/A07/B10/B11/F02,目标字段设计；未实施
STYLE-028,款式SPU,remark,备注,文本,否,空,无,P01/P02,对象内留痕,§6,A03/A04/A05/A06/A07/B10/B11/F02,目标字段设计；未实施
CONTENT-001,基础销售内容,contentId,内容ID,稳定ID,是,系统生成,无,P02/P13,引用内容版本,§6.2/§11.3,E04/E06,目标字段设计；未实施
CONTENT-002,基础销售内容,ownerId,所属SPU或渠道商品,ID,是,当前对象,无,P02/P13,基础与店铺内容明确分属,§6.2/§11.3,E04/E06,目标字段设计；未实施
CONTENT-003,基础销售内容,languageCode,语言,字符串,是,店铺默认或选择,zh/id/en/ms,P02/P13,按真实内容语言保存,§6.2/§11.3,E04/E06,目标字段设计；未实施
CONTENT-004,基础销售内容,title,标题,文本,是,空或基础继承,无,P02/P13,渠道覆盖不反写SPU,§6.2/§11.3,E04/E06,目标字段设计；未实施
CONTENT-005,基础销售内容,descriptionHtml,商品描述,富文本,发布前是,空或继承,无,P02/P13,保留HTML语义；渲染清理危险内容,§6.2/§11.3,E04/E06,目标字段设计；未实施
CONTENT-006,基础销售内容,sellingPoints,卖点,文本列表,否,空,无,P02/P13,共同内容可初始化渠道,§6.2/§11.3,E04/E06,目标字段设计；未实施
CONTENT-007,基础销售内容,mediaRefs,图片视频序列,有序引用列表,发布前按渠道规则,空,媒体用途,P02/P13,文件本体不塞入JSON,§6.2/§11.3,E04/E06,目标字段设计；未实施
CONTENT-008,基础销售内容,sizeChartAssetId,销售尺码图,资料ID,按渠道类目要求,空,图片,P02/P13,引用技术尺寸版本,§6.2/§11.3,E04/E06,目标字段设计；未实施
CONTENT-009,基础销售内容,sizeChartSourceVersionId,尺码图技术来源,ID,有技术来源图时,空,技术尺寸版本,P02/P13,渠道不改工厂尺寸,§6.2/§11.3,E04/E06,目标字段设计；未实施
CONTENT-010,基础销售内容,inheritanceMode,继承/覆盖状态,字段级标记,渠道内容是,跟随未发布基础,无,P02/P13,平台改动形成店铺覆盖,§6.2/§11.3,E04/E06,目标字段设计；未实施
CONTENT-011,基础销售内容,baseContentVersionId,基础内容版本,ID,继承时,当前基础版本,无,P02/P13,已发布不因基础变化直接覆盖,§6.2/§11.3,E04/E06,目标字段设计；未实施
CONTENT-012,基础销售内容,contentVersion,内容版本,整数,是,1,无,P02/P13,每次实际内容变更递增,§6.2/§11.3,E04/E06,目标字段设计；未实施
SKU-001,商品SKU,skuId,内部SKU ID,稳定ID,是,系统生成,无,P03,外部ID多对一引用它,§6.3/§6.4,A04/A06/B09/B15/E05,目标字段设计；未实施
SKU-002,商品SKU,skuCode,SKU编码,字符串,是,规则生成,无,P03,唯一；审核后锁定,§6.3/§6.4,A04/A06/B09/B15/E05,目标字段设计；未实施
SKU-003,商品SKU,styleId,所属款式,ID,是,当前SPU,款式,P03,已用后不可跨款式改归属,§6.3/§6.4,A04/A06/B09/B15/E05,目标字段设计；未实施
SKU-004,商品SKU,skuName,规格名称,文本,是,由款式和规格生成,无,P03,显示名不代替结构字段,§6.3/§6.4,A04/A06/B09/B15/E05,目标字段设计；未实施
SKU-005,商品SKU,skuNameTranslations,多语规格名,语言文本集合,否,空,语言,P03,可修正留痕,§6.3/§6.4,A04/A06/B09/B15/E05,目标字段设计；未实施
SKU-006,商品SKU,colorId,颜色,ID,是,空,颜色,P03,统一内部颜色,§6.3/§6.4,A04/A06/B09/B15/E05,目标字段设计；未实施
SKU-007,商品SKU,sizeId,尺码,ID,是,空,一套尺码字典,P03,字母/数字/均码；无市场体系ID,§6.3/§6.4,A04/A06/B09/B15/E05,目标字段设计；未实施
SKU-008,商品SKU,patternIdentityId,花型交付差异,ID,构成销售/交付差异时,空,花型,P03,营销描述变化不自动新SKU,§6.3/§6.4,A04/A06/B09/B15/E05,目标字段设计；未实施
SKU-009,商品SKU,extraIdentityValues,其他交付规格,受控属性集合,条件,空,模板,P03,必须明确实物区别,§6.3/§6.4,A04/A06/B09/B15/E05,目标字段设计；未实施
SKU-010,商品SKU,barcodeAliases,条码/旧码别名,字符串列表,否,空,识别关系,P03,唯一识别同一SKU；保留旧码,§6.3/§6.4,A04/A06/B09/B15/E05,目标字段设计；未实施
SKU-011,商品SKU,mainUnitId,主单位,ID,是,件；实物套装可套,单位,P03,使用后锁定；没有库存字段,§6.3/§6.4,A04/A06/B09/B15/E05,目标字段设计；未实施
SKU-012,商品SKU,skuImageId,规格识别图,资料ID,审核前是,可引用款式图,图片,P03,按规格可识别,§6.3/§6.4,A04/A06/B09/B15/E05,目标字段设计；未实施
SKU-013,商品SKU,compositionVersionId,组合组成版本,ID,虚拟组合必填,空,组件清单,P03,至少两条；无自引用循环,§6.3/§6.4,A04/A06/B09/B15/E05,目标字段设计；未实施
SKU-014,商品SKU,channelMappings,渠道关联行,只读关联,只读,按真实映射,外部规格,P03,真实PID与ID；无映射是合法空集,§6.3/§6.4,A04/A06/B09/B15/E05,目标字段设计；未实施
SKU-015,商品SKU,technicalReferences,技术引用,只读集合,只读,技术域读取,版本,P03,预期材料与BOM移到技术域维护,§6.3/§6.4,A04/A06/B09/B15/E05,目标字段设计；未实施
COMP-001,组合组成,compositionId,组成ID,稳定ID,是,系统生成,无,P02/P03,属于组合SKU,§6.4,A06/E03/E09,目标字段设计；未实施
COMP-002,组合组成,ownerSkuId,组合SKU,ID,是,当前SKU,商品SKU,P02/P03,平台仅映射组合SKU,§6.4,A06/E03/E09,目标字段设计；未实施
COMP-003,组合组成,componentSkuId,组件SKU,ID,是,空,普通或实物套装SKU,P02/P03,不允许嵌套虚拟组合或自引用,§6.4,A06/E03/E09,目标字段设计；未实施
COMP-004,组合组成,quantity,组件数量,正十进制,是,空,组件主单位,P02/P03,按交付单位精度；必须正数,§6.4,A06/E03/E09,目标字段设计；未实施
COMP-005,组合组成,version,组成版本,整数,是,1,无,P02/P03,旧订单保存原组成；改变交付需新规格/版本,§6.4,A06/E03/E09,目标字段设计；未实施
MAT-001,物料主档,materialId,物料主档ID,稳定ID,是,系统生成,无,P04-P09,SKU和技术引用的根对象,§7,A01/A02/A03/B01/B02/B03/B04/B05,目标字段设计；未实施
MAT-002,物料主档,materialCode,根物料编码,字符串,是,系统模板,无,P04-P09,迁入保留；审核后锁定；无供方地区依赖,§7,A01/A02/A03/B01/B02/B03/B04/B05,目标字段设计；未实施
MAT-003,物料主档,materialName,物料名称,文本,是,空,无,P04-P09,唯一身份不依赖名称,§7,A01/A02/A03/B01/B02/B03/B04/B05,目标字段设计；未实施
MAT-004,物料主档,materialNameTranslations,多语物料名,语言文本集合,否,空,语言,P04-P09,保留英文标题来源,§7,A01/A02/A03/B01/B02/B03/B04/B05,目标字段设计；未实施
MAT-005,物料主档,kind,物料大类,枚举,是,入口确定,五类,P04-P09,不另设原料和加工料两套身份,§7,A01/A02/A03/B01/B02/B03/B04/B05,目标字段设计；未实施
MAT-006,物料主档,subcategoryId,物料子类,ID,是,空,物料分类,P04-P09,加载适用模板,§7,A01/A02/A03/B01/B02/B03/B04/B05,目标字段设计；未实施
MAT-007,物料主档,templateVersionId,属性模板版本,ID,是,当前已启用,物料模板,P04-P09,保存后追溯；不被新模板静默改写,§7,A01/A02/A03/B01/B02/B03/B04/B05,目标字段设计；未实施
MAT-008,物料主档,specSummary,规格摘要,派生/说明,否,适用属性组合,无,P04-P09,不得代替必填结构字段,§7,A01/A02/A03/B01/B02/B03/B04/B05,目标字段设计；未实施
MAT-009,物料主档,compositionLines,成分与比例,明细列表,适用时,空,成分/百分比,P04-P09,合计100%；比例精度按模板,§7,A01/A02/A03/B01/B02/B03/B04/B05,目标字段设计；未实施
MAT-010,物料主档,structureId,组织结构,ID,面料适用时,空,组织,P04-P09,普通/针织/梭织来源映射明确,§7,A01/A02/A03/B01/B02/B03/B04/B05,目标字段设计；未实施
MAT-011,物料主档,widthCm,幅宽,十进制,面料适用时,空,cm,P04-P09,唯一幅宽；就是有效幅宽；大于0；无空差计算,§7,A01/A02/A03/B01/B02/B03/B04/B05,目标字段设计；未实施
MAT-012,物料主档,gramWeightGsm,克重,十进制,面料适用时,空,g/m²,P04-P09,不得把旧KG字段直接填入,§7,A01/A02/A03/B01/B02/B03/B04/B05,目标字段设计；未实施
MAT-013,物料主档,yarnCountSystemId,纱支体系,ID,纱线适用时,空,Ne/Nm/tex/denier等,P04-P09,体系和值一起保存,§7,A01/A02/A03/B01/B02/B03/B04/B05,目标字段设计；未实施
MAT-014,物料主档,yarnCountValue,纱支数值,十进制,纱线适用时,空,体系对应单位,P04-P09,大于0；不是筒数,§7,A01/A02/A03/B01/B02/B03/B04/B05,目标字段设计；未实施
MAT-015,物料主档,plyCount,股数,整数,纱线适用时,空,股,P04-P09,大于0,§7,A01/A02/A03/B01/B02/B03/B04/B05,目标字段设计；未实施
MAT-016,物料主档,twistValue,捻度,十进制,模板要求时,空,需带单位,P04-P09,不与纱支合为无规则文本,§7,A01/A02/A03/B01/B02/B03/B04/B05,目标字段设计；未实施
MAT-017,物料主档,twistUnit,捻度单位,字典,填捻度时,空,捻/m等,P04-P09,与数值成对,§7,A01/A02/A03/B01/B02/B03/B04/B05,目标字段设计；未实施
MAT-018,物料主档,categoryAttributes,分类适用根属性,结构属性集合,按模板,空,TPL字段,P04-P09,含纽扣结构/拉链齿型/织带宽/绳直径等,§7,A01/A02/A03/B01/B02/B03/B04/B05,目标字段设计；未实施
MAT-019,物料主档,equipmentCompatibility,设备适配,关系集合,配件适用时,空,设备类型/型号,P04-P09,多值独立关系；不得放colorName,§7,A01/A02/A03/B01/B02/B03/B04/B05,目标字段设计；未实施
MAT-020,物料主档,mainAssetId,主图,资料ID,审核前是,空,图片,P04-P09,实际识别图,§7,A01/A02/A03/B01/B02/B03/B04/B05,目标字段设计；未实施
MAT-021,物料主档,galleryAssetIds,物料图集,ID列表,否,空,图片,P04-P09,用途和顺序明确,§7,A01/A02/A03/B01/B02/B03/B04/B05,目标字段设计；未实施
MAT-022,物料主档,barcodeTemplateId,条码标签模板,ID,打印时,默认物料模板,模板,P04-P09,不是用某一个SKU码当模板身份,§7,A01/A02/A03/B01/B02/B03/B04/B05,目标字段设计；未实施
MAT-023,物料主档,remark,备注,文本,否,空,无,P04-P09,不承担必填结构属性,§7,A01/A02/A03/B01/B02/B03/B04/B05,目标字段设计；未实施
ATTR-001,分类属性模板实例字段,componentId,成分项,字典ID,成分适用时,空,成分字典,P09/P10/P11,主档compositionLines明细；不与营销面料标签共用自由文本,§5.2/§7,B01/B02/B03/B04/B05,目标字段设计；未实施
ATTR-002,分类属性模板实例字段,componentPercent,成分比例,十进制,成分适用时,空,%,P09/P10/P11,主档明细；0至100；同一成分不重复；合计100,§5.2/§7,B01/B02/B03/B04/B05,目标字段设计；未实施
ATTR-003,分类属性模板实例字段,constructionType,结构/款式,字典ID,纽扣拉链花边装饰件按模板必填,空,子类结构字典,P09/P10/P11,主档categoryAttributes；不能用此名称替代SKU实物规格,§5.2/§7,B01/B02/B03/B04/B05,目标字段设计；未实施
ATTR-004,分类属性模板实例字段,materialComposition,结构材质,字典/成分引用,辅料耗材配件适用时,空,材质字典,P09/P10/P11,主档；不得强迫所有配件填面料成分比例,§5.2/§7,B01/B02/B03/B04/B05,目标字段设计；未实施
ATTR-005,分类属性模板实例字段,buttonHoleCount,纽扣孔数,非负整数,孔式纽扣必填,空,孔,P09/P10/P11,主档；脚式使用固定方式字段而非虚填0孔,§5.2/§7,B01/B02/B03/B04/B05,目标字段设计；未实施
ATTR-006,分类属性模板实例字段,buttonFastening,纽扣固定方式,枚举,纽扣必填,空,孔式/脚式等配置,P09/P10/P11,主档；驱动孔数适用条件,§5.2/§7,B01/B02/B03/B04/B05,目标字段设计；未实施
ATTR-007,分类属性模板实例字段,buttonDiameterMm,纽扣直径,正十进制,纽扣SKU必填,空,mm,P09/P10/P11,SKU identityValues；交付尺寸差异形成SKU,§5.2/§7,B01/B02/B03/B04/B05,目标字段设计；未实施
ATTR-008,分类属性模板实例字段,buttonThicknessMm,纽扣厚度,正十进制,模板要求时,空,mm,P09/P10/P11,SKU identityValues；未知为空,§5.2/§7,B01/B02/B03/B04/B05,目标字段设计；未实施
ATTR-009,分类属性模板实例字段,zipperToothType,拉链齿型,字典ID,拉链必填,空,齿型字典,P09/P10/P11,主档；与结构材质分开,§5.2/§7,B01/B02/B03/B04/B05,目标字段设计；未实施
ATTR-010,分类属性模板实例字段,zipperOpening,拉链开合结构,字典ID,拉链必填,空,开口/闭口等配置,P09/P10/P11,主档；按交付要求,§5.2/§7,B01/B02/B03/B04/B05,目标字段设计；未实施
ATTR-011,分类属性模板实例字段,zipperLengthCm,拉链长度,正十进制,拉链SKU必填,空,cm,P09/P10/P11,SKU identityValues；不可只写在名称,§5.2/§7,B01/B02/B03/B04/B05,目标字段设计；未实施
ATTR-012,分类属性模板实例字段,zipperGauge,拉链规格号,字符串,拉链模板要求时,空,规格号字典,P09/P10/P11,SKU identityValues；不是尺寸单位,§5.2/§7,B01/B02/B03/B04/B05,目标字段设计；未实施
ATTR-013,分类属性模板实例字段,trimWidthMm,织带/松紧带/花边标准宽度,正十进制,相应子类适用时,空,mm,P09/P10/P11,根技术规格；成品阶段有变化写产出有效值；保留TMF对象分工,§5.2/§7,B01/B02/B03/B04/B05,目标字段设计；未实施
ATTR-014,分类属性模板实例字段,ropeDiameterMm,绳子标准直径,正十进制,绳子必填,空,mm,P09/P10/P11,根技术规格；截断长度在技术用料，不自动创建物料SKU,§5.2/§7,B01/B02/B03/B04/B05,目标字段设计；未实施
ATTR-015,分类属性模板实例字段,trimShape,花边/装饰件形状,文本/字典,形状构成交付要求时,空,子类模板,P09/P10/P11,根或SKU层级由已发布模板明确；不能两处并列可改,§5.2/§7,B01/B02/B03/B04/B05,目标字段设计；未实施
ATTR-016,分类属性模板实例字段,yarnUse,纱线用途,多选字典,纱线适用时,空,针织/车缝/包缝/绣花/织带,P09/P10/P11,主档；与纱线颜色分开,§5.2/§7,B01/B02/B03/B04/B05,目标字段设计；未实施
ATTR-017,分类属性模板实例字段,bagLengthMm,包装袋长度,正十进制,包装袋SKU必填,空,mm,P09/P10/P11,SKU identityValues；此处是耗材自身尺寸，不是物流箱尺寸,§5.2/§7,B01/B02/B03/B04/B05,目标字段设计；未实施
ATTR-018,分类属性模板实例字段,bagWidthMm,包装袋宽度,正十进制,包装袋SKU必填,空,mm,P09/P10/P11,SKU identityValues,§5.2/§7,B01/B02/B03/B04/B05,目标字段设计；未实施
ATTR-019,分类属性模板实例字段,bagThicknessUm,包装袋厚度,正十进制,包装袋SKU必填,空,μm,P09/P10/P11,SKU identityValues；导入不得把mm无换算直接填入,§5.2/§7,B01/B02/B03/B04/B05,目标字段设计；未实施
ATTR-020,分类属性模板实例字段,tapeWidthMm,胶带宽度,正十进制,胶带SKU必填,空,mm,P09/P10/P11,SKU identityValues,§5.2/§7,B01/B02/B03/B04/B05,目标字段设计；未实施
ATTR-021,分类属性模板实例字段,tapeNominalLengthM,胶带标准卷长,正十进制,按固定卷交付时,空,M,P09/P10/P11,独立交付规格时入SKU；仅包装变化时归PACK并通过模板固定归属,§5.2/§7,B01/B02/B03/B04/B05,目标字段设计；未实施
ATTR-022,分类属性模板实例字段,fluidGrade,油剂牌号,字符串,油剂SKU必填,空,牌号,P09/P10/P11,SKU identityValues；非供应商名称,§5.2/§7,B01/B02/B03/B04/B05,目标字段设计；未实施
ATTR-023,分类属性模板实例字段,fluidViscosityGrade,黏度等级,字符串,油剂模板要求时,空,适用等级,P09/P10/P11,SKU identityValues；等级不当纯数值换算,§5.2/§7,B01/B02/B03/B04/B05,目标字段设计；未实施
ATTR-024,分类属性模板实例字段,fluidNetContent,油剂净含量,正十进制,独立包装交付规格时,空,明确KG/L等,P09/P10/P11,SKU规格或PACK含量按交付身份判定；不得与每基本单位净重混用,§5.2/§7,B01/B02/B03/B04/B05,目标字段设计；未实施
ATTR-025,分类属性模板实例字段,partModel,配件型号,字符串,设备配件SKU必填,空,型号,P09/P10/P11,SKU identityValues,§5.2/§7,B01/B02/B03/B04/B05,目标字段设计；未实施
ATTR-026,分类属性模板实例字段,partDimensions,配件尺寸,有字段名/数值/单位的明细,模板要求时,空,mm等,P09/P10/P11,SKU identityValues；孔距/直径/长宽高分别有名称,§5.2/§7,B01/B02/B03/B04/B05,目标字段设计；未实施
ATTR-027,分类属性模板实例字段,partMountingSpec,安装/接口规格,文本/字典,模板要求时,空,适配规格,P09/P10/P11,SKU identityValues,§5.2/§7,B01/B02/B03/B04/B05,目标字段设计；未实施
ATTR-028,分类属性模板实例字段,compatibleEquipmentTypeId,适配设备类型,ID,配件适配行必填,空,设备类型字典,P09/P10/P11,主档equipmentCompatibility明细；可多行,§5.2/§7,B01/B02/B03/B04/B05,目标字段设计；未实施
ATTR-029,分类属性模板实例字段,compatibleEquipmentModelId,适配设备型号,ID,明确型号限制时,空,相应设备型号,P09/P10/P11,主档适配明细；不得放颜色字段,§5.2/§7,B01/B02/B03/B04/B05,目标字段设计；未实施
MSKU-001,物料SKU,materialSkuId,物料SKU ID,稳定ID,是,系统生成,无,P10,合并现有SKU与变种为唯一身份,§7/§9,A02/C01/C06/C08/F03/F04,目标字段设计；未实施
MSKU-002,物料SKU,materialId,根物料主档,ID,是,投入继承或选择,MAT,P10,不可随供方改变,§7/§9,A02/C01/C06/C08/F03/F04,目标字段设计；未实施
MSKU-003,物料SKU,materialSkuCode,物料SKU码,字符串,是,规则生成或保留迁入,编码规则,P10,审核后锁定；旧码做别名,§7/§9,A02/C01/C06/C08/F03/F04,目标字段设计；未实施
MSKU-004,物料SKU,name,SKU名称,文本,是,根名与规格生成,无,P10,可修订显示名,§7/§9,A02/C01/C06/C08/F03/F04,目标字段设计；未实施
MSKU-005,物料SKU,baseSpecSegment,基础规格段,稳定字符串,多基础规格时,B01建议,编码模板,P10,已用唯一基础码不因新增规格追改,§7/§9,A02/C01/C06/C08/F03/F04,目标字段设计；未实施
MSKU-006,物料SKU,identityValues,本类身份规格,受控集合,模板要求,空,子类模板,P10,纽扣直径/拉链长度/耗材尺寸等,§7/§9,A02/C01/C06/C08/F03/F04,目标字段设计；未实施
MSKU-007,物料SKU,colorId,颜色引用,ID,适用时,空,COLOR,P10,耗材配件不通用强制,§7/§9,A02/C01/C06/C08/F03/F04,目标字段设计；未实施
MSKU-008,物料SKU,pantoneId,Pantone,ID,染色必填,空,COLOR,P10,明确体系和色号,§7/§9,A02/C01/C06/C08/F03/F04,目标字段设计；未实施
MSKU-009,物料SKU,stage,当前加工阶段,枚举,是,基础,基础/染后/印后/绣后/烫画后,P10,由当前加工定义推导,§7/§9,A02/C01/C06/C08/F03/F04,目标字段设计；未实施
MSKU-010,物料SKU,inputSkuId,直接投入SKU,ID,加工SKU必填,创建入口带入,MSKU,P10,不能通过含X猜前驱,§7/§9,A02/C01/C06/C08/F03/F04,目标字段设计；未实施
MSKU-011,物料SKU,processDefinitionId,本道加工定义,ID,加工SKU必填,创建时生成,PROC,P10,一产出一个直接定义,§7/§9,A02/C01/C06/C08/F03/F04,目标字段设计；未实施
MSKU-012,物料SKU,rootSkuId,基础投入SKU,派生ID,只读,沿前驱计算,MSKU,P10,分支可追溯不作为第二可写前驱,§7/§9,A02/C01/C06/C08/F03/F04,目标字段设计；未实施
MSKU-013,物料SKU,effectiveSpecValues,阶段产出有效规格,结构集合,加工适用时,明确继承并记录,模板及单位,P10,幅宽克重变更落实在产出；不是自动缩水计算,§7/§9,A02/C01/C06/C08/F03/F04,目标字段设计；未实施
MSKU-014,物料SKU,mainUnitId,主计量单位,ID,是,按适用类型建议,UNIT,P10,每SKU一个；不再由root直接覆盖,§7/§9,A02/C01/C06/C08/F03/F04,目标字段设计；未实施
MSKU-015,物料SKU,defaultPricingUnitRelationId,默认计价单位关系,ID,成本完整时是,主单位,UOM,P10,可用主单位或有效辅助关系,§7/§9,A02/C01/C06/C08/F03/F04,目标字段设计；未实施
MSKU-016,物料SKU,skuImageId,产出识别图,资料ID,审核前是,明确选择,图片,P10,不能用花型图冒充实物结果,§7/§9,A02/C01/C06/C08/F03/F04,目标字段设计；未实施
MSKU-017,物料SKU,barcodeAliases,条码/旧码,字符串列表,否,来源保留,无,P10,同一身份多识别码,§7/§9,A02/C01/C06/C08/F03/F04,目标字段设计；未实施
MSKU-018,物料SKU,technicalUsages,技术使用位置,只读引用,只读,从BOM和版本反查,技术域,P10,不手填假引用数,§7/§9,A02/C01/C06/C08/F03/F04,目标字段设计；未实施
PROC-001,物料加工定义,processDefinitionId,加工定义ID,稳定ID,是,系统生成,无,P10加工关系,每个产出对应一条定义,§9,C01/C02/C03/C04/C05/C06/C07/C08,目标字段设计；未实施
PROC-002,物料加工定义,inputSkuId,投入SKU,ID,是,入口带入,MSKU,P10加工关系,显式前驱；不能成环,§9,C01/C02/C03/C04/C05/C06/C07/C08,目标字段设计；未实施
PROC-003,物料加工定义,outputSkuId,产出SKU,ID,是,新建生成,MSKU,P10加工关系,与产出记录一致保存,§9,C01/C02/C03/C04/C05/C06/C07/C08,目标字段设计；未实施
PROC-004,物料加工定义,processType,工艺,枚举,是,明确选择,染色/印花/绣花/烫画,P10加工关系,本期物料身份工艺四种,§9,C01/C02/C03/C04/C05/C06/C07/C08,目标字段设计；未实施
PROC-005,物料加工定义,objectType,作用对象,枚举,是,物料,物料/裁片/毛织部位/成衣,P10加工关系,本表只保存物料；其他进入技术生产对象,§9,C01/C02/C03/C04/C05/C06/C07/C08,目标字段设计；未实施
PROC-006,物料加工定义,processVersionId,工艺资料版本,ID,是,当前确认版本,技术资料,P10加工关系,工艺参数变更可追溯,§9,C01/C02/C03/C04/C05/C06/C07/C08,目标字段设计；未实施
PROC-007,物料加工定义,pantoneId,染色色号,ID,染色是,空,Pantone,P10加工关系,强制体系和编号,§9,C01/C02/C03/C04/C05/C06/C07/C08,目标字段设计；未实施
PROC-008,物料加工定义,patternId,花型,ID,印绣烫必填,空,花型库,P10加工关系,pl编号是花型而非执行文件,§9,C01/C02/C03/C04/C05/C06/C07/C08,目标字段设计；未实施
PROC-009,物料加工定义,patternVersionId,花型版本,ID,有花型时,明确选择,花型版本,P10加工关系,资料修正与交付变更区分,§9,C01/C02/C03/C04/C05/C06/C07/C08,目标字段设计；未实施
PROC-010,物料加工定义,printSide,印花面别,枚举,印花必填,A,A/AB,P10加工关系,不再DM/SM；与渗透独立,§9,C01/C02/C03/C04/C05/C06/C07/C08,目标字段设计；未实施
PROC-011,物料加工定义,penetration,是否渗透印,布尔,印花是,否,编码参数,P10加工关系,是时必须入码,§9,C01/C02/C03/C04/C05/C06/C07/C08,目标字段设计；未实施
PROC-012,物料加工定义,frontPatternVersionId,正面花型,ID,印花必填,取花型版本,花型,P10加工关系,正反顺序明确,§9,C01/C02/C03/C04/C05/C06/C07/C08,目标字段设计；未实施
PROC-013,物料加工定义,backPatternVersionId,反面花型,ID,AB必填,可同正面,花型,P10加工关系,同花双面与不同花双面分清,§9,C01/C02/C03/C04/C05/C06/C07/C08,目标字段设计；未实施
PROC-014,物料加工定义,executionAssetIds,执行工艺资料,ID列表,审核前按工艺要求,空,印花稿/绣花版/烫画稿,P10加工关系,与展示图片分用途,§9,C01/C02/C03/C04/C05/C06/C07/C08,目标字段设计；未实施
PROC-015,物料加工定义,unitBridgeVersionId,输入输出单位换算,ID,单位不同时,空,固定/规格关系,P10加工关系,不得暗含损耗缩率,§9,C01/C02/C03/C04/C05/C06/C07/C08,目标字段设计；未实施
PROC-016,物料加工定义,codeRuleVersionId,编码规则版本,ID,是,当前启用模板,规则,P10加工关系,不按后改模板重生成旧码,§9,C01/C02/C03/C04/C05/C06/C07/C08,目标字段设计；未实施
PROC-017,物料加工定义,deliveryRevisionSegment,交付修订段,字符串,实质版本差异时,空,R02等建议,P10加工关系,普通资料纠错不加新码,§9,C01/C02/C03/C04/C05/C06/C07/C08,目标字段设计；未实施
UOM-001,SKU单位关系,relationId,换算关系ID,稳定ID,是,系统生成,无,P10计量单位,包装规格不同可有不同关系,§8,B12/B13/B14,目标字段设计；未实施
UOM-002,SKU单位关系,materialSkuId,物料SKU,ID,是,当前SKU,MSKU,P10计量单位,独立维护,§8,B12/B13/B14,目标字段设计；未实施
UOM-003,SKU单位关系,auxUnitId,辅助单位,ID,是,选择,UNIT,P10计量单位,不与主单位重复,§8,B12/B13/B14,目标字段设计；未实施
UOM-004,SKU单位关系,mainQtyPerAux,一辅助单位对应主单位数量,正十进制,是,空,主单位/辅助单位,P10计量单位,方向固定；大于0；至少8位系数建议,§8,B12/B13/B14,目标字段设计；未实施
UOM-005,SKU单位关系,basisType,换算依据类型,枚举,是,明确选择,固定/规格标准/包装含量,P10计量单位,跨量纲不得无依据,§8,B12/B13/B14,目标字段设计；未实施
UOM-006,SKU单位关系,basisReference,依据内容,文本/资料ID,规格标准时是,空,无,P10计量单位,可追溯不默认1,§8,B12/B13/B14,目标字段设计；未实施
UOM-007,SKU单位关系,packageSpecId,包装规格,ID,包装关系必填,空,PACK,P10计量单位,相同包单位不同含量必须区分,§8,B12/B13/B14,目标字段设计；未实施
UOM-008,SKU单位关系,uses,适用用途,多选,是,明确选择,采购/计价/发料,P10计量单位,下游选择器只提供适用关系,§8,B12/B13/B14,目标字段设计；未实施
UOM-009,SKU单位关系,isDefaultForUse,默认用途,集合标记,否,空,各用途,P10计量单位,每用途最多一个默认,§8,B12/B13/B14,目标字段设计；未实施
UOM-010,SKU单位关系,version,关系版本,整数,是,1,无,P10计量单位,历史单据保留采用时系数,§8,B12/B13/B14,目标字段设计；未实施
UOM-011,SKU单位关系,status,关系状态,枚举,是,有效,有效/停用,P10计量单位,不能停掉当前唯一必要计价换算,§8,B12/B13/B14,目标字段设计；未实施
UOM-012,SKU单位关系,changeReason,变更原因,文本,调整是,空,无,P10计量单位,改系数必须说明；不重算历史,§8,B12/B13/B14,目标字段设计；未实施
PACK-001,包装与物流,packageSpecId,包装规格ID,稳定ID,是,系统生成,无,P03/P10包装物流,可维护多种包装,§8.2,B14/B15,目标字段设计；未实施
PACK-002,包装与物流,ownerSkuId,所属SKU,ID,是,当前SKU,商品或物料SKU,P03/P10包装物流,对象种类明确,§8.2,B14/B15,目标字段设计；未实施
PACK-003,包装与物流,packageTypeId,包装类型,ID,是,空,包/箱/卷/筒等,P03/P10包装物流,不因包装名变化自动新SKU,§8.2,B14/B15,目标字段设计；未实施
PACK-004,包装与物流,contentQty,标准包装含量,正十进制,是,空,含量单位,P03/P10包装物流,与辅助关系对照一致,§8.2,B14/B15,目标字段设计；未实施
PACK-005,包装与物流,contentUnitId,含量单位,ID,是,主单位或有效关系,单位,P03/P10包装物流,不可只填600无单位,§8.2,B14/B15,目标字段设计；未实施
PACK-006,包装与物流,netWeightPerMainKg,每主单位净重,十进制,适用时,空,KG/主单位,P03/P10包装物流,不与面料g/m²混用,§8.2,B14/B15,目标字段设计；未实施
PACK-007,包装与物流,grossWeightKg,包装毛重,十进制,适用时,空,KG/本包装,P03/P10包装物流,注明测量基准,§8.2,B14/B15,目标字段设计；未实施
PACK-008,包装与物流,lengthCm,包装长,十进制,适用时,空,cm,P03/P10包装物流,大于0；未知为空,§8.2,B14/B15,目标字段设计；未实施
PACK-009,包装与物流,widthCm,包装宽,十进制,适用时,空,cm,P03/P10包装物流,不是面料幅宽,§8.2,B14/B15,目标字段设计；未实施
PACK-010,包装与物流,heightCm,包装高,十进制,适用时,空,cm,P03/P10包装物流,不得用0冒充实测,§8.2,B14/B15,目标字段设计；未实施
PACK-011,包装与物流,volumeM3,包装体积,计算/确认值,适用时,按尺寸计算,m³,P03/P10包装物流,明确来自尺寸还是确认资料,§8.2,B14/B15,目标字段设计；未实施
PACK-012,包装与物流,measurementBasis,测量基准,文本,有测量时,本包装,无,P03/P10包装物流,说明每件/每包；批次实测在外域,§8.2,B14/B15,目标字段设计；未实施
PACK-013,包装与物流,version,包装版本,整数,是,1,无,P03/P10包装物流,历史含量不随当前重写,§8.2,B14/B15,目标字段设计；未实施
COST-001,物料标准成本,costVersionId,成本版本ID,稳定ID,是,保存时生成,无,P10标准成本,金额变化形成版本；展示换币不形成版本,§10,D01/D02/D03/D04/D05/D06/D07/D08/D09/D10/D11/D12/D13,目标字段设计；未实施
COST-002,物料标准成本,materialSkuId,成本对象SKU,ID,是,当前SKU,MSKU,P10标准成本,与加工阶段同身份,§10,D01/D02/D03/D04/D05/D06/D07/D08/D09/D10/D11/D12/D13,目标字段设计；未实施
COST-003,物料标准成本,purchaseStandardCny,人工标准采购价,可空十进制,基础完整核价是,未维护,CNY/计价单位,P10标准成本,含税；真实0需明确确认；非最近采购自动同步,§10,D01/D02/D03/D04/D05/D06/D07/D08/D09/D10/D11/D12/D13,目标字段设计；未实施
COST-004,物料标准成本,transportStandardCny,基础标准运输价,可空十进制,基础完整核价是,未维护,CNY/计价单位,P10标准成本,只计一次,§10,D01/D02/D03/D04/D05/D06/D07/D08/D09/D10/D11/D12/D13,目标字段设计；未实施
COST-005,物料标准成本,purchaseIncludesTransport,采购价已含基础运输,布尔,基础是,明确选择,无,P10标准成本,是时另计运输为0并留说明,§10,D01/D02/D03/D04/D05/D06/D07/D08/D09/D10/D11/D12/D13,目标字段设计；未实施
COST-006,物料标准成本,processStandardCny,本道加工单价,可空十进制,加工完整核价是,未维护,CNY/产出计价单位,P10标准成本,含税含辅材；无Asaya分价,§10,D01/D02/D03/D04/D05/D06/D07/D08/D09/D10/D11/D12/D13,目标字段设计；未实施
COST-007,物料标准成本,pricingUnitRelationId,本成本计价单位,ID,是,SKU默认,UOM或主单位,P10标准成本,本阶段按产出,§10,D01/D02/D03/D04/D05/D06/D07/D08/D09/D10/D11/D12/D13,目标字段设计；未实施
COST-008,物料标准成本,predecessorCostVersionId,采用的上道标准,ID,加工是,当前前驱版本,COST,P10标准成本,自动追随最新标准；历史快照保留,§10,D01/D02/D03/D04/D05/D06/D07/D08/D09/D10/D11/D12/D13,目标字段设计；未实施
COST-009,物料标准成本,unitBridgeVersionId,上道归一单位依据,ID,单位不同时,空,UOM,P10标准成本,不含损耗/缩率,§10,D01/D02/D03/D04/D05/D06/D07/D08/D09/D10/D11/D12/D13,目标字段设计；未实施
COST-010,物料标准成本,inheritedCostCny,承接上道单价,计算十进制,只读,计算,CNY/本产出单位,P10标准成本,缺上道/换算时不冒充完整,§10,D01/D02/D03/D04/D05/D06/D07/D08/D09/D10/D11/D12/D13,目标字段设计；未实施
COST-011,物料标准成本,totalStandardCny,综合标准成本,计算十进制,只读,P+T或上道+F,CNY/本产出单位,P10标准成本,后段运输及一次性费用不进入,§10,D01/D02/D03/D04/D05/D06/D07/D08/D09/D10/D11/D12/D13,目标字段设计；未实施
COST-012,物料标准成本,sourceMoney,原币金额与币种,金额对象,存在原始来源时,保留来源,原币/原单位,P10标准成本,不得丢弃旧币种；来源精度保留,§10,D01/D02/D03/D04/D05/D06/D07/D08/D09/D10/D11/D12/D13,目标字段设计；未实施
COST-013,物料标准成本,normalizationBasis,归一计算依据,记录,原币非CNY时,人工确认,固定采用汇率/时间,P10标准成本,与展示汇率区分；本期不自动重生效,§10,D01/D02/D03/D04/D05/D06/D07/D08/D09/D10/D11/D12/D13,目标字段设计；未实施
COST-014,物料标准成本,taxIncluded,含税口径,只读布尔,是,是,无,P10标准成本,不得混入未税标准,§10,D01/D02/D03/D04/D05/D06/D07/D08/D09/D10/D11/D12/D13,目标字段设计；未实施
COST-015,物料标准成本,completeness,成本完整性,计算原因集合,只读,检查依赖,无,P10标准成本,未维护与0分开,§10,D01/D02/D03/D04/D05/D06/D07/D08/D09/D10/D11/D12/D13,目标字段设计；未实施
COST-016,物料标准成本,effectiveAt,标准生效时间,时间,是,保存成功时间,Asia/Shanghai显示,P10标准成本,自动生效，无下游复核门槛,§10,D01/D02/D03/D04/D05/D06/D07/D08/D09/D10/D11/D12/D13,目标字段设计；未实施
COST-017,物料标准成本,changeReason,成本变更原因,文本,修改是,空,无,P10标准成本,版本可追溯,§10,D01/D02/D03/D04/D05/D06/D07/D08/D09/D10/D11/D12/D13,目标字段设计；未实施
COST-018,物料标准成本,displayCurrency,展示币种,界面选择,是,RMB,CNY/IDR/USD,P10标准成本,只是视图；不写标准或历史,§10,D01/D02/D03/D04/D05/D06/D07/D08/D09/D10/D11/D12/D13,目标字段设计；未实施
COST-019,物料标准成本,displayFxId,展示汇率引用,ID,非CNY展示是,当前展示汇率,FX,P10标准成本,缺汇率提示，不默认1,§10,D01/D02/D03/D04/D05/D06/D07/D08/D09/D10/D11/D12/D13,目标字段设计；未实施
FX-001,展示汇率,fxId,汇率ID,稳定ID,是,系统生成,无,P11价格展示,仅展示参数,§10,D03/D12,目标字段设计；未实施
FX-002,展示汇率,baseCurrency,基准币种,币种,是,CNY,CNY,P11价格展示,页面可显示RMB标签,§10,D03/D12,目标字段设计；未实施
FX-003,展示汇率,quoteCurrency,目标币种,币种,是,IDR或USD,IDR/USD,P11价格展示,销售MYR是店铺价格币种，独立,§10,D03/D12,目标字段设计；未实施
FX-004,展示汇率,rate,展示汇率,正十进制,是,人工填写,1CNY=X目标币,P11价格展示,方向明确；无值不切换,§10,D03/D12,目标字段设计；未实施
FX-005,展示汇率,source,汇率来源说明,文本,是,人工说明,无,P11价格展示,示例与真实来源分开,§10,D03/D12,目标字段设计；未实施
FX-006,展示汇率,asOf,采用时间,时间,是,维护时填写,时区,P11价格展示,不设置成本汇率发布审批,§10,D03/D12,目标字段设计；未实施
STORE-001,店铺,storeId,店铺ID,稳定ID,是,系统生成,无,P14,归并项目店铺与店铺主档的重复身份,§11.1,E01/E02/E12,目标字段设计；未实施
STORE-002,店铺,storeCode,内部店铺编码,字符串,是,输入或生成,无,P14,唯一且使用后稳定,§11.1,E01/E02/E12,目标字段设计；未实施
STORE-003,店铺,storeName,店铺名称,文本,是,空,无,P14,保留实际名称,§11.1,E01/E02/E12,目标字段设计；未实施
STORE-004,店铺,channelCode,经营渠道,枚举,是,明确选择,Shopify/TikTok/独立站,P14,其他渠道仅历史查询,§11.1,E01/E02/E12,目标字段设计；未实施
STORE-005,店铺,externalStoreId,外部店铺ID,字符串,正式连接是,空,平台命名空间,P14,不转数值；不能用内部名称冒充,§11.1,E01/E02/E12,目标字段设计；未实施
STORE-006,店铺,marketCode,经营市场,枚举,是,ID,ID/MY,P14,一店一个默认市场,§11.1,E01/E02/E12,目标字段设计；未实施
STORE-007,店铺,salesCurrency,销售币种,币种,是,IDR或MYR按市场建议,ISO币种,P14,不得读取结算币种代替,§11.1,E01/E02/E12,目标字段设计；未实施
STORE-008,店铺,settlementCurrency,结算币种,币种,是,明确选择,ISO币种,P14,独立保存,§11.1,E01/E02/E12,目标字段设计；未实施
STORE-009,店铺,languageCode,默认销售语言,语言码,是,按市场建议,id/ms/en,P14,实际内容语言明确,§11.1,E01/E02/E12,目标字段设计；未实施
STORE-010,店铺,timeZone,店铺时区,时区码,是,按店铺配置,IANA,P14,不使用浏览器时间覆盖业务时间,§11.1,E01/E02/E12,目标字段设计；未实施
STORE-011,店铺,teamId,运营团队,ID,否,空,现有团队,P14,不是开发项目,§11.1,E01/E02/E12,目标字段设计；未实施
STORE-012,店铺,ownerId,负责人,人员ID,是,明确选择,人员目录,P14,变更留痕,§11.1,E01/E02/E12,目标字段设计；未实施
STORE-013,店铺,operatingStatus,经营状态,枚举,是,启用,启用/停用/历史,P14,停用不等于平台已下架,§11.1,E01/E02/E12,目标字段设计；未实施
STORE-014,店铺,inventorySource,可售规则来源,只读引用,是,WMS共享,WMS,P14,删除手工库存/店铺分配模式,§11.1,E01/E02/E12,目标字段设计；未实施
STORE-015,店铺,connectionDescription,渠道连接描述,非敏感元数据,否,演示连接,无,P14,原型不收集真实密钥；不假装已连接生产,§11.1,E01/E02/E12,目标字段设计；未实施
LIST-001,渠道PID容器,listingId,内部渠道商品ID,稳定ID,是,系统生成,无,P12/P13,上传批次不能替代它,§11/§12,E03/E04/E06/E09/E10/E11,目标字段设计；未实施
LIST-002,渠道PID容器,storeId,所属店铺,ID,是,明确选择,STORE,P12/P13,渠道/市场从店铺引用,§11/§12,E03/E04/E06/E09/E10/E11,目标字段设计；未实施
LIST-003,渠道PID容器,platformProductId,外部PID,字符串,平台分配后是,发布前空,平台,P12/P13,渠道+店铺+PID唯一；不截断/不伪造,§11/§12,E03/E04/E06/E09/E10/E11,目标字段设计；未实施
LIST-004,渠道PID容器,styleId,唯一款式,ID,是,选择,STYLE,P12/P13,全部外部规格只能映射本SPU,§11/§12,E03/E04/E06/E09/E10/E11,目标字段设计；未实施
LIST-005,渠道PID容器,contentVersionId,渠道内容版本,ID,是,当前草稿,CONTENT,P12/P13,发布指定版本,§11/§12,E03/E04/E06/E09/E10/E11,目标字段设计；未实施
LIST-006,渠道PID容器,platformCategoryId,平台类目,字符串,发布按平台规则,映射初始化,平台类目版本,P12/P13,不同于内部正式类目,§11/§12,E03/E04/E06/E09/E10/E11,目标字段设计；未实施
LIST-007,渠道PID容器,platformBrandId,平台品牌,字符串,平台要求时,映射初始化,平台品牌,P12/P13,不改SPU品牌身份,§11/§12,E03/E04/E06/E09/E10/E11,目标字段设计；未实施
LIST-008,渠道PID容器,platformAttributes,平台属性,键值集合,平台必填项是,映射初始化,平台类目属性定义,P12/P13,保留原始字段/单位和版本,§11/§12,E03/E04/E06/E09/E10/E11,目标字段设计；未实施
LIST-009,渠道PID容器,handle,Handle,字符串,平台适用时,空,平台规则,P12/P13,只属于渠道内容,§11/§12,E03/E04/E06/E09/E10/E11,目标字段设计；未实施
LIST-010,渠道PID容器,sourceTestingOrderId,可选测款单,ID,否,来源动作带入,测款,P12/P13,无开发项目必填,§11/§12,E03/E04/E06/E09/E10/E11,目标字段设计；未实施
LIST-011,渠道PID容器,testingListingActionId,测款上架动作,ID,测款发起时,来源带入,动作记录,P12/P13,返回对应动作结果不串单,§11/§12,E03/E04/E06/E09/E10/E11,目标字段设计；未实施
LIST-012,渠道PID容器,platformStatus,平台实际状态,只读状态,有观测时,未发布,平台状态对照,P12/P13,本地请求不冒充已在售,§11/§12,E03/E04/E06/E09/E10/E11,目标字段设计；未实施
LIST-013,渠道PID容器,platformRawStatus,平台原状态,原值,有回执时,空,平台,P12/P13,保留来源码不直接作中文界面文案,§11/§12,E03/E04/E06/E09/E10/E11,目标字段设计；未实施
LIST-014,渠道PID容器,syncStatus,同步状态,计算状态,只读,待发布或待同步,同步结果,P12/P13,当前版本全范围成功才一致,§11/§12,E03/E04/E06/E09/E10/E11,目标字段设计；未实施
LIST-015,渠道PID容器,lastSuccessAt,最近成功同步时间,时间,有成功时,空,时区,P12/P13,不以尝试时间代替,§11/§12,E03/E04/E06/E09/E10/E11,目标字段设计；未实施
LIST-016,渠道PID容器,sourceIdentity,来源身份,记录,迁入是,保存原值,历史系统,P12/P13,历史必须完整映射内部SKU,§11/§12,E03/E04/E06/E09/E10/E11,目标字段设计；未实施
EXT-001,平台规格实例,externalVariantId,内部平台规格记录ID,稳定ID,是,系统生成,无,P13规格映射,同内部SKU可多条,§11.3/§11.5,E03/E05/E08/E09/E13,目标字段设计；未实施
EXT-002,平台规格实例,listingId,父渠道商品,ID,是,当前LIST,LIST,P13规格映射,唯一父容器,§11.3/§11.5,E03/E05/E08/E09/E13,目标字段设计；未实施
EXT-003,平台规格实例,platformVariantId,平台规格ID,字符串,分配后是,发布前空,平台,P13规格映射,渠道+店铺+PID+规格ID唯一,§11.3/§11.5,E03/E05/E08/E09/E13,目标字段设计；未实施
EXT-004,平台规格实例,sellerSku,商家SKU文本,字符串,平台要求时,内部SKU码初始化,平台规则,P13规格映射,不等于外部规格ID；可有不同文本,§11.3/§11.5,E03/E05/E08/E09/E13,目标字段设计；未实施
EXT-005,平台规格实例,internalSkuId,内部SKU映射,ID,正式保存是,选择,SKU,P13规格映射,必须属父SPU；不按此字段去重,§11.3/§11.5,E03/E05/E08/E09/E13,目标字段设计；未实施
EXT-006,平台规格实例,displayColor,平台颜色显示,文本,平台要求时,内部名初始化,渠道内容,P13规格映射,回传改名不改内部颜色,§11.3/§11.5,E03/E05/E08/E09/E13,目标字段设计；未实施
EXT-007,平台规格实例,displaySize,平台尺码显示,文本,平台要求时,内部名初始化,单一尺码的外部别名,P13规格映射,不创建市场尺码体系,§11.3/§11.5,E03/E05/E08/E09/E13,目标字段设计；未实施
EXT-008,平台规格实例,displayPattern,平台花型显示,文本,适用时,内部名初始化,渠道内容,P13规格映射,展示与身份分离,§11.3/§11.5,E03/E05/E08/E09/E13,目标字段设计；未实施
EXT-009,平台规格实例,platformAttributeValues,平台规格属性,键值集合,平台要求时,初始化映射,平台属性,P13规格映射,按实际外部实例保存,§11.3/§11.5,E03/E05/E08/E09/E13,目标字段设计；未实施
EXT-010,平台规格实例,imageId,平台规格图片,资料ID,平台要求时,SKU图初始化,媒体,P13规格映射,用途和版本明确,§11.3/§11.5,E03/E05/E08/E09/E13,目标字段设计；未实施
EXT-011,平台规格实例,mappingVersion,映射版本,整数,是,1,无,P13规格映射,改正保留旧订单快照,§11.3/§11.5,E03/E05/E08/E09/E13,目标字段设计；未实施
EXT-012,平台规格实例,mappingEffectiveAt,映射生效时间,时间,是,保存成功,时区,P13规格映射,新订单采用新版本,§11.3/§11.5,E03/E05/E08/E09/E13,目标字段设计；未实施
EXT-013,平台规格实例,mappingReason,映射更正原因,文本,更正是,空,无,P13规格映射,同SPU更正；未完履约移交OMS,§11.3/§11.5,E03/E05/E08/E09/E13,目标字段设计；未实施
EXT-014,平台规格实例,defaultPriceGroupId,默认价组,ID,是,内部SKU店铺价组,PRICE,P13规格映射,同SKU初始相同价,§11.3/§11.5,E03/E05/E08/E09/E13,目标字段设计；未实施
EXT-015,平台规格实例,active,规格启停,布尔,是,是,无,P13规格映射,外部下架回执独立；不删历史映射,§11.3/§11.5,E03/E05/E08/E09/E13,目标字段设计；未实施
PRICE-001,渠道价格,priceId,价格记录ID,稳定ID,是,系统生成,无,P13价格,默认与覆盖关系可追溯,§11.4,E07/E08,目标字段设计；未实施
PRICE-002,渠道价格,storeId,价格店铺范围,ID,是,当前店铺,STORE,P13价格,市场币种由店铺配置,§11.4,E07/E08,目标字段设计；未实施
PRICE-003,渠道价格,internalSkuId,默认价所属SKU,ID,默认价是,映射带入,SKU,P13价格,同店铺同SKU同类型默认共用,§11.4,E07/E08,目标字段设计；未实施
PRICE-004,渠道价格,externalVariantId,覆盖对象,ID,覆盖价是,当前规格,EXT,P13价格,按外部实例独立,§11.4,E07/E08,目标字段设计；未实施
PRICE-005,渠道价格,priceType,价格类型,枚举,是,日常,吊牌/日常/直播/批发/清仓,P13价格,保留五类语义，不复用单值,§11.4,E07/E08,目标字段设计；未实施
PRICE-006,渠道价格,amount,价格金额,十进制,该价已设置时,未设置,销售币种,P13价格,非负；发布日常价大于0；空与0分开,§11.4,E07/E08,目标字段设计；未实施
PRICE-007,渠道价格,currency,币种,币种,是,店铺销售币种,ISO币种,P13价格,不使用结算币种自动替换,§11.4,E07/E08,目标字段设计；未实施
PRICE-008,渠道价格,mode,跟随或覆盖,枚举,是,跟随,默认/独立覆盖,P13价格,改默认不覆盖已独立值,§11.4,E07/E08,目标字段设计；未实施
PRICE-009,渠道价格,validFrom,起始时间,时间,限时价需要,空,店铺时区,P13价格,与结束成对校验,§11.4,E07/E08,目标字段设计；未实施
PRICE-010,渠道价格,validTo,结束时间,时间,限时价需要,空,店铺时区,P13价格,大于开始；到期参考日常价,§11.4,E07/E08,目标字段设计；未实施
PRICE-011,渠道价格,origin,变更来源,枚举,是,PCS,PCS/平台,P13价格,平台改单实例价形成覆盖,§11.4,E07/E08,目标字段设计；未实施
PRICE-012,渠道价格,version,价格版本,整数,是,1,无,P13价格,同步按提交版本处理,§11.4,E07/E08,目标字段设计；未实施
SYNC-001,发布与同步记录,operationId,业务操作ID,稳定ID,是,动作开始生成,无,P13/P15,重复提交/重试复用；不会再建另一PID,§12,E04/E10/E11/E12/E13,目标字段设计；未实施
SYNC-002,发布与同步记录,listingId,渠道商品,ID,是,当前对象,LIST,P13/P15,按对象记录,§12,E04/E10/E11/E12/E13,目标字段设计；未实施
SYNC-003,发布与同步记录,targetVariantIds,目标规格,ID列表,涉及规格时,本次明确范围,EXT,P13/P15,部分失败只重试失败项,§12,E04/E10/E11/E12/E13,目标字段设计；未实施
SYNC-004,发布与同步记录,action,动作,枚举,是,明确动作,发布/更新/下架/拉取/同步,P13/P15,动作意图和平台结果分开,§12,E04/E10/E11/E12/E13,目标字段设计；未实施
SYNC-005,发布与同步记录,direction,方向,枚举,是,动作决定,PCS到平台/平台到PCS/WMS到平台,P13/P15,字段责任不混用,§12,E04/E10/E11/E12/E13,目标字段设计；未实施
SYNC-006,发布与同步记录,fieldScope,字段范围,键列表,是,本次变更字段,字段同步矩阵,P13/P15,不支持字段不能报已同步,§12,E04/E10/E11/E12/E13,目标字段设计；未实施
SYNC-007,发布与同步记录,baseVersion,共同基线版本,版本引用,是,最近一致版本,无,P13/P15,同字段并发检测依据,§12,E04/E10/E11/E12/E13,目标字段设计；未实施
SYNC-008,发布与同步记录,submittedVersion,提交版本,版本引用,PCS发送时是,当前内容/价格版本,无,P13/P15,旧回执不能覆盖新资料,§12,E04/E10/E11/E12/E13,目标字段设计；未实施
SYNC-009,发布与同步记录,sourceEventId,来源变更ID,字符串,回传时是,外部或演示事件,无,P13/P15,防止自己回传形成循环,§12,E04/E10/E11/E12/E13,目标字段设计；未实施
SYNC-010,发布与同步记录,result,结果,枚举,是,未提交,提交中/成功/部分成功/失败/结果待核实,P13/P15,有相应回执才成功,§12,E04/E10/E11/E12/E13,目标字段设计；未实施
SYNC-011,发布与同步记录,receipt,逐对象回执,结构记录,有返回时,空,平台原值,P13/P15,保存外部ID/状态和字段结果,§12,E04/E10/E11/E12/E13,目标字段设计；未实施
SYNC-012,发布与同步记录,errorReason,失败原因,业务文本,失败时,空,无,P13/P15,说明对象、可重试动作；不让用户清缓存,§12,E04/E10/E11/E12/E13,目标字段设计；未实施
SYNC-013,发布与同步记录,conflictingValues,双方并发值,字段值集合,真实同字段冲突时,空,PCS值/平台值/版本,P13/P15,仅并发边界人工选最终值,§12,E04/E10/E11/E12/E13,目标字段设计；未实施
SYNC-014,发布与同步记录,observedAvailability,平台可售观测值,回执记录,数量同步时,来源回执,SKU单位,P13/P15,不是PCS可编辑库存或档案摘要,§12,E04/E10/E11/E12/E13,目标字段设计；未实施
SYNC-015,发布与同步记录,wmsSourceRef,WMS共享可售来源,ID/来源版本,数量同步时,权威来源,WMS,P13/P15,不建店铺分配量,§12,E04/E10/E11/E12/E13,目标字段设计；未实施
SYNC-016,发布与同步记录,startedAt,发起时间,时间,是,动作时间,时区,P13/P15,不等于成功时间,§12,E04/E10/E11/E12/E13,目标字段设计；未实施
SYNC-017,发布与同步记录,completedAt,完成时间,时间,收到确定结果时,空,时区,P13/P15,结果待核实不能填成功时间,§12,E04/E10/E11/E12/E13,目标字段设计；未实施
ASSET-001,资料引用,assetId,资料ID,稳定ID,是,保存时生成或复用,无,P02/P10/P13,文件引用而非Base64,§13,F03/F04/F07,目标字段设计；未实施
ASSET-002,资料引用,ownerId,所属对象,ID,是,当前对象,无,P02/P10/P13,跨对象共享同文件仍各有引用,§13,F03/F04/F07,目标字段设计；未实施
ASSET-003,资料引用,role,资料用途,枚举,是,明确选择,实物图/花型图/执行稿/尺码图/视频/附件,P02/P10/P13,角色不互相冒充,§13,F03/F04/F07,目标字段设计；未实施
ASSET-004,资料引用,fileName,文件名,文本,是,原文件名,无,P02/P10/P13,同名不代表相同文件,§13,F03/F04/F07,目标字段设计；未实施
ASSET-005,资料引用,mimeType,文件类型,字符串,是,读取文件,MIME,P02/P10/P13,受控白名单,§13,F03/F04/F07,目标字段设计；未实施
ASSET-006,资料引用,sizeBytes,文件大小,整数,是,读取文件,bytes,P02/P10/P13,展示真实大小,§13,F03/F04/F07,目标字段设计；未实施
ASSET-007,资料引用,fileRef,文件实体引用,ID/静态资源路径,是,保存生成,Blob或静态资源,P02/P10/P13,临时objectURL不作持久地址,§13,F03/F04/F07,目标字段设计；未实施
ASSET-008,资料引用,version,资料版本,整数,是,1,无,P02/P10/P13,替换保留有效历史引用,§13,F03/F04/F07,目标字段设计；未实施
ASSET-009,资料引用,sortOrder,显示顺序,整数,否,末位,无,P02/P10/P13,主图角色唯一,§13,F03/F04/F07,目标字段设计；未实施
GOV-001,共用审核与审计,reviewStatus,审核状态,枚举,是,草稿,草稿/待审核/通过,所有档案与配置,驳回回草稿并说明原因,§4/§13,F01/F02/F03/F04/F05/F06/F07,目标字段设计；未实施
GOV-002,共用审核与审计,lifecycleStatus,使用状态,枚举,是,未启用,未启用/启用/停用/归档,所有档案与配置,不与技术包/库存/平台状态合并,§4/§13,F01/F02/F03/F04/F05/F06/F07,目标字段设计；未实施
GOV-003,共用审核与审计,recordVersion,记录版本,整数,是,1,无,所有档案与配置,保存核对版本避免多标签静默覆盖,§4/§13,F01/F02/F03/F04/F05/F06/F07,目标字段设计；未实施
GOV-004,共用审核与审计,createdAt,建档时间,时间,是,保存成功,时区,所有档案与配置,不当库存入库时间,§4/§13,F01/F02/F03/F04/F05/F06/F07,目标字段设计；未实施
GOV-005,共用审核与审计,createdBy,建档人,人员ID,是,当前操作人,现有人员,所有档案与配置,真实操作身份,§4/§13,F01/F02/F03/F04/F05/F06/F07,目标字段设计；未实施
GOV-006,共用审核与审计,updatedAt,更新时间,时间,是,保存成功,时区,所有档案与配置,未保存不变,§4/§13,F01/F02/F03/F04/F05/F06/F07,目标字段设计；未实施
GOV-007,共用审核与审计,updatedBy,修改人,人员ID,是,当前操作人,现有人员,所有档案与配置,与审核人可同一人,§4/§13,F01/F02/F03/F04/F05/F06/F07,目标字段设计；未实施
GOV-008,共用审核与审计,reviewedAt,审核时间,时间,审核后,空,时区,所有档案与配置,保留独立动作,§4/§13,F01/F02/F03/F04/F05/F06/F07,目标字段设计；未实施
GOV-009,共用审核与审计,reviewedBy,审核人,人员ID,审核后,空,现有人员,所有档案与配置,不禁止作者自审,§4/§13,F01/F02/F03/F04/F05/F06/F07,目标字段设计；未实施
GOV-010,共用审核与审计,sourceSystem,来源系统,字符串,迁入时,空,无,所有档案与配置,保留真实来源,§4/§13,F01/F02/F03/F04/F05/F06/F07,目标字段设计；未实施
GOV-011,共用审核与审计,sourceId,原记录ID,字符串,迁入时,空,来源命名空间,所有档案与配置,不能只保留可变名称,§4/§13,F01/F02/F03/F04/F05/F06/F07,目标字段设计；未实施
GOV-012,共用审核与审计,legacyCode,历史业务码,字符串列表,存在旧码时,来源值,无,所有档案与配置,可查可扫码；不建历史修复工作台,§4/§13,F01/F02/F03/F04/F05/F06/F07,目标字段设计；未实施
GOV-013,共用审核与审计,legacyValues,必要历史原值,受控来源记录,有语义待核时,原值保留,来源字段/币种/单位,所有档案与配置,不作为目标可写业务字段,§4/§13,F01/F02/F03/F04/F05/F06/F07,目标字段设计；未实施
GOV-014,共用审核与审计,changeLog,动作日志,对象引用,是,按真实动作,无,所有档案与配置,原值新值、原因、操作者、时间,§4/§13,F01/F02/F03/F04/F05/F06/F07,目标字段设计；未实施
