source_id,source_page,observed_fields,disposition,target_fields,proposal_section,confirmed_basis,status,source_evidence
FIELD-001,商品库/编辑,商品ID、主SKU,保留身份,STYLE.styleCode;SKU.skuCode;GOV.sourceId,§6,A03/A04,方案已指定承接；未迁移；来源未核实项按§15保留,../2026-10-04-product-material-domain-audit-v2/online-field-mapping.csv
FIELD-002,商品库/编辑,商品标题、商品印尼语标题、ID/MY/PH/VN内容,分层承接,CONTENT.title;CONTENT.languageCode,§6.2/§11.3,E01/E04；U04/U22,方案已指定承接；未迁移；来源未核实项按§15保留,../2026-10-04-product-material-domain-audit-v2/online-field-mapping.csv
FIELD-003,商品库/编辑,商品描述HTML,保留内容版本,CONTENT.descriptionHtml,§6.2/§11.3,E04/E11；U28,方案已指定承接；未迁移；来源未核实项按§15保留,../2026-10-04-product-material-domain-audit-v2/online-field-mapping.csv
FIELD-004,商品库/编辑,工厂做货尺码表,技术域承接,外域:技术尺寸版本;STYLE.technicalRefs,§6.3,E06；U04,方案已指定承接；未迁移；来源未核实项按§15保留,../2026-10-04-product-material-domain-audit-v2/online-field-mapping.csv
FIELD-005,商品库/编辑,TikTok尺寸图、尺码表图片,保留来源引用,CONTENT.sizeChartAssetId;CONTENT.sizeChartSourceVersionId,§11.3,E06；U04,方案已指定承接；未迁移；来源未核实项按§15保留,../2026-10-04-product-material-domain-audit-v2/online-field-mapping.csv
FIELD-006,商品库/编辑,采购来源（印尼做货等）,采购域承接,外域:采购供货策略,§2,A08,方案已指定承接；未迁移；来源未核实项按§15保留,../2026-10-04-product-material-domain-audit-v2/online-field-mapping.csv
FIELD-007,商品库/编辑,是否需要烫画,技术域承接,外域:工艺要求;PROC.processType,§9,C01；U07,方案已指定承接；未迁移；来源未核实项按§15保留,../2026-10-04-product-material-domain-audit-v2/online-field-mapping.csv
FIELD-008,商品库/编辑,商品类型（常规/组合）,区分交付方式,STYLE.deliveryMode;COMP.componentSkuId,§6.4,A06；U24/U26,方案已指定承接；未迁移；来源未核实项按§15保留,../2026-10-04-product-material-domain-audit-v2/online-field-mapping.csv
FIELD-009,商品库/编辑,材质类型（毛织/非毛织）,保留技术分类,STYLE.materialStructure,§6,A04/B01,方案已指定承接；未迁移；来源未核实项按§15保留,../2026-10-04-product-material-domain-audit-v2/online-field-mapping.csv
FIELD-010,商品库/编辑,品牌,保留身份与映射,STYLE.brandId;LIST.platformBrandId,§5/§11,A05/B10,方案已指定承接；未迁移；来源未核实项按§15保留,../2026-10-04-product-material-domain-audit-v2/online-field-mapping.csv
FIELD-011,商品库/编辑,Handle,渠道内容承接,LIST.handle,§11.3,E01/E11,方案已指定承接；未迁移；来源未核实项按§15保留,../2026-10-04-product-material-domain-audit-v2/online-field-mapping.csv
FIELD-012,商品库/编辑,一级/二级/三级分类,分开内部平台分类,STYLE.formalCategoryId;LIST.platformCategoryId,§5,B10/B11；U05,方案已指定承接；未迁移；来源未核实项按§15保留,../2026-10-04-product-material-domain-audit-v2/online-field-mapping.csv
FIELD-013,商品库/编辑,库存（主档400、规格100）,移出PCS库存事实,外域:WMS;GOV.legacyValues,§2/§12.3,既有USR-011；U29,方案已指定承接；未迁移；来源未核实项按§15保留,../2026-10-04-product-material-domain-audit-v2/online-field-mapping.csv
FIELD-014,商品库/编辑,商品重量、长度、宽度、高度,按测量基准承接,PACK.netWeightPerMainKg;PACK.lengthCm;PACK.widthCm;PACK.heightCm,§8.2,B15,方案已指定承接；未迁移；来源未核实项按§15保留,../2026-10-04-product-material-domain-audit-v2/online-field-mapping.csv
FIELD-015,商品库/编辑,每KG运费,按适用成本或物流域承接,COST.transportStandardCny;外域:物流计价,§10,D05；U16,方案已指定承接；未迁移；来源未核实项按§15保留,../2026-10-04-product-material-domain-audit-v2/online-field-mapping.csv
FIELD-016,商品库/编辑,吊牌价,销售价格承接,PRICE.priceType;PRICE.amount,§11.4,E07,方案已指定承接；未迁移；来源未核实项按§15保留,../2026-10-04-product-material-domain-audit-v2/online-field-mapping.csv
FIELD-017,商品库/编辑,供应商（Vendor）,保留原值待来源核实,STYLE.buyerId;GOV.legacyValues,§15,AUD-002；既有USR-010,方案已指定承接；未迁移；来源未核实项按§15保留,../2026-10-04-product-material-domain-audit-v2/online-field-mapping.csv
FIELD-018,商品库/编辑,供应商名称、电话、地址,供方域承接,外域:采购供应商资料,§2,A08；既有USR-010,方案已指定承接；未迁移；来源未核实项按§15保留,../2026-10-04-product-material-domain-audit-v2/online-field-mapping.csv
FIELD-019,商品库/编辑,供应商链接,采购域承接,外域:采购货源关系,§2,A08,方案已指定承接；未迁移；来源未核实项按§15保留,../2026-10-04-product-material-domain-audit-v2/online-field-mapping.csv
FIELD-020,商品库/编辑,备注,保留对象备注,STYLE.remark;MAT.remark;GOV.changeLog,§4,F04,方案已指定承接；未迁移；来源未核实项按§15保留,../2026-10-04-product-material-domain-audit-v2/online-field-mapping.csv
FIELD-021,商品库/编辑,商品图片、高清图片、视频,保留资料与用途,ASSET.role;CONTENT.mediaRefs,§13,F03/E04/E06,方案已指定承接；未迁移；来源未核实项按§15保留,../2026-10-04-product-material-domain-audit-v2/online-field-mapping.csv
FIELD-022,商品库/编辑,品类、风格、流行元素、面料、人群、年龄、人群定位,独立属性承接,STYLE.categoryIds;STYLE.styleTagIds;STYLE.trendElementIds;STYLE.marketingFabricIds;STYLE.crowdIds;STYLE.ageIds;STYLE.audiencePositionIds,§5,B10/B11；U05,方案已指定承接；未迁移；来源未核实项按§15保留,../2026-10-04-product-material-domain-audit-v2/online-field-mapping.csv
FIELD-023,商品库/编辑,品类编号/风格编号,完整命名收口,STYLE.categoryNumberId;CFG.businessCode,§5,B11；U05,方案已指定承接；未迁移；来源未核实项按§15保留,../2026-10-04-product-material-domain-audit-v2/online-field-mapping.csv
FIELD-024,商品库/编辑,商品定位,独立属性承接,STYLE.productPositionId,§5,B10,方案已指定承接；未迁移；来源未核实项按§15保留,../2026-10-04-product-material-domain-audit-v2/online-field-mapping.csv
FIELD-025,商品库/编辑,特殊工艺,区分标签和技术,STYLE.specialCraftTagIds;外域:工艺技术,§5/§9,C01；U07,方案已指定承接；未迁移；来源未核实项按§15保留,../2026-10-04-product-material-domain-audit-v2/online-field-mapping.csv
FIELD-026,商品库/编辑,材质多选（Cotton等）,分用途承接,MAT.compositionLines;LIST.platformAttributes,§5,B01/B10；AUD-007,方案已指定承接；未迁移；来源未核实项按§15保留,../2026-10-04-product-material-domain-audit-v2/online-field-mapping.csv
FIELD-027,商品库/编辑,预计使用面辅料SPU,技术意向承接,外域:技术资料材料意向,§6.3,A04；U27,方案已指定承接；未迁移；来源未核实项按§15保留,../2026-10-04-product-material-domain-audit-v2/online-field-mapping.csv
FIELD-028,商品库/编辑,印花/染色/不需要印染/印花+染色,技术加工定义承接,PROC.processType;MSKU.inputSkuId,§9,C01/C02；U07/U08,方案已指定承接；未迁移；来源未核实项按§15保留,../2026-10-04-product-material-domain-audit-v2/online-field-mapping.csv
FIELD-029,商品库/编辑,TikTok/Shopee/Lazada Attributes,渠道属性承接,LIST.platformAttributes,§11.3,E01/E11；U22/U28,方案已指定承接；未迁移；来源未核实项按§15保留,../2026-10-04-product-material-domain-audit-v2/online-field-mapping.csv
FIELD-030,商品库/编辑,Color、Size及变种组合,身份与显示分开,SKU.colorId;SKU.sizeId;EXT.displayColor;EXT.displaySize,§6/§11,A04/E05/E09；U04/U24/U26,方案已指定承接；未迁移；来源未核实项按§15保留,../2026-10-04-product-material-domain-audit-v2/online-field-mapping.csv
FIELD-031,商品库/编辑,ID销售价格、直播价格、批发价格、清仓折扣价,五类价格分开,PRICE.priceType;PRICE.amount,§11.4,E07/E08；U25/U28,方案已指定承接；未迁移；来源未核实项按§15保留,../2026-10-04-product-material-domain-audit-v2/online-field-mapping.csv
FIELD-032,商品库/编辑,成本价RMB,成衣核价域承接,STYLE.technicalRefs;GOV.legacyValues,§6.3,D13；U09,方案已指定承接；未迁移；来源未核实项按§15保留,../2026-10-04-product-material-domain-audit-v2/online-field-mapping.csv
FIELD-033,商品库/编辑,审核状态,审核维度拆分,GOV.reviewStatus,§4,F01/F02；U30,方案已指定承接；未迁移；来源未核实项按§15保留,../2026-10-04-product-material-domain-audit-v2/online-field-mapping.csv
FIELD-034,商品列表,站点、上架平台、平台商品ID、上架时间,渠道外部身份与回执,STORE.storeId;LIST.platformProductId;SYNC.completedAt,§11/§12,E03/E09/E10；U24/U26/U27,方案已指定承接；未迁移；来源未核实项按§15保留,../2026-10-04-product-material-domain-audit-v2/online-field-mapping.csv
FIELD-035,商品列表,是否已经做货、打版完成时间,技术生产事实承接,STYLE.technicalRefs;外域:生产执行,§2/§12.4,F07；U27,方案已指定承接；未迁移；来源未核实项按§15保留,../2026-10-04-product-material-domain-audit-v2/online-field-mapping.csv
FIELD-036,商品列表,仓库/货架库存、是否货架库存,WMS承接,外域:WMS,§2,既有USR-011；U29,方案已指定承接；未迁移；来源未核实项按§15保留,../2026-10-04-product-material-domain-audit-v2/online-field-mapping.csv
FIELD-037,商品列表,总销量、爆款等级,经营分析承接,外域:经营分析与商品运营标签,§2,F07,方案已指定承接；未迁移；来源未核实项按§15保留,../2026-10-04-product-material-domain-audit-v2/online-field-mapping.csv
FIELD-038,商品列表,编辑人、采集时间、入库时间,保留真实事件语义,GOV.createdBy;GOV.createdAt;GOV.sourceSystem;GOV.legacyValues,§4/§13,F01/F04；U30,方案已指定承接；未迁移；来源未核实项按§15保留,../2026-10-04-product-material-domain-audit-v2/online-field-mapping.csv
FIELD-039,商品列表,同款、商品标签,同款与标签分开,STYLE.sameStyleRelations;STYLE.trendElementIds,§6.2,A07；U24,方案已指定承接；未迁移；来源未核实项按§15保留,../2026-10-04-product-material-domain-audit-v2/online-field-mapping.csv
FIELD-040,面辅料/原料编辑,商品类型：面料、辅料、物料、纱线、耗材、配件,五类与子类映射,MAT.kind;MAT.subcategoryId,§5,A01/B01—B05,方案已指定承接；未迁移；来源未核实项按§15保留,../2026-10-04-product-material-domain-audit-v2/online-field-mapping.csv
FIELD-041,面辅料/原料编辑,面辅料类型：原料/面辅料,按证据映射阶段,MSKU.stage;GOV.legacyValues,§7/§15,A02；U11；AUD-003,方案已指定承接；未迁移；来源未核实项按§15保留,../2026-10-04-product-material-domain-audit-v2/online-field-mapping.csv
FIELD-042,面辅料/原料编辑,是否纱线,纱线类别承接,MAT.kind;MAT.categoryAttributes,§5,B03；U09,方案已指定承接；未迁移；来源未核实项按§15保留,../2026-10-04-product-material-domain-audit-v2/online-field-mapping.csv
FIELD-043,面辅料/原料编辑,所属仓库,采购/WMS承接,外域:默认收货策略和实际单据,§2,A08；U11,方案已指定承接；未迁移；来源未核实项按§15保留,../2026-10-04-product-material-domain-audit-v2/online-field-mapping.csv
FIELD-044,面辅料/原料编辑,主SKU、商品名称、英文标题,保留身份,MAT.materialCode;MAT.materialName;MAT.materialNameTranslations,§7,A03/F04,方案已指定承接；未迁移；来源未核实项按§15保留,../2026-10-04-product-material-domain-audit-v2/online-field-mapping.csv
FIELD-045,面辅料/原料编辑,成本价,标准成本拆分,COST.totalStandardCny;GOV.legacyValues,§10,D02/D12/D13；U13/U15/U18,方案已指定承接；未迁移；来源未核实项按§15保留,../2026-10-04-product-material-domain-audit-v2/online-field-mapping.csv
FIELD-046,面辅料/原料编辑,采购价格、采购币种,保留原币与人工标准,COST.purchaseStandardCny;COST.sourceMoney;COST.normalizationBasis,§10,D02/D03；U13/U14/U21,方案已指定承接；未迁移；来源未核实项按§15保留,../2026-10-04-product-material-domain-audit-v2/online-field-mapping.csv
FIELD-047,面辅料/原料编辑,ID进口运输成本（标准值）、运输币种,基础运输承接,COST.transportStandardCny;COST.sourceMoney,§10,D04/D05；U15/U16,方案已指定承接；未迁移；来源未核实项按§15保留,../2026-10-04-product-material-domain-audit-v2/online-field-mapping.csv
FIELD-048,面辅料/原料编辑,综合面料成本,计算字段,COST.totalStandardCny,§10,D03—D09；U14—U21,方案已指定承接；未迁移；来源未核实项按§15保留,../2026-10-04-product-material-domain-audit-v2/online-field-mapping.csv
FIELD-049,面辅料/原料编辑,价格单位M/Yard/PCS/KG/roll/DZ/cns/Pair/Bunch,单位独立视图,UNIT.code;MSKU.mainUnitId;UOM.auxUnitId,§8,B12/B13；U06,方案已指定承接；未迁移；来源未核实项按§15保留,../2026-10-04-product-material-domain-audit-v2/online-field-mapping.csv
FIELD-050,面辅料/原料编辑,包装单位（600粒/包等）,包装关系承接,PACK.contentQty;PACK.contentUnitId;UOM.packageSpecId,§8,B12/B14；U06,方案已指定承接；未迁移；来源未核实项按§15保留,../2026-10-04-product-material-domain-audit-v2/online-field-mapping.csv
FIELD-051,面辅料/原料编辑,克重(KG),核实基准后映射,MAT.gramWeightGsm;PACK.netWeightPerMainKg;GOV.legacyValues,§15,B01/B15,方案已指定承接；未迁移；来源未核实项按§15保留,../2026-10-04-product-material-domain-audit-v2/online-field-mapping.csv
FIELD-052,面辅料/原料编辑,空差(cm),本期明确排除,原始调查证据保留；无目标业务字段,§5,B06；U01,方案已指定承接；未迁移；来源未核实项按§15保留,../2026-10-04-product-material-domain-audit-v2/online-field-mapping.csv
FIELD-053,面辅料/原料编辑,幅宽(cm),单一有效幅宽,MAT.widthCm;MSKU.effectiveSpecValues,§5/§7,B07；U02,方案已指定承接；未迁移；来源未核实项按§15保留,../2026-10-04-product-material-domain-audit-v2/online-field-mapping.csv
FIELD-054,面辅料/原料编辑,成分、成分简称P/C/N/A/B,结构成分承接,MAT.compositionLines;CFG.businessCode,§5,B01/B03,方案已指定承接；未迁移；来源未核实项按§15保留,../2026-10-04-product-material-domain-audit-v2/online-field-mapping.csv
FIELD-055,面辅料/原料编辑,面料材质类型：普通/针织/梭织,组织结构承接,MAT.structureId,§5,B01—B05,方案已指定承接；未迁移；来源未核实项按§15保留,../2026-10-04-product-material-domain-audit-v2/online-field-mapping.csv
FIELD-056,面辅料/原料编辑,供应商、供应商名称、链接/地址/电话,供方域承接并保留Vendor原义待核,外域:采购供应商;GOV.legacyValues,§2/§15,既有USR-010；A08,方案已指定承接；未迁移；来源未核实项按§15保留,../2026-10-04-product-material-domain-audit-v2/online-field-mapping.csv
FIELD-057,面辅料/原料编辑,采购区域,采购物流策略承接,外域:采购区域/物流策略,§2,A08,方案已指定承接；未迁移；来源未核实项按§15保留,../2026-10-04-product-material-domain-audit-v2/online-field-mapping.csv
FIELD-058,面辅料/原料编辑,图片、zip/rar附件,资料引用承接,ASSET.assetId;ASSET.role;ASSET.fileRef,§13,F03/F07；既有USR-013,方案已指定承接；未迁移；来源未核实项按§15保留,../2026-10-04-product-material-domain-audit-v2/online-field-mapping.csv
FIELD-059,面辅料/原料编辑,待审核/审核通过/已弃用,审核生命周期分开,GOV.reviewStatus;GOV.lifecycleStatus,§4,F01/F02/F05；U30,方案已指定承接；未迁移；来源未核实项按§15保留,../2026-10-04-product-material-domain-audit-v2/online-field-mapping.csv
FIELD-060,新增加工面料/辅料,加工类型染色/印花,显式加工定义,PROC.processType;PROC.objectType,§9,C01—C03；U07—U09,方案已指定承接；未迁移；来源未核实项按§15保留,../2026-10-04-product-material-domain-audit-v2/online-field-mapping.csv
FIELD-061,新增加工面料/辅料,颜色名称、潘通色号、来源地选择,颜色与采购来源分开,COLOR.colorId;COLOR.pantoneSystem;COLOR.pantoneNumber;外域:采购来源,§9,B08；U03,方案已指定承接；未迁移；来源未核实项按§15保留,../2026-10-04-product-material-domain-audit-v2/online-field-mapping.csv
FIELD-062,新增加工面料/辅料,自动生成SKU,按结构模板生成,MSKU.materialSkuCode;PROC.codeRuleVersionId,§9.2,C04/C05/C08；U07/U10,方案已指定承接；未迁移；来源未核实项按§15保留,../2026-10-04-product-material-domain-audit-v2/online-field-mapping.csv
FIELD-063,新增加工面料/辅料,花型图片,花型资料独立,PROC.patternId;PROC.patternVersionId;ASSET.role,§9,C04/C06；U10,方案已指定承接；未迁移；来源未核实项按§15保留,../2026-10-04-product-material-domain-audit-v2/online-field-mapping.csv
FIELD-064,原料SKU列表,加工信息、option1、未知,按来源证据映射,MSKU.identityValues;MSKU.inputSkuId;PROC.processType;GOV.legacyValues,§9/§15,C02；U08,方案已指定承接；未迁移；来源未核实项按§15保留,../2026-10-04-product-material-domain-audit-v2/online-field-mapping.csv
FIELD-065,原料SKU列表,Asaya成本/含运成本/加工费/加工后成本,取消品牌分栏保留历史原值,COST.purchaseStandardCny;COST.transportStandardCny;COST.processStandardCny;GOV.legacyValues,§10,D01/D07/D08；U12/U18/U19,方案已指定承接；未迁移；来源未核实项按§15保留,../2026-10-04-product-material-domain-audit-v2/online-field-mapping.csv
FIELD-066,原料SKU列表,其他品牌成本/含运成本/加工费/加工后成本,统一标准价,COST.purchaseStandardCny;COST.transportStandardCny;COST.processStandardCny,§10,D01；U12,方案已指定承接；未迁移；来源未核实项按§15保留,../2026-10-04-product-material-domain-audit-v2/online-field-mapping.csv
FIELD-067,原料SKU列表,体积m³、重量KG,测量基准分开,PACK.volumeM3;PACK.netWeightPerMainKg;PACK.grossWeightKg,§8.2,B12/B15；U06,方案已指定承接；未迁移；来源未核实项按§15保留,../2026-10-04-product-material-domain-audit-v2/online-field-mapping.csv
FIELD-068,原料SKU列表,库存,WMS承接,外域:WMS;GOV.legacyValues,§2,既有USR-011；U11/U29,方案已指定承接；未迁移；来源未核实项按§15保留,../2026-10-04-product-material-domain-audit-v2/online-field-mapping.csv
FIELD-069,原料SKU列表,图片正面、SKU、添加时间,资料身份审计承接,ASSET.role;MSKU.materialSkuCode;GOV.createdAt,§7/§13,F03/F04；既有USR-013,方案已指定承接；未迁移；来源未核实项按§15保留,../2026-10-04-product-material-domain-audit-v2/online-field-mapping.csv
