source_index,source_file,source_object,source_field,source_type,source_optional,source_line,disposition,target_contract,detail,status,evidence
1,src/data/pcs-material-archive-types.ts,MaterialUnitConversion,fromUnit,string,False,5,保留并按目标归属收口,UOM.auxUnitId,按字段字典类型和必填规则保存；原有副本仅显示投影,处置设计；未执行转换,403字段来自2026-10-04审计快照；本轮关键结构补核见current-prototype-evidence.md
2,src/data/pcs-material-archive-types.ts,MaterialUnitConversion,toUnit,string,False,6,保留并按目标归属收口,MSKU.mainUnitId,按字段字典类型和必填规则保存；原有副本仅显示投影,处置设计；未执行转换,403字段来自2026-10-04审计快照；本轮关键结构补核见current-prototype-evidence.md
3,src/data/pcs-material-archive-types.ts,MaterialUnitConversion,factor,number,False,7,保留并按目标归属收口,UOM.mainQtyPerAux,按字段字典类型和必填规则保存；原有副本仅显示投影,处置设计；未执行转换,403字段来自2026-10-04审计快照；本轮关键结构补核见current-prototype-evidence.md
4,src/data/pcs-material-archive-types.ts,MaterialArchiveRecord,materialId,string,False,11,保留并按目标归属收口,MAT.materialId,按字段字典类型和必填规则保存；原有副本仅显示投影,处置设计；未执行转换,403字段来自2026-10-04审计快照；本轮关键结构补核见current-prototype-evidence.md
5,src/data/pcs-material-archive-types.ts,MaterialArchiveRecord,kind,MaterialArchiveKind,False,12,保留并按目标归属收口,MAT.kind,按字段字典类型和必填规则保存；原有副本仅显示投影,处置设计；未执行转换,403字段来自2026-10-04审计快照；本轮关键结构补核见current-prototype-evidence.md
6,src/data/pcs-material-archive-types.ts,MaterialArchiveRecord,materialCode,string,False,13,保留并按目标归属收口,MAT.materialCode,按字段字典类型和必填规则保存；原有副本仅显示投影,处置设计；未执行转换,403字段来自2026-10-04审计快照；本轮关键结构补核见current-prototype-evidence.md
7,src/data/pcs-material-archive-types.ts,MaterialArchiveRecord,materialName,string,False,14,保留并按目标归属收口,MAT.materialName,按字段字典类型和必填规则保存；原有副本仅显示投影,处置设计；未执行转换,403字段来自2026-10-04审计快照；本轮关键结构补核见current-prototype-evidence.md
8,src/data/pcs-material-archive-types.ts,MaterialArchiveRecord,materialNameEn,string,False,15,保留并按目标归属收口,MAT.materialNameTranslations,按字段字典类型和必填规则保存；原有副本仅显示投影,处置设计；未执行转换,403字段来自2026-10-04审计快照；本轮关键结构补核见current-prototype-evidence.md
9,src/data/pcs-material-archive-types.ts,MaterialArchiveRecord,categoryName,string,False,16,保留并按目标归属收口,MAT.subcategoryId,按字段字典类型和必填规则保存；原有副本仅显示投影,处置设计；未执行转换,403字段来自2026-10-04审计快照；本轮关键结构补核见current-prototype-evidence.md
10,src/data/pcs-material-archive-types.ts,MaterialArchiveRecord,specSummary,string,False,17,保留并按目标归属收口,MAT.specSummary,按字段字典类型和必填规则保存；原有副本仅显示投影,处置设计；未执行转换,403字段来自2026-10-04审计快照；本轮关键结构补核见current-prototype-evidence.md
11,src/data/pcs-material-archive-types.ts,MaterialArchiveRecord,composition,string,False,18,保留并按目标归属收口,MAT.compositionLines,按字段字典类型和必填规则保存；原有副本仅显示投影,处置设计；未执行转换,403字段来自2026-10-04审计快照；本轮关键结构补核见current-prototype-evidence.md
12,src/data/pcs-material-archive-types.ts,MaterialArchiveRecord,processTags,string[],False,19,保留并按目标归属收口,PROC.processType,按字段字典类型和必填规则保存；原有副本仅显示投影,处置设计；未执行转换,403字段来自2026-10-04审计快照；本轮关键结构补核见current-prototype-evidence.md
13,src/data/pcs-material-archive-types.ts,MaterialArchiveRecord,widthText,string,False,20,结构化迁移,MAT.widthCm,仅有效幅宽；不可猜缺失单位,处置设计；未执行转换,403字段来自2026-10-04审计快照；本轮关键结构补核见current-prototype-evidence.md
14,src/data/pcs-material-archive-types.ts,MaterialArchiveRecord,gramWeightText,string,False,21,结构化迁移,MAT.gramWeightGsm,明确g/m²；旧90g不能直接认作合格克重,处置设计；未执行转换,403字段来自2026-10-04审计快照；本轮关键结构补核见current-prototype-evidence.md
15,src/data/pcs-material-archive-types.ts,MaterialArchiveRecord,pricingUnit,string,False,22,下沉每个物料SKU,MSKU.defaultPricingUnitRelationId,主档仅创建时提供批量默认；不保留第二可写单位事实,处置设计；未执行转换,403字段来自2026-10-04审计快照；本轮关键结构补核见current-prototype-evidence.md
16,src/data/pcs-material-archive-types.ts,MaterialArchiveRecord,mainUnit,string,False,23,下沉每个物料SKU,MSKU.mainUnitId,主档仅创建时提供批量默认；不保留第二可写单位事实,处置设计；未执行转换,403字段来自2026-10-04审计快照；本轮关键结构补核见current-prototype-evidence.md
17,src/data/pcs-material-archive-types.ts,MaterialArchiveRecord,auxiliaryUnits,string[],False,24,下沉每个物料SKU,UOM.auxUnitId,主档仅创建时提供批量默认；不保留第二可写单位事实,处置设计；未执行转换,403字段来自2026-10-04审计快照；本轮关键结构补核见current-prototype-evidence.md
18,src/data/pcs-material-archive-types.ts,MaterialArchiveRecord,unitConversions,MaterialUnitConversion[],True,25,下沉每个物料SKU,UOM.relationId,主档仅创建时提供批量默认；不保留第二可写单位事实,处置设计；未执行转换,403字段来自2026-10-04审计快照；本轮关键结构补核见current-prototype-evidence.md
19,src/data/pcs-material-archive-types.ts,MaterialArchiveRecord,mainImageUrl,string,False,26,保留并按目标归属收口,ASSET.fileRef,按字段字典类型和必填规则保存；原有副本仅显示投影,处置设计；未执行转换,403字段来自2026-10-04审计快照；本轮关键结构补核见current-prototype-evidence.md
20,src/data/pcs-material-archive-types.ts,MaterialArchiveRecord,galleryImageUrls,string[],False,27,保留并按目标归属收口,ASSET.fileRef,按字段字典类型和必填规则保存；原有副本仅显示投影,处置设计；未执行转换,403字段来自2026-10-04审计快照；本轮关键结构补核见current-prototype-evidence.md
21,src/data/pcs-material-archive-types.ts,MaterialArchiveRecord,status,MaterialArchiveStatus,False,28,保留并按目标归属收口,GOV.lifecycleStatus,按字段字典类型和必填规则保存；原有副本仅显示投影,处置设计；未执行转换,403字段来自2026-10-04审计快照；本轮关键结构补核见current-prototype-evidence.md
22,src/data/pcs-material-archive-types.ts,MaterialArchiveRecord,skuCount,number,False,29,保留只读关联投影,关联投影:对应领域记录,从真实关联计算，不把缓存计数/最后上架时间当可写主事实,处置设计；未执行转换,403字段来自2026-10-04审计快照；本轮关键结构补核见current-prototype-evidence.md
23,src/data/pcs-material-archive-types.ts,MaterialArchiveRecord,usedStyleCount,number,False,30,保留只读关联投影,关联投影:对应领域记录,从真实关联计算，不把缓存计数/最后上架时间当可写主事实,处置设计；未执行转换,403字段来自2026-10-04审计快照；本轮关键结构补核见current-prototype-evidence.md
24,src/data/pcs-material-archive-types.ts,MaterialArchiveRecord,usedTechPackCount,number,False,31,保留只读关联投影,关联投影:对应领域记录,从真实关联计算，不把缓存计数/最后上架时间当可写主事实,处置设计；未执行转换,403字段来自2026-10-04审计快照；本轮关键结构补核见current-prototype-evidence.md
25,src/data/pcs-material-archive-types.ts,MaterialArchiveRecord,barcodeTemplateCode,string,False,32,保留并按目标归属收口,MAT.barcodeTemplateId,按字段字典类型和必填规则保存；原有副本仅显示投影,处置设计；未执行转换,403字段来自2026-10-04审计快照；本轮关键结构补核见current-prototype-evidence.md
26,src/data/pcs-material-archive-types.ts,MaterialArchiveRecord,remark,string,False,33,保留并按目标归属收口,对象备注及GOV.changeLog,备注留在本对象；修改动作另留审计,处置设计；未执行转换,403字段来自2026-10-04审计快照；本轮关键结构补核见current-prototype-evidence.md
27,src/data/pcs-material-archive-types.ts,MaterialArchiveRecord,createdAt,string,False,34,保留并按目标归属收口,GOV.createdAt,按字段字典类型和必填规则保存；原有副本仅显示投影,处置设计；未执行转换,403字段来自2026-10-04审计快照；本轮关键结构补核见current-prototype-evidence.md
28,src/data/pcs-material-archive-types.ts,MaterialArchiveRecord,createdBy,string,False,35,保留并按目标归属收口,GOV.createdBy,按字段字典类型和必填规则保存；原有副本仅显示投影,处置设计；未执行转换,403字段来自2026-10-04审计快照；本轮关键结构补核见current-prototype-evidence.md
29,src/data/pcs-material-archive-types.ts,MaterialArchiveRecord,updatedAt,string,False,36,保留并按目标归属收口,GOV.updatedAt,按字段字典类型和必填规则保存；原有副本仅显示投影,处置设计；未执行转换,403字段来自2026-10-04审计快照；本轮关键结构补核见current-prototype-evidence.md
30,src/data/pcs-material-archive-types.ts,MaterialArchiveRecord,updatedBy,string,False,37,保留并按目标归属收口,GOV.updatedBy,按字段字典类型和必填规则保存；原有副本仅显示投影,处置设计；未执行转换,403字段来自2026-10-04审计快照；本轮关键结构补核见current-prototype-evidence.md
31,src/data/pcs-material-archive-types.ts,MaterialSkuRecord,materialSkuId,string,False,41,保留并按目标归属收口,MSKU.materialSkuId,按字段字典类型和必填规则保存；原有副本仅显示投影,处置设计；未执行转换,403字段来自2026-10-04审计快照；本轮关键结构补核见current-prototype-evidence.md
32,src/data/pcs-material-archive-types.ts,MaterialSkuRecord,materialId,string,False,42,保留并按目标归属收口,MAT.materialId,按字段字典类型和必填规则保存；原有副本仅显示投影,处置设计；未执行转换,403字段来自2026-10-04审计快照；本轮关键结构补核见current-prototype-evidence.md
33,src/data/pcs-material-archive-types.ts,MaterialSkuRecord,materialCode,string,False,43,保留并按目标归属收口,MAT.materialCode,按字段字典类型和必填规则保存；原有副本仅显示投影,处置设计；未执行转换,403字段来自2026-10-04审计快照；本轮关键结构补核见current-prototype-evidence.md
34,src/data/pcs-material-archive-types.ts,MaterialSkuRecord,materialSkuCode,string,False,44,保留并按目标归属收口,MSKU.materialSkuCode,按字段字典类型和必填规则保存；原有副本仅显示投影,处置设计；未执行转换,403字段来自2026-10-04审计快照；本轮关键结构补核见current-prototype-evidence.md
35,src/data/pcs-material-archive-types.ts,MaterialSkuRecord,materialName,string,False,45,保留并按目标归属收口,MAT.materialName,按字段字典类型和必填规则保存；原有副本仅显示投影,处置设计；未执行转换,403字段来自2026-10-04审计快照；本轮关键结构补核见current-prototype-evidence.md
36,src/data/pcs-material-archive-types.ts,MaterialSkuRecord,colorName,string,False,46,保留并按目标归属收口,COLOR.colorName,物料配件现有设备值转适配关系；真正颜色转颜色字典；不得强行按颜色处理全部类型,处置设计；未执行转换,403字段来自2026-10-04审计快照；本轮关键结构补核见current-prototype-evidence.md
37,src/data/pcs-material-archive-types.ts,MaterialSkuRecord,pantoneCode,string,True,48,保留并按目标归属收口,COLOR.pantoneNumber,按字段字典类型和必填规则保存；原有副本仅显示投影,处置设计；未执行转换,403字段来自2026-10-04审计快照；本轮关键结构补核见current-prototype-evidence.md
38,src/data/pcs-material-archive-types.ts,MaterialSkuRecord,patternCode,string,True,50,保留并按目标归属收口,PROC.patternId,按字段字典类型和必填规则保存；原有副本仅显示投影,处置设计；未执行转换,403字段来自2026-10-04审计快照；本轮关键结构补核见current-prototype-evidence.md
39,src/data/pcs-material-archive-types.ts,MaterialSkuRecord,designRevisionProcesses,Array<'DYEING' | 'PRINTING'>,True,52,统一加工定义,PROC.processType,支持染后再印；不让PRINT排除DYE,处置设计；未执行转换,403字段来自2026-10-04审计快照；本轮关键结构补核见current-prototype-evidence.md
40,src/data/pcs-material-archive-types.ts,MaterialSkuRecord,designRevisionRawSkuId,string,True,54,统一加工定义,MSKU.rootSkuId,原始投入通过关系追溯,处置设计；未执行转换,403字段来自2026-10-04审计快照；本轮关键结构补核见current-prototype-evidence.md
41,src/data/pcs-material-archive-types.ts,MaterialSkuRecord,designRevisionDyedSkuId,string,True,56,统一加工定义,MSKU.inputSkuId,印后SKU直接关联染后SKU,处置设计；未执行转换,403字段来自2026-10-04审计快照；本轮关键结构补核见current-prototype-evidence.md
42,src/data/pcs-material-archive-types.ts,MaterialSkuRecord,patternImageUrl,string,True,58,保留并按目标归属收口,ASSET.fileRef,按字段字典类型和必填规则保存；原有副本仅显示投影,处置设计；未执行转换,403字段来自2026-10-04审计快照；本轮关键结构补核见current-prototype-evidence.md
43,src/data/pcs-material-archive-types.ts,MaterialSkuRecord,specName,string,False,59,保留并按目标归属收口,MSKU.identityValues,按字段字典类型和必填规则保存；原有副本仅显示投影,处置设计；未执行转换,403字段来自2026-10-04审计快照；本轮关键结构补核见current-prototype-evidence.md
44,src/data/pcs-material-archive-types.ts,MaterialSkuRecord,sizeName,string,False,60,保留并按目标归属收口,MSKU.identityValues,物料非服装尺码；按分类拆为对应规格字段,处置设计；未执行转换,403字段来自2026-10-04审计快照；本轮关键结构补核见current-prototype-evidence.md
45,src/data/pcs-material-archive-types.ts,MaterialSkuRecord,skuImageUrl,string,False,61,保留并按目标归属收口,ASSET.fileRef,按字段字典类型和必填规则保存；原有副本仅显示投影,处置设计；未执行转换,403字段来自2026-10-04审计快照；本轮关键结构补核见current-prototype-evidence.md
46,src/data/pcs-material-archive-types.ts,MaterialSkuRecord,costPrice,number,False,62,拆分标准成本,COST.purchaseStandardCny,原cost含义按来源核实；不能把综合价误作采购价再叠运输,处置设计；未执行转换,403字段来自2026-10-04审计快照；本轮关键结构补核见current-prototype-evidence.md
47,src/data/pcs-material-archive-types.ts,MaterialSkuRecord,freightCost,number,False,63,拆分基础标准运输,COST.transportStandardCny,派生阶段不再新增运输成本,处置设计；未执行转换,403字段来自2026-10-04审计快照；本轮关键结构补核见current-prototype-evidence.md
48,src/data/pcs-material-archive-types.ts,MaterialSkuRecord,pricingUnit,string,False,64,保留并按目标归属收口,MSKU.defaultPricingUnitRelationId,按字段字典类型和必填规则保存；原有副本仅显示投影,处置设计；未执行转换,403字段来自2026-10-04审计快照；本轮关键结构补核见current-prototype-evidence.md
49,src/data/pcs-material-archive-types.ts,MaterialSkuRecord,unitConversions,MaterialUnitConversion[],True,65,保留并按目标归属收口,UOM.relationId,按字段字典类型和必填规则保存；原有副本仅显示投影,处置设计；未执行转换,403字段来自2026-10-04审计快照；本轮关键结构补核见current-prototype-evidence.md
50,src/data/pcs-material-archive-types.ts,MaterialSkuRecord,weightKg,number,False,66,保留并按目标归属收口,PACK.netWeightPerMainKg,按字段字典类型和必填规则保存；原有副本仅显示投影,处置设计；未执行转换,403字段来自2026-10-04审计快照；本轮关键结构补核见current-prototype-evidence.md
51,src/data/pcs-material-archive-types.ts,MaterialSkuRecord,lengthCm,number,False,67,保留并按目标归属收口,PACK.lengthCm,按字段字典类型和必填规则保存；原有副本仅显示投影,处置设计；未执行转换,403字段来自2026-10-04审计快照；本轮关键结构补核见current-prototype-evidence.md
52,src/data/pcs-material-archive-types.ts,MaterialSkuRecord,widthCm,number,False,68,保留并按目标归属收口,PACK.widthCm,按字段字典类型和必填规则保存；原有副本仅显示投影,处置设计；未执行转换,403字段来自2026-10-04审计快照；本轮关键结构补核见current-prototype-evidence.md
53,src/data/pcs-material-archive-types.ts,MaterialSkuRecord,heightCm,number,False,69,保留并按目标归属收口,PACK.heightCm,按字段字典类型和必填规则保存；原有副本仅显示投影,处置设计；未执行转换,403字段来自2026-10-04审计快照；本轮关键结构补核见current-prototype-evidence.md
54,src/data/pcs-material-archive-types.ts,MaterialSkuRecord,barcode,string,False,70,保留并按目标归属收口,MSKU.barcodeAliases,按字段字典类型和必填规则保存；原有副本仅显示投影,处置设计；未执行转换,403字段来自2026-10-04审计快照；本轮关键结构补核见current-prototype-evidence.md
55,src/data/pcs-material-archive-types.ts,MaterialSkuRecord,status,MaterialArchiveStatus,False,71,保留并按目标归属收口,GOV.lifecycleStatus,按字段字典类型和必填规则保存；原有副本仅显示投影,处置设计；未执行转换,403字段来自2026-10-04审计快照；本轮关键结构补核见current-prototype-evidence.md
56,src/data/pcs-material-archive-types.ts,MaterialSkuRecord,createdAt,string,False,72,保留并按目标归属收口,GOV.createdAt,按字段字典类型和必填规则保存；原有副本仅显示投影,处置设计；未执行转换,403字段来自2026-10-04审计快照；本轮关键结构补核见current-prototype-evidence.md
57,src/data/pcs-material-archive-types.ts,MaterialSkuRecord,createdBy,string,False,73,保留并按目标归属收口,GOV.createdBy,按字段字典类型和必填规则保存；原有副本仅显示投影,处置设计；未执行转换,403字段来自2026-10-04审计快照；本轮关键结构补核见current-prototype-evidence.md
58,src/data/pcs-material-archive-types.ts,MaterialSkuRecord,updatedAt,string,False,74,保留并按目标归属收口,GOV.updatedAt,按字段字典类型和必填规则保存；原有副本仅显示投影,处置设计；未执行转换,403字段来自2026-10-04审计快照；本轮关键结构补核见current-prototype-evidence.md
59,src/data/pcs-material-archive-types.ts,MaterialSkuRecord,updatedBy,string,False,75,保留并按目标归属收口,GOV.updatedBy,按字段字典类型和必填规则保存；原有副本仅显示投影,处置设计；未执行转换,403字段来自2026-10-04审计快照；本轮关键结构补核见current-prototype-evidence.md
60,src/data/pcs-material-archive-types.ts,MaterialUsageRecord,usageId,string,False,79,保留技术使用引用,MSKU.technicalUsages,保留所属物料/款式、技术版本和使用摘要；由技术域关联计算，不新增另一份档案或手工引用统计,处置设计；未执行转换,403字段来自2026-10-04审计快照；本轮关键结构补核见current-prototype-evidence.md
61,src/data/pcs-material-archive-types.ts,MaterialUsageRecord,materialId,string,False,80,保留技术使用引用,MSKU.technicalUsages,保留所属物料/款式、技术版本和使用摘要；由技术域关联计算，不新增另一份档案或手工引用统计,处置设计；未执行转换,403字段来自2026-10-04审计快照；本轮关键结构补核见current-prototype-evidence.md
62,src/data/pcs-material-archive-types.ts,MaterialUsageRecord,styleId,string,False,81,保留技术使用引用,MSKU.technicalUsages,保留所属物料/款式、技术版本和使用摘要；由技术域关联计算，不新增另一份档案或手工引用统计,处置设计；未执行转换,403字段来自2026-10-04审计快照；本轮关键结构补核见current-prototype-evidence.md
63,src/data/pcs-material-archive-types.ts,MaterialUsageRecord,styleCode,string,False,82,保留技术使用引用,MSKU.technicalUsages,保留所属物料/款式、技术版本和使用摘要；由技术域关联计算，不新增另一份档案或手工引用统计,处置设计；未执行转换,403字段来自2026-10-04审计快照；本轮关键结构补核见current-prototype-evidence.md
64,src/data/pcs-material-archive-types.ts,MaterialUsageRecord,styleName,string,False,83,保留技术使用引用,MSKU.technicalUsages,保留所属物料/款式、技术版本和使用摘要；由技术域关联计算，不新增另一份档案或手工引用统计,处置设计；未执行转换,403字段来自2026-10-04审计快照；本轮关键结构补核见current-prototype-evidence.md
65,src/data/pcs-material-archive-types.ts,MaterialUsageRecord,technicalVersionId,string,False,84,保留技术使用引用,MSKU.technicalUsages,保留所属物料/款式、技术版本和使用摘要；由技术域关联计算，不新增另一份档案或手工引用统计,处置设计；未执行转换,403字段来自2026-10-04审计快照；本轮关键结构补核见current-prototype-evidence.md
66,src/data/pcs-material-archive-types.ts,MaterialUsageRecord,technicalVersionLabel,string,False,85,保留技术使用引用,MSKU.technicalUsages,保留所属物料/款式、技术版本和使用摘要；由技术域关联计算，不新增另一份档案或手工引用统计,处置设计；未执行转换,403字段来自2026-10-04审计快照；本轮关键结构补核见current-prototype-evidence.md
67,src/data/pcs-material-archive-types.ts,MaterialUsageRecord,consumptionText,string,False,86,保留技术使用引用,MSKU.technicalUsages,保留所属物料/款式、技术版本和使用摘要；由技术域关联计算，不新增另一份档案或手工引用统计,处置设计；未执行转换,403字段来自2026-10-04审计快照；本轮关键结构补核见current-prototype-evidence.md
68,src/data/pcs-material-archive-types.ts,MaterialUsageRecord,updatedAt,string,False,87,保留技术使用引用,MSKU.technicalUsages,保留所属物料/款式、技术版本和使用摘要；由技术域关联计算，不新增另一份档案或手工引用统计,处置设计；未执行转换,403字段来自2026-10-04审计快照；本轮关键结构补核见current-prototype-evidence.md
69,src/data/pcs-material-archive-types.ts,MaterialSkuDraftInput,colorName,string,False,91,保留并按目标归属收口,COLOR.colorName,物料配件现有设备值转适配关系；真正颜色转颜色字典；不得强行按颜色处理全部类型,处置设计；未执行转换,403字段来自2026-10-04审计快照；本轮关键结构补核见current-prototype-evidence.md
70,src/data/pcs-material-archive-types.ts,MaterialSkuDraftInput,pantoneCode,string,True,92,保留并按目标归属收口,COLOR.pantoneNumber,按字段字典类型和必填规则保存；原有副本仅显示投影,处置设计；未执行转换,403字段来自2026-10-04审计快照；本轮关键结构补核见current-prototype-evidence.md
71,src/data/pcs-material-archive-types.ts,MaterialSkuDraftInput,patternCode,string,True,93,保留并按目标归属收口,PROC.patternId,按字段字典类型和必填规则保存；原有副本仅显示投影,处置设计；未执行转换,403字段来自2026-10-04审计快照；本轮关键结构补核见current-prototype-evidence.md
72,src/data/pcs-material-archive-types.ts,MaterialSkuDraftInput,specName,string,False,94,保留并按目标归属收口,MSKU.identityValues,按字段字典类型和必填规则保存；原有副本仅显示投影,处置设计；未执行转换,403字段来自2026-10-04审计快照；本轮关键结构补核见current-prototype-evidence.md
73,src/data/pcs-material-archive-types.ts,MaterialSkuDraftInput,sizeName,string,False,95,保留并按目标归属收口,MSKU.identityValues,物料非服装尺码；按分类拆为对应规格字段,处置设计；未执行转换,403字段来自2026-10-04审计快照；本轮关键结构补核见current-prototype-evidence.md
74,src/data/pcs-material-archive-types.ts,MaterialSkuDraftInput,skuImageUrl,string,False,96,保留并按目标归属收口,ASSET.fileRef,按字段字典类型和必填规则保存；原有副本仅显示投影,处置设计；未执行转换,403字段来自2026-10-04审计快照；本轮关键结构补核见current-prototype-evidence.md
75,src/data/pcs-material-archive-types.ts,MaterialSkuDraftInput,costPrice,number,False,97,拆分标准成本,COST.purchaseStandardCny,原cost含义按来源核实；不能把综合价误作采购价再叠运输,处置设计；未执行转换,403字段来自2026-10-04审计快照；本轮关键结构补核见current-prototype-evidence.md
76,src/data/pcs-material-archive-types.ts,MaterialSkuDraftInput,freightCost,number,False,98,拆分基础标准运输,COST.transportStandardCny,派生阶段不再新增运输成本,处置设计；未执行转换,403字段来自2026-10-04审计快照；本轮关键结构补核见current-prototype-evidence.md
77,src/data/pcs-material-archive-types.ts,MaterialSkuDraftInput,weightKg,number,False,99,保留并按目标归属收口,PACK.netWeightPerMainKg,按字段字典类型和必填规则保存；原有副本仅显示投影,处置设计；未执行转换,403字段来自2026-10-04审计快照；本轮关键结构补核见current-prototype-evidence.md
78,src/data/pcs-material-archive-types.ts,MaterialSkuDraftInput,lengthCm,number,False,100,保留并按目标归属收口,PACK.lengthCm,按字段字典类型和必填规则保存；原有副本仅显示投影,处置设计；未执行转换,403字段来自2026-10-04审计快照；本轮关键结构补核见current-prototype-evidence.md
79,src/data/pcs-material-archive-types.ts,MaterialSkuDraftInput,widthCm,number,False,101,保留并按目标归属收口,PACK.widthCm,按字段字典类型和必填规则保存；原有副本仅显示投影,处置设计；未执行转换,403字段来自2026-10-04审计快照；本轮关键结构补核见current-prototype-evidence.md
80,src/data/pcs-material-archive-types.ts,MaterialSkuDraftInput,heightCm,number,False,102,保留并按目标归属收口,PACK.heightCm,按字段字典类型和必填规则保存；原有副本仅显示投影,处置设计；未执行转换,403字段来自2026-10-04审计快照；本轮关键结构补核见current-prototype-evidence.md
81,src/data/pcs-material-archive-types.ts,MaterialSkuDraftInput,barcode,string,False,103,保留并按目标归属收口,MSKU.barcodeAliases,按字段字典类型和必填规则保存；原有副本仅显示投影,处置设计；未执行转换,403字段来自2026-10-04审计快照；本轮关键结构补核见current-prototype-evidence.md
82,src/data/pcs-material-archive-types.ts,MaterialLogRecord,logId,string,False,107,保留事件日志字段,GOV.changeLog,保留日志自身ID、所属对象、摘要、详情、操作人和发生时间；不把日志ID当配置ID或操作时间当当前档案更新时间,处置设计；未执行转换,403字段来自2026-10-04审计快照；本轮关键结构补核见current-prototype-evidence.md
83,src/data/pcs-material-archive-types.ts,MaterialLogRecord,materialId,string,False,108,保留事件日志字段,GOV.changeLog,保留日志自身ID、所属对象、摘要、详情、操作人和发生时间；不把日志ID当配置ID或操作时间当当前档案更新时间,处置设计；未执行转换,403字段来自2026-10-04审计快照；本轮关键结构补核见current-prototype-evidence.md
84,src/data/pcs-material-archive-types.ts,MaterialLogRecord,operatorName,string,False,109,保留事件日志字段,GOV.changeLog,保留日志自身ID、所属对象、摘要、详情、操作人和发生时间；不把日志ID当配置ID或操作时间当当前档案更新时间,处置设计；未执行转换,403字段来自2026-10-04审计快照；本轮关键结构补核见current-prototype-evidence.md
85,src/data/pcs-material-archive-types.ts,MaterialLogRecord,title,string,False,110,保留事件日志字段,GOV.changeLog,保留日志自身ID、所属对象、摘要、详情、操作人和发生时间；不把日志ID当配置ID或操作时间当当前档案更新时间,处置设计；未执行转换,403字段来自2026-10-04审计快照；本轮关键结构补核见current-prototype-evidence.md
86,src/data/pcs-material-archive-types.ts,MaterialLogRecord,detail,string,False,111,保留事件日志字段,GOV.changeLog,保留日志自身ID、所属对象、摘要、详情、操作人和发生时间；不把日志ID当配置ID或操作时间当当前档案更新时间,处置设计；未执行转换,403字段来自2026-10-04审计快照；本轮关键结构补核见current-prototype-evidence.md
87,src/data/pcs-material-archive-types.ts,MaterialLogRecord,createdAt,string,False,112,保留事件日志字段,GOV.changeLog,保留日志自身ID、所属对象、摘要、详情、操作人和发生时间；不把日志ID当配置ID或操作时间当当前档案更新时间,处置设计；未执行转换,403字段来自2026-10-04审计快照；本轮关键结构补核见current-prototype-evidence.md
88,src/data/pcs-material-archive-types.ts,MaterialArchiveStoreSnapshot,version,number,False,116,退役整包持久化容器,存储:按记录仓库与事务,保留业务记录语义；禁止将整包快照搬入IndexedDB持续重写,处置设计；未执行转换,403字段来自2026-10-04审计快照；本轮关键结构补核见current-prototype-evidence.md
89,src/data/pcs-material-archive-types.ts,MaterialArchiveStoreSnapshot,records,MaterialArchiveRecord[],False,117,退役整包持久化容器,存储:按记录仓库与事务,保留业务记录语义；禁止将整包快照搬入IndexedDB持续重写,处置设计；未执行转换,403字段来自2026-10-04审计快照；本轮关键结构补核见current-prototype-evidence.md
90,src/data/pcs-material-archive-types.ts,MaterialArchiveStoreSnapshot,skuRecords,MaterialSkuRecord[],False,118,退役整包持久化容器,存储:按记录仓库与事务,保留业务记录语义；禁止将整包快照搬入IndexedDB持续重写,处置设计；未执行转换,403字段来自2026-10-04审计快照；本轮关键结构补核见current-prototype-evidence.md
91,src/data/pcs-material-archive-types.ts,MaterialArchiveStoreSnapshot,usageRecords,MaterialUsageRecord[],False,119,退役整包持久化容器,存储:按记录仓库与事务,保留业务记录语义；禁止将整包快照搬入IndexedDB持续重写,处置设计；未执行转换,403字段来自2026-10-04审计快照；本轮关键结构补核见current-prototype-evidence.md
92,src/data/pcs-material-archive-types.ts,MaterialArchiveStoreSnapshot,logRecords,MaterialLogRecord[],False,120,退役整包持久化容器,存储:按记录仓库与事务,保留业务记录语义；禁止将整包快照搬入IndexedDB持续重写,处置设计；未执行转换,403字段来自2026-10-04审计快照；本轮关键结构补核见current-prototype-evidence.md
93,src/data/pcs-material-variant-types.ts,MaterialVariantProcessStep,processType,MaterialVariantProcessType,False,6,保留并按目标归属收口,PROC.processType,按字段字典类型和必填规则保存；原有副本仅显示投影,处置设计；未执行转换,403字段来自2026-10-04审计快照；本轮关键结构补核见current-prototype-evidence.md
94,src/data/pcs-material-variant-types.ts,MaterialVariantProcessStep,processCode,string,False,7,保留并按目标归属收口,PROC.processType,按字段字典类型和必填规则保存；原有副本仅显示投影,处置设计；未执行转换,403字段来自2026-10-04审计快照；本轮关键结构补核见current-prototype-evidence.md
95,src/data/pcs-material-variant-types.ts,MaterialVariantProcessStep,processName,string,False,8,保留并按目标归属收口,PROC.processType,按字段字典类型和必填规则保存；原有副本仅显示投影,处置设计；未执行转换,403字段来自2026-10-04审计快照；本轮关键结构补核见current-prototype-evidence.md
96,src/data/pcs-material-variant-types.ts,MaterialVariantProcessStep,craftCode,string,True,9,保留并按目标归属收口,PROC.processVersionId,按字段字典类型和必填规则保存；原有副本仅显示投影,处置设计；未执行转换,403字段来自2026-10-04审计快照；本轮关键结构补核见current-prototype-evidence.md
97,src/data/pcs-material-variant-types.ts,MaterialVariantProcessStep,patternCode,string,True,10,保留并按目标归属收口,PROC.patternId,按字段字典类型和必填规则保存；原有副本仅显示投影,处置设计；未执行转换,403字段来自2026-10-04审计快照；本轮关键结构补核见current-prototype-evidence.md
98,src/data/pcs-material-variant-types.ts,MaterialVariantRecord,variantId,string,False,14,合并唯一SKU身份,MSKU.materialSkuId,旧ID转来源映射；不留独立变种身份,处置设计；未执行转换,403字段来自2026-10-04审计快照；本轮关键结构补核见current-prototype-evidence.md
99,src/data/pcs-material-variant-types.ts,MaterialVariantRecord,materialId,string,False,15,保留并按目标归属收口,MAT.materialId,按字段字典类型和必填规则保存；原有副本仅显示投影,处置设计；未执行转换,403字段来自2026-10-04审计快照；本轮关键结构补核见current-prototype-evidence.md
100,src/data/pcs-material-variant-types.ts,MaterialVariantRecord,materialSkuId,string,True,16,保留并按目标归属收口,MSKU.materialSkuId,按字段字典类型和必填规则保存；原有副本仅显示投影,处置设计；未执行转换,403字段来自2026-10-04审计快照；本轮关键结构补核见current-prototype-evidence.md
101,src/data/pcs-material-variant-types.ts,MaterialVariantRecord,baseSkuCode,string,False,17,改用稳定身份引用,MSKU.inputSkuId,编码只作可读显示/来源，不用于前驱主关联,处置设计；未执行转换,403字段来自2026-10-04审计快照；本轮关键结构补核见current-prototype-evidence.md
102,src/data/pcs-material-variant-types.ts,MaterialVariantRecord,variantCode,string,False,18,合并SKU编码,MSKU.materialSkuCode,保留已用原码别名；不再两处可写,处置设计；未执行转换,403字段来自2026-10-04审计快照；本轮关键结构补核见current-prototype-evidence.md
103,src/data/pcs-material-variant-types.ts,MaterialVariantRecord,displayName,string,False,19,保留并按目标归属收口,MSKU.name,按字段字典类型和必填规则保存；原有副本仅显示投影,处置设计；未执行转换,403字段来自2026-10-04审计快照；本轮关键结构补核见current-prototype-evidence.md
104,src/data/pcs-material-variant-types.ts,MaterialVariantRecord,colorName,string,True,20,保留并按目标归属收口,COLOR.colorName,物料配件现有设备值转适配关系；真正颜色转颜色字典；不得强行按颜色处理全部类型,处置设计；未执行转换,403字段来自2026-10-04审计快照；本轮关键结构补核见current-prototype-evidence.md
105,src/data/pcs-material-variant-types.ts,MaterialVariantRecord,pantoneRef,string,True,21,保留并按目标归属收口,COLOR.pantoneId,按字段字典类型和必填规则保存；原有副本仅显示投影,处置设计；未执行转换,403字段来自2026-10-04审计快照；本轮关键结构补核见current-prototype-evidence.md
106,src/data/pcs-material-variant-types.ts,MaterialVariantRecord,chainCategory,MaterialVariantChainCategory,False,22,派生视图,MSKU.stage,基础/加工由SKU关系判定,处置设计；未执行转换,403字段来自2026-10-04审计快照；本轮关键结构补核见current-prototype-evidence.md
107,src/data/pcs-material-variant-types.ts,MaterialVariantRecord,layerIndex,number,False,23,派生视图,MSKU.inputSkuId,根据无环前驱关系计算，不单独手填,处置设计；未执行转换,403字段来自2026-10-04审计快照；本轮关键结构补核见current-prototype-evidence.md
108,src/data/pcs-material-variant-types.ts,MaterialVariantRecord,predecessorVariantId,string,True,24,合并显式前驱,MSKU.inputSkuId,指向实际前驱SKU,处置设计；未执行转换,403字段来自2026-10-04审计快照；本轮关键结构补核见current-prototype-evidence.md
109,src/data/pcs-material-variant-types.ts,MaterialVariantRecord,processes,MaterialVariantProcessStep[],False,25,保留并按目标归属收口,PROC.processDefinitionId,按字段字典类型和必填规则保存；原有副本仅显示投影,处置设计；未执行转换,403字段来自2026-10-04审计快照；本轮关键结构补核见current-prototype-evidence.md
110,src/data/pcs-material-variant-types.ts,MaterialVariantRecord,remark,string,True,26,保留并按目标归属收口,对象备注及GOV.changeLog,备注留在本对象；修改动作另留审计,处置设计；未执行转换,403字段来自2026-10-04审计快照；本轮关键结构补核见current-prototype-evidence.md
111,src/data/pcs-material-variant-types.ts,MaterialVariantRecord,createdAt,string,False,27,保留并按目标归属收口,GOV.createdAt,按字段字典类型和必填规则保存；原有副本仅显示投影,处置设计；未执行转换,403字段来自2026-10-04审计快照；本轮关键结构补核见current-prototype-evidence.md
112,src/data/pcs-material-variant-types.ts,MaterialVariantRecord,updatedAt,string,False,28,保留并按目标归属收口,GOV.updatedAt,按字段字典类型和必填规则保存；原有副本仅显示投影,处置设计；未执行转换,403字段来自2026-10-04审计快照；本轮关键结构补核见current-prototype-evidence.md
113,src/data/pcs-material-variant-types.ts,MaterialVariantCreateInput,materialId,string,False,32,保留并按目标归属收口,MAT.materialId,按字段字典类型和必填规则保存；原有副本仅显示投影,处置设计；未执行转换,403字段来自2026-10-04审计快照；本轮关键结构补核见current-prototype-evidence.md
114,src/data/pcs-material-variant-types.ts,MaterialVariantCreateInput,materialSkuId,string,True,33,保留并按目标归属收口,MSKU.materialSkuId,按字段字典类型和必填规则保存；原有副本仅显示投影,处置设计；未执行转换,403字段来自2026-10-04审计快照；本轮关键结构补核见current-prototype-evidence.md
115,src/data/pcs-material-variant-types.ts,MaterialVariantCreateInput,baseSkuCode,string,False,34,改用稳定身份引用,MSKU.inputSkuId,编码只作可读显示/来源，不用于前驱主关联,处置设计；未执行转换,403字段来自2026-10-04审计快照；本轮关键结构补核见current-prototype-evidence.md
116,src/data/pcs-material-variant-types.ts,MaterialVariantCreateInput,chainCategory,MaterialVariantProcessCategoryInput,False,35,派生视图,MSKU.stage,基础/加工由SKU关系判定,处置设计；未执行转换,403字段来自2026-10-04审计快照；本轮关键结构补核见current-prototype-evidence.md
117,src/data/pcs-material-variant-types.ts,MaterialVariantCreateInput,colorName,string,True,36,保留并按目标归属收口,COLOR.colorName,物料配件现有设备值转适配关系；真正颜色转颜色字典；不得强行按颜色处理全部类型,处置设计；未执行转换,403字段来自2026-10-04审计快照；本轮关键结构补核见current-prototype-evidence.md
118,src/data/pcs-material-variant-types.ts,MaterialVariantCreateInput,pantoneRef,string,True,37,保留并按目标归属收口,COLOR.pantoneId,按字段字典类型和必填规则保存；原有副本仅显示投影,处置设计；未执行转换,403字段来自2026-10-04审计快照；本轮关键结构补核见current-prototype-evidence.md
119,src/data/pcs-material-variant-types.ts,MaterialVariantCreateInput,processType,MaterialVariantProcessType,True,38,保留并按目标归属收口,PROC.processType,按字段字典类型和必填规则保存；原有副本仅显示投影,处置设计；未执行转换,403字段来自2026-10-04审计快照；本轮关键结构补核见current-prototype-evidence.md
120,src/data/pcs-material-variant-types.ts,MaterialVariantCreateInput,processCode,string,True,39,保留并按目标归属收口,PROC.processType,按字段字典类型和必填规则保存；原有副本仅显示投影,处置设计；未执行转换,403字段来自2026-10-04审计快照；本轮关键结构补核见current-prototype-evidence.md
121,src/data/pcs-material-variant-types.ts,MaterialVariantCreateInput,processName,string,True,40,保留并按目标归属收口,PROC.processType,按字段字典类型和必填规则保存；原有副本仅显示投影,处置设计；未执行转换,403字段来自2026-10-04审计快照；本轮关键结构补核见current-prototype-evidence.md
122,src/data/pcs-material-variant-types.ts,MaterialVariantCreateInput,craftCode,string,True,41,保留并按目标归属收口,PROC.processVersionId,按字段字典类型和必填规则保存；原有副本仅显示投影,处置设计；未执行转换,403字段来自2026-10-04审计快照；本轮关键结构补核见current-prototype-evidence.md
123,src/data/pcs-material-variant-types.ts,MaterialVariantCreateInput,patternCode,string,True,42,保留并按目标归属收口,PROC.patternId,按字段字典类型和必填规则保存；原有副本仅显示投影,处置设计；未执行转换,403字段来自2026-10-04审计快照；本轮关键结构补核见current-prototype-evidence.md
124,src/data/pcs-material-variant-types.ts,MaterialVariantCreateInput,predecessorVariantId,string,True,43,合并显式前驱,MSKU.inputSkuId,指向实际前驱SKU,处置设计；未执行转换,403字段来自2026-10-04审计快照；本轮关键结构补核见current-prototype-evidence.md
125,src/data/pcs-material-variant-types.ts,MaterialVariantCreateInput,remark,string,True,44,保留并按目标归属收口,对象备注及GOV.changeLog,备注留在本对象；修改动作另留审计,处置设计；未执行转换,403字段来自2026-10-04审计快照；本轮关键结构补核见current-prototype-evidence.md
126,src/data/pcs-material-variant-types.ts,MaterialVariantResult,ok,boolean,False,57,动作结果收口,动作:显式校验结果,不是档案主字段；变种结果转SKU结果,处置设计；未执行转换,403字段来自2026-10-04审计快照；本轮关键结构补核见current-prototype-evidence.md
127,src/data/pcs-material-variant-types.ts,MaterialVariantResult,variant,MaterialVariantRecord,True,58,动作结果收口,动作:显式校验结果,不是档案主字段；变种结果转SKU结果,处置设计；未执行转换,403字段来自2026-10-04审计快照；本轮关键结构补核见current-prototype-evidence.md
128,src/data/pcs-material-variant-types.ts,MaterialVariantResult,error,MaterialVariantErrorCode,True,59,动作结果收口,动作:显式校验结果,不是档案主字段；变种结果转SKU结果,处置设计；未执行转换,403字段来自2026-10-04审计快照；本轮关键结构补核见current-prototype-evidence.md
129,src/data/pcs-material-variant-types.ts,MaterialVariantResult,message,string,True,60,动作结果收口,动作:显式校验结果,不是档案主字段；变种结果转SKU结果,处置设计；未执行转换,403字段来自2026-10-04审计快照；本轮关键结构补核见current-prototype-evidence.md
130,src/data/pcs-style-archive-types.ts,StyleArchiveShellRecord,buyerId,string,True,5,保留并按目标归属收口,STYLE.buyerId,按字段字典类型和必填规则保存；原有副本仅显示投影,处置设计；未执行转换,403字段来自2026-10-04审计快照；本轮关键结构补核见current-prototype-evidence.md
131,src/data/pcs-style-archive-types.ts,StyleArchiveShellRecord,buyerName,string,True,6,保留并按目标归属收口,STYLE.buyerId,按字段字典类型和必填规则保存；原有副本仅显示投影,处置设计；未执行转换,403字段来自2026-10-04审计快照；本轮关键结构补核见current-prototype-evidence.md
132,src/data/pcs-style-archive-types.ts,StyleArchiveShellRecord,productConfigRefs,"Partial<Record<FlatDimensionId, string[]>>",True,7,保留并按目标归属收口,CFG.optionId,按字段字典类型和必填规则保存；原有副本仅显示投影,处置设计；未执行转换,403字段来自2026-10-04审计快照；本轮关键结构补核见current-prototype-evidence.md
133,src/data/pcs-style-archive-types.ts,StyleArchiveShellRecord,productCategoryId,string,True,8,保留并按目标归属收口,STYLE.formalCategoryId,按字段字典类型和必填规则保存；原有副本仅显示投影,处置设计；未执行转换,403字段来自2026-10-04审计快照；本轮关键结构补核见current-prototype-evidence.md
134,src/data/pcs-style-archive-types.ts,StyleArchiveShellRecord,productInformationVersion,number,True,9,保留并按目标归属收口,GOV.recordVersion,按字段字典类型和必填规则保存；原有副本仅显示投影,处置设计；未执行转换,403字段来自2026-10-04审计快照；本轮关键结构补核见current-prototype-evidence.md
135,src/data/pcs-style-archive-types.ts,StyleArchiveShellRecord,styleId,string,False,10,保留并按目标归属收口,STYLE.styleId,按字段字典类型和必填规则保存；原有副本仅显示投影,处置设计；未执行转换,403字段来自2026-10-04审计快照；本轮关键结构补核见current-prototype-evidence.md
136,src/data/pcs-style-archive-types.ts,StyleArchiveShellRecord,styleCode,string,False,11,保留并按目标归属收口,STYLE.styleCode,按字段字典类型和必填规则保存；原有副本仅显示投影,处置设计；未执行转换,403字段来自2026-10-04审计快照；本轮关键结构补核见current-prototype-evidence.md
137,src/data/pcs-style-archive-types.ts,StyleArchiveShellRecord,styleName,string,False,12,保留并按目标归属收口,STYLE.styleName,按字段字典类型和必填规则保存；原有副本仅显示投影,处置设计；未执行转换,403字段来自2026-10-04审计快照；本轮关键结构补核见current-prototype-evidence.md
138,src/data/pcs-style-archive-types.ts,StyleArchiveShellRecord,styleNameEn,string,False,13,保留并按目标归属收口,STYLE.styleNameTranslations,按字段字典类型和必填规则保存；原有副本仅显示投影,处置设计；未执行转换,403字段来自2026-10-04审计快照；本轮关键结构补核见current-prototype-evidence.md
139,src/data/pcs-style-archive-types.ts,StyleArchiveShellRecord,styleNumber,string,False,14,保留并按目标归属收口,STYLE.styleNumber,按字段字典类型和必填规则保存；原有副本仅显示投影,处置设计；未执行转换,403字段来自2026-10-04审计快照；本轮关键结构补核见current-prototype-evidence.md
140,src/data/pcs-style-archive-types.ts,StyleArchiveShellRecord,thirdCategoryName,string,True,15,保留并按目标归属收口,STYLE.formalCategoryId,按字段字典类型和必填规则保存；原有副本仅显示投影,处置设计；未执行转换,403字段来自2026-10-04审计快照；本轮关键结构补核见current-prototype-evidence.md
141,src/data/pcs-style-archive-types.ts,StyleArchiveShellRecord,materialType,string,True,16,保留并按目标归属收口,STYLE.materialStructure,按字段字典类型和必填规则保存；原有副本仅显示投影,处置设计；未执行转换,403字段来自2026-10-04审计快照；本轮关键结构补核见current-prototype-evidence.md
142,src/data/pcs-style-archive-types.ts,StyleArchiveShellRecord,categoryTags,string[],True,17,保留并按目标归属收口,STYLE.categoryIds,按字段字典类型和必填规则保存；原有副本仅显示投影,处置设计；未执行转换,403字段来自2026-10-04审计快照；本轮关键结构补核见current-prototype-evidence.md
143,src/data/pcs-style-archive-types.ts,StyleArchiveShellRecord,popularElementTags,string[],True,18,保留并按目标归属收口,STYLE.trendElementIds,按字段字典类型和必填规则保存；原有副本仅显示投影,处置设计；未执行转换,403字段来自2026-10-04审计快照；本轮关键结构补核见current-prototype-evidence.md
144,src/data/pcs-style-archive-types.ts,StyleArchiveShellRecord,fabricTags,string[],True,19,保留并按目标归属收口,STYLE.marketingFabricIds,按字段字典类型和必填规则保存；原有副本仅显示投影,处置设计；未执行转换,403字段来自2026-10-04审计快照；本轮关键结构补核见current-prototype-evidence.md
145,src/data/pcs-style-archive-types.ts,StyleArchiveShellRecord,ageTags,string[],True,20,保留并按目标归属收口,STYLE.ageIds,按字段字典类型和必填规则保存；原有副本仅显示投影,处置设计；未执行转换,403字段来自2026-10-04审计快照；本轮关键结构补核见current-prototype-evidence.md
146,src/data/pcs-style-archive-types.ts,StyleArchiveShellRecord,audiencePositionTags,string[],True,21,保留并按目标归属收口,STYLE.audiencePositionIds,按字段字典类型和必填规则保存；原有副本仅显示投影,处置设计；未执行转换,403字段来自2026-10-04审计快照；本轮关键结构补核见current-prototype-evidence.md
147,src/data/pcs-style-archive-types.ts,StyleArchiveShellRecord,categoryCode,string,True,22,保留并按目标归属收口,STYLE.categoryNumberId,按字段字典类型和必填规则保存；原有副本仅显示投影,处置设计；未执行转换,403字段来自2026-10-04审计快照；本轮关键结构补核见current-prototype-evidence.md
148,src/data/pcs-style-archive-types.ts,StyleArchiveShellRecord,categoryCodeName,string,True,23,保留并按目标归属收口,STYLE.categoryNumberId,按字段字典类型和必填规则保存；原有副本仅显示投影,处置设计；未执行转换,403字段来自2026-10-04审计快照；本轮关键结构补核见current-prototype-evidence.md
149,src/data/pcs-style-archive-types.ts,StyleArchiveShellRecord,productPosition,string,True,24,保留并按目标归属收口,STYLE.productPositionId,按字段字典类型和必填规则保存；原有副本仅显示投影,处置设计；未执行转换,403字段来自2026-10-04审计快照；本轮关键结构补核见current-prototype-evidence.md
150,src/data/pcs-style-archive-types.ts,StyleArchiveShellRecord,productType,string,False,25,明确交付方式,STYLE.deliveryMode,普通/实物套装/虚拟组合按实际语义映射,处置设计；未执行转换,403字段来自2026-10-04审计快照；本轮关键结构补核见current-prototype-evidence.md
151,src/data/pcs-style-archive-types.ts,StyleArchiveShellRecord,sourceProjectId,string,False,26,移除目标业务字段,LIST.sourceTestingOrderId,款式本身不需要来源项目；保留测款关联需证明来源,处置设计；未执行转换,403字段来自2026-10-04审计快照；本轮关键结构补核见current-prototype-evidence.md
152,src/data/pcs-style-archive-types.ts,StyleArchiveShellRecord,sourceProjectCode,string,False,27,移除目标业务字段,GOV.legacyValues,旧值仅来源追溯,处置设计；未执行转换,403字段来自2026-10-04审计快照；本轮关键结构补核见current-prototype-evidence.md
153,src/data/pcs-style-archive-types.ts,StyleArchiveShellRecord,sourceProjectName,string,False,28,移除目标业务字段,GOV.legacyValues,不进入目标表单,处置设计；未执行转换,403字段来自2026-10-04审计快照；本轮关键结构补核见current-prototype-evidence.md
154,src/data/pcs-style-archive-types.ts,StyleArchiveShellRecord,sourceProjectNodeId,string,False,29,移除目标业务字段,GOV.legacyValues,不以节点驱动档案状态,处置设计；未执行转换,403字段来自2026-10-04审计快照；本轮关键结构补核见current-prototype-evidence.md
155,src/data/pcs-style-archive-types.ts,StyleArchiveShellRecord,categoryId,string,False,30,保留并按目标归属收口,STYLE.formalCategoryId,按字段字典类型和必填规则保存；原有副本仅显示投影,处置设计；未执行转换,403字段来自2026-10-04审计快照；本轮关键结构补核见current-prototype-evidence.md
156,src/data/pcs-style-archive-types.ts,StyleArchiveShellRecord,categoryName,string,False,31,保留并按目标归属收口,STYLE.formalCategoryId,类目名称来自正式分类引用,处置设计；未执行转换,403字段来自2026-10-04审计快照；本轮关键结构补核见current-prototype-evidence.md
157,src/data/pcs-style-archive-types.ts,StyleArchiveShellRecord,subCategoryId,string,False,32,保留并按目标归属收口,STYLE.formalCategoryId,按字段字典类型和必填规则保存；原有副本仅显示投影,处置设计；未执行转换,403字段来自2026-10-04审计快照；本轮关键结构补核见current-prototype-evidence.md
158,src/data/pcs-style-archive-types.ts,StyleArchiveShellRecord,subCategoryName,string,False,33,保留并按目标归属收口,STYLE.formalCategoryId,按字段字典类型和必填规则保存；原有副本仅显示投影,处置设计；未执行转换,403字段来自2026-10-04审计快照；本轮关键结构补核见current-prototype-evidence.md
159,src/data/pcs-style-archive-types.ts,StyleArchiveShellRecord,brandId,string,False,34,保留并按目标归属收口,STYLE.brandId,按字段字典类型和必填规则保存；原有副本仅显示投影,处置设计；未执行转换,403字段来自2026-10-04审计快照；本轮关键结构补核见current-prototype-evidence.md
160,src/data/pcs-style-archive-types.ts,StyleArchiveShellRecord,brandName,string,False,35,保留并按目标归属收口,STYLE.brandId,按字段字典类型和必填规则保存；原有副本仅显示投影,处置设计；未执行转换,403字段来自2026-10-04审计快照；本轮关键结构补核见current-prototype-evidence.md
161,src/data/pcs-style-archive-types.ts,StyleArchiveShellRecord,yearTag,string,False,36,保留并按目标归属收口,STYLE.year,按字段字典类型和必填规则保存；原有副本仅显示投影,处置设计；未执行转换,403字段来自2026-10-04审计快照；本轮关键结构补核见current-prototype-evidence.md
162,src/data/pcs-style-archive-types.ts,StyleArchiveShellRecord,seasonTags,string[],False,37,保留并按目标归属收口,STYLE.seasonIds,按字段字典类型和必填规则保存；原有副本仅显示投影,处置设计；未执行转换,403字段来自2026-10-04审计快照；本轮关键结构补核见current-prototype-evidence.md
163,src/data/pcs-style-archive-types.ts,StyleArchiveShellRecord,styleTags,string[],False,38,保留并按目标归属收口,STYLE.styleTagIds,按字段字典类型和必填规则保存；原有副本仅显示投影,处置设计；未执行转换,403字段来自2026-10-04审计快照；本轮关键结构补核见current-prototype-evidence.md
164,src/data/pcs-style-archive-types.ts,StyleArchiveShellRecord,targetAudienceTags,string[],False,39,保留并按目标归属收口,STYLE.crowdIds,按字段字典类型和必填规则保存；原有副本仅显示投影,处置设计；未执行转换,403字段来自2026-10-04审计快照；本轮关键结构补核见current-prototype-evidence.md
165,src/data/pcs-style-archive-types.ts,StyleArchiveShellRecord,targetChannelCodes,string[],False,40,保留只读关联投影,关联投影:对应领域记录,从真实关联计算，不把缓存计数/最后上架时间当可写主事实,处置设计；未执行转换,403字段来自2026-10-04审计快照；本轮关键结构补核见current-prototype-evidence.md
166,src/data/pcs-style-archive-types.ts,StyleArchiveShellRecord,priceRangeLabel,string,False,41,销售参考展示,PRICE.amount,不作为款式身份或材料成本,处置设计；未执行转换,403字段来自2026-10-04审计快照；本轮关键结构补核见current-prototype-evidence.md
167,src/data/pcs-style-archive-types.ts,StyleArchiveShellRecord,archiveStatus,StyleArchiveStatusCode,False,42,保留并按目标归属收口,GOV.lifecycleStatus,按字段字典类型和必填规则保存；原有副本仅显示投影,处置设计；未执行转换,403字段来自2026-10-04审计快照；本轮关键结构补核见current-prototype-evidence.md
168,src/data/pcs-style-archive-types.ts,StyleArchiveShellRecord,baseInfoStatus,string,False,43,重组校验与审核,GOV.reviewStatus,必填资料完整性与生命周期分开,处置设计；未执行转换,403字段来自2026-10-04审计快照；本轮关键结构补核见current-prototype-evidence.md
169,src/data/pcs-style-archive-types.ts,StyleArchiveShellRecord,specificationStatus,string,False,44,重组校验与审核,GOV.reviewStatus,规格各自审核，不互相覆盖,处置设计；未执行转换,403字段来自2026-10-04审计快照；本轮关键结构补核见current-prototype-evidence.md
170,src/data/pcs-style-archive-types.ts,StyleArchiveShellRecord,techPackStatus,string,False,45,技术资料只读引用,STYLE.technicalRefs,不决定款式能否建档,处置设计；未执行转换,403字段来自2026-10-04审计快照；本轮关键结构补核见current-prototype-evidence.md
171,src/data/pcs-style-archive-types.ts,StyleArchiveShellRecord,costPricingStatus,string,False,46,技术核价只读引用,STYLE.technicalRefs,来自核价版本，不由主档写入,处置设计；未执行转换,403字段来自2026-10-04审计快照；本轮关键结构补核见current-prototype-evidence.md
172,src/data/pcs-style-archive-types.ts,StyleArchiveShellRecord,specificationCount,number,False,47,保留只读关联投影,关联投影:对应领域记录,从真实关联计算，不把缓存计数/最后上架时间当可写主事实,处置设计；未执行转换,403字段来自2026-10-04审计快照；本轮关键结构补核见current-prototype-evidence.md
173,src/data/pcs-style-archive-types.ts,StyleArchiveShellRecord,techPackVersionCount,number,False,48,保留只读关联投影,关联投影:对应领域记录,从真实关联计算，不把缓存计数/最后上架时间当可写主事实,处置设计；未执行转换,403字段来自2026-10-04审计快照；本轮关键结构补核见current-prototype-evidence.md
174,src/data/pcs-style-archive-types.ts,StyleArchiveShellRecord,costVersionCount,number,False,49,保留只读关联投影,关联投影:对应领域记录,从真实关联计算，不把缓存计数/最后上架时间当可写主事实,处置设计；未执行转换,403字段来自2026-10-04审计快照；本轮关键结构补核见current-prototype-evidence.md
175,src/data/pcs-style-archive-types.ts,StyleArchiveShellRecord,channelProductCount,number,False,50,保留只读关联投影,关联投影:对应领域记录,从真实关联计算，不把缓存计数/最后上架时间当可写主事实,处置设计；未执行转换,403字段来自2026-10-04审计快照；本轮关键结构补核见current-prototype-evidence.md
176,src/data/pcs-style-archive-types.ts,StyleArchiveShellRecord,currentTechPackVersionId,string,False,51,保留技术域引用,STYLE.technicalRefs,技术版本/设计任务/素材继承来源保留，不引入开发项目,处置设计；未执行转换,403字段来自2026-10-04审计快照；本轮关键结构补核见current-prototype-evidence.md
177,src/data/pcs-style-archive-types.ts,StyleArchiveShellRecord,currentTechPackVersionCode,string,False,52,保留技术域引用,STYLE.technicalRefs,技术版本/设计任务/素材继承来源保留，不引入开发项目,处置设计；未执行转换,403字段来自2026-10-04审计快照；本轮关键结构补核见current-prototype-evidence.md
178,src/data/pcs-style-archive-types.ts,StyleArchiveShellRecord,currentTechPackVersionLabel,string,False,53,保留技术域引用,STYLE.technicalRefs,技术版本/设计任务/素材继承来源保留，不引入开发项目,处置设计；未执行转换,403字段来自2026-10-04审计快照；本轮关键结构补核见current-prototype-evidence.md
179,src/data/pcs-style-archive-types.ts,StyleArchiveShellRecord,currentTechPackVersionStatus,string,False,54,保留技术域引用,STYLE.technicalRefs,技术版本/设计任务/素材继承来源保留，不引入开发项目,处置设计；未执行转换,403字段来自2026-10-04审计快照；本轮关键结构补核见current-prototype-evidence.md
180,src/data/pcs-style-archive-types.ts,StyleArchiveShellRecord,currentTechPackVersionActivatedAt,string,False,55,保留技术域引用,STYLE.technicalRefs,技术版本/设计任务/素材继承来源保留，不引入开发项目,处置设计；未执行转换,403字段来自2026-10-04审计快照；本轮关键结构补核见current-prototype-evidence.md
181,src/data/pcs-style-archive-types.ts,StyleArchiveShellRecord,currentTechPackVersionActivatedBy,string,False,56,保留技术域引用,STYLE.technicalRefs,技术版本/设计任务/素材继承来源保留，不引入开发项目,处置设计；未执行转换,403字段来自2026-10-04审计快照；本轮关键结构补核见current-prototype-evidence.md
182,src/data/pcs-style-archive-types.ts,StyleArchiveShellRecord,mainImageId,string,False,57,保留并按目标归属收口,ASSET.assetId,按字段字典类型和必填规则保存；原有副本仅显示投影,处置设计；未执行转换,403字段来自2026-10-04审计快照；本轮关键结构补核见current-prototype-evidence.md
183,src/data/pcs-style-archive-types.ts,StyleArchiveShellRecord,mainImageUrl,string,False,58,保留并按目标归属收口,ASSET.fileRef,按字段字典类型和必填规则保存；原有副本仅显示投影,处置设计；未执行转换,403字段来自2026-10-04审计快照；本轮关键结构补核见current-prototype-evidence.md
184,src/data/pcs-style-archive-types.ts,StyleArchiveShellRecord,galleryImageIds,string[],False,59,保留并按目标归属收口,ASSET.assetId,按字段字典类型和必填规则保存；原有副本仅显示投影,处置设计；未执行转换,403字段来自2026-10-04审计快照；本轮关键结构补核见current-prototype-evidence.md
185,src/data/pcs-style-archive-types.ts,StyleArchiveShellRecord,galleryImageUrls,string[],False,60,保留并按目标归属收口,ASSET.fileRef,按字段字典类型和必填规则保存；原有副本仅显示投影,处置设计；未执行转换,403字段来自2026-10-04审计快照；本轮关键结构补核见current-prototype-evidence.md
186,src/data/pcs-style-archive-types.ts,StyleArchiveShellRecord,imageSource,string,False,61,保留并按目标归属收口,ASSET.role,按字段字典类型和必填规则保存；原有副本仅显示投影,处置设计；未执行转换,403字段来自2026-10-04审计快照；本轮关键结构补核见current-prototype-evidence.md
187,src/data/pcs-style-archive-types.ts,StyleArchiveShellRecord,sellingPointText,string,False,62,保留并按目标归属收口,CONTENT.sellingPoints,按字段字典类型和必填规则保存；原有副本仅显示投影,处置设计；未执行转换,403字段来自2026-10-04审计快照；本轮关键结构补核见current-prototype-evidence.md
188,src/data/pcs-style-archive-types.ts,StyleArchiveShellRecord,detailDescription,string,False,63,保留并按目标归属收口,CONTENT.descriptionHtml,按字段字典类型和必填规则保存；原有副本仅显示投影,处置设计；未执行转换,403字段来自2026-10-04审计快照；本轮关键结构补核见current-prototype-evidence.md
189,src/data/pcs-style-archive-types.ts,StyleArchiveShellRecord,packagingInfo,string,False,64,保留并按目标归属收口,PACK.packageSpecId,按字段字典类型和必填规则保存；原有副本仅显示投影,处置设计；未执行转换,403字段来自2026-10-04审计快照；本轮关键结构补核见current-prototype-evidence.md
190,src/data/pcs-style-archive-types.ts,StyleArchiveShellRecord,remark,string,False,65,保留并按目标归属收口,对象备注及GOV.changeLog,备注留在本对象；修改动作另留审计,处置设计；未执行转换,403字段来自2026-10-04审计快照；本轮关键结构补核见current-prototype-evidence.md
191,src/data/pcs-style-archive-types.ts,StyleArchiveShellRecord,generatedAt,string,False,66,保留并按目标归属收口,GOV.createdAt,按字段字典类型和必填规则保存；原有副本仅显示投影,处置设计；未执行转换,403字段来自2026-10-04审计快照；本轮关键结构补核见current-prototype-evidence.md
192,src/data/pcs-style-archive-types.ts,StyleArchiveShellRecord,generatedBy,string,False,67,保留并按目标归属收口,GOV.createdBy,按字段字典类型和必填规则保存；原有副本仅显示投影,处置设计；未执行转换,403字段来自2026-10-04审计快照；本轮关键结构补核见current-prototype-evidence.md
193,src/data/pcs-style-archive-types.ts,StyleArchiveShellRecord,updatedAt,string,False,68,保留并按目标归属收口,GOV.updatedAt,按字段字典类型和必填规则保存；原有副本仅显示投影,处置设计；未执行转换,403字段来自2026-10-04审计快照；本轮关键结构补核见current-prototype-evidence.md
194,src/data/pcs-style-archive-types.ts,StyleArchiveShellRecord,updatedBy,string,False,69,保留并按目标归属收口,GOV.updatedBy,按字段字典类型和必填规则保存；原有副本仅显示投影,处置设计；未执行转换,403字段来自2026-10-04审计快照；本轮关键结构补核见current-prototype-evidence.md
195,src/data/pcs-style-archive-types.ts,StyleArchiveShellRecord,legacyOriginProject,string,False,70,来源保留,GOV.legacyValues,原来源字符串不创建项目业务对象,处置设计；未执行转换,403字段来自2026-10-04审计快照；本轮关键结构补核见current-prototype-evidence.md
196,src/data/pcs-style-archive-types.ts,StyleArchiveShellRecord,temporarySpuName,string,True,71,移除临时身份命名,STYLE.styleName,直接建档后是正式款式对象；必要旧值留来源,处置设计；未执行转换,403字段来自2026-10-04审计快照；本轮关键结构补核见current-prototype-evidence.md
197,src/data/pcs-style-archive-types.ts,StyleArchiveShellRecord,linkedDesignRevisionTaskIds,string[],True,72,保留技术域引用,STYLE.technicalRefs,技术版本/设计任务/素材继承来源保留，不引入开发项目,处置设计；未执行转换,403字段来自2026-10-04审计快照；本轮关键结构补核见current-prototype-evidence.md
198,src/data/pcs-style-archive-types.ts,StyleArchiveShellRecord,inheritedDesignFileIds,string[],True,73,保留技术域引用,STYLE.technicalRefs,技术版本/设计任务/素材继承来源保留，不引入开发项目,处置设计；未执行转换,403字段来自2026-10-04审计快照；本轮关键结构补核见current-prototype-evidence.md
199,src/data/pcs-style-archive-types.ts,StyleArchiveShellRecord,inheritedPatternFileIds,string[],True,74,保留技术域引用,STYLE.technicalRefs,技术版本/设计任务/素材继承来源保留，不引入开发项目,处置设计；未执行转换,403字段来自2026-10-04审计快照；本轮关键结构补核见current-prototype-evidence.md
200,src/data/pcs-style-archive-types.ts,StyleArchiveShellRecord,inheritedBomVersionIds,string[],True,75,保留技术域引用,STYLE.technicalRefs,技术版本/设计任务/素材继承来源保留，不引入开发项目,处置设计；未执行转换,403字段来自2026-10-04审计快照；本轮关键结构补核见current-prototype-evidence.md
201,src/data/pcs-style-archive-types.ts,StyleArchivePendingItem,pendingId,string,False,79,退役历史治理对象,GOV.legacyValues,本期不建设缺父/重复待治理工作台；原始证据仍保留,处置设计；未执行转换,403字段来自2026-10-04审计快照；本轮关键结构补核见current-prototype-evidence.md
202,src/data/pcs-style-archive-types.ts,StyleArchivePendingItem,rawStyleCode,string,False,80,退役历史治理对象,GOV.legacyValues,本期不建设缺父/重复待治理工作台；原始证据仍保留,处置设计；未执行转换,403字段来自2026-10-04审计快照；本轮关键结构补核见current-prototype-evidence.md
203,src/data/pcs-style-archive-types.ts,StyleArchivePendingItem,rawOriginProject,string,False,81,退役旧治理对象,GOV.legacyValues,不建历史待治理队列,处置设计；未执行转换,403字段来自2026-10-04审计快照；本轮关键结构补核见current-prototype-evidence.md
204,src/data/pcs-style-archive-types.ts,StyleArchivePendingItem,reason,string,False,82,退役历史治理对象,GOV.legacyValues,本期不建设缺父/重复待治理工作台；原始证据仍保留,处置设计；未执行转换,403字段来自2026-10-04审计快照；本轮关键结构补核见current-prototype-evidence.md
205,src/data/pcs-style-archive-types.ts,StyleArchivePendingItem,discoveredAt,string,False,83,退役历史治理对象,GOV.legacyValues,本期不建设缺父/重复待治理工作台；原始证据仍保留,处置设计；未执行转换,403字段来自2026-10-04审计快照；本轮关键结构补核见current-prototype-evidence.md
206,src/data/pcs-style-archive-types.ts,StyleArchiveStoreSnapshot,version,number,False,87,退役整包持久化容器,存储:按记录仓库与事务,保留业务记录语义；禁止将整包快照搬入IndexedDB持续重写,处置设计；未执行转换,403字段来自2026-10-04审计快照；本轮关键结构补核见current-prototype-evidence.md
207,src/data/pcs-style-archive-types.ts,StyleArchiveStoreSnapshot,records,StyleArchiveShellRecord[],False,88,退役整包持久化容器,存储:按记录仓库与事务,保留业务记录语义；禁止将整包快照搬入IndexedDB持续重写,处置设计；未执行转换,403字段来自2026-10-04审计快照；本轮关键结构补核见current-prototype-evidence.md
208,src/data/pcs-style-archive-types.ts,StyleArchiveStoreSnapshot,pendingItems,StyleArchivePendingItem[],False,89,退役旧治理容器,GOV.legacyValues,历史缺父重复等场景不在本期,处置设计；未执行转换,403字段来自2026-10-04审计快照；本轮关键结构补核见current-prototype-evidence.md
209,src/data/pcs-style-archive-types.ts,StyleArchiveGenerateResult,ok,boolean,False,93,动作结果收口,动作:显式校验结果,不是档案主字段；变种结果转SKU结果,处置设计；未执行转换,403字段来自2026-10-04审计快照；本轮关键结构补核见current-prototype-evidence.md
210,src/data/pcs-style-archive-types.ts,StyleArchiveGenerateResult,existed,boolean,False,94,动作结果收口,动作:显式校验结果,不是档案主字段；变种结果转SKU结果,处置设计；未执行转换,403字段来自2026-10-04审计快照；本轮关键结构补核见current-prototype-evidence.md
211,src/data/pcs-style-archive-types.ts,StyleArchiveGenerateResult,message,string,False,95,动作结果收口,动作:显式校验结果,不是档案主字段；变种结果转SKU结果,处置设计；未执行转换,403字段来自2026-10-04审计快照；本轮关键结构补核见current-prototype-evidence.md
212,src/data/pcs-style-archive-types.ts,StyleArchiveGenerateResult,style,StyleArchiveShellRecord | null,False,96,动作结果收口,动作:显式校验结果,不是档案主字段；变种结果转SKU结果,处置设计；未执行转换,403字段来自2026-10-04审计快照；本轮关键结构补核见current-prototype-evidence.md
213,src/data/pcs-sku-archive-types.ts,SkuExpectedMaterialLine,materialSkuId,string,False,6,迁出到技术域,外域:技术资料材料意向/BOM,整条材料意向及数量、单位、说明均保留到技术草稿；不在商品SKU再维护第二份BOM,处置设计；未执行转换,403字段来自2026-10-04审计快照；本轮关键结构补核见current-prototype-evidence.md
214,src/data/pcs-sku-archive-types.ts,SkuExpectedMaterialLine,materialSkuCode,string,False,7,迁出到技术域,外域:技术资料材料意向/BOM,整条材料意向及数量、单位、说明均保留到技术草稿；不在商品SKU再维护第二份BOM,处置设计；未执行转换,403字段来自2026-10-04审计快照；本轮关键结构补核见current-prototype-evidence.md
215,src/data/pcs-sku-archive-types.ts,SkuExpectedMaterialLine,materialName,string,False,8,迁出到技术域,外域:技术资料材料意向/BOM,整条材料意向及数量、单位、说明均保留到技术草稿；不在商品SKU再维护第二份BOM,处置设计；未执行转换,403字段来自2026-10-04审计快照；本轮关键结构补核见current-prototype-evidence.md
216,src/data/pcs-sku-archive-types.ts,SkuExpectedMaterialLine,quantity,number,False,9,迁出到技术域,外域:技术资料材料意向/BOM,整条材料意向及数量、单位、说明均保留到技术草稿；不在商品SKU再维护第二份BOM,处置设计；未执行转换,403字段来自2026-10-04审计快照；本轮关键结构补核见current-prototype-evidence.md
217,src/data/pcs-sku-archive-types.ts,SkuExpectedMaterialLine,unit,string,False,10,迁出到技术域,外域:技术资料材料意向/BOM,整条材料意向及数量、单位、说明均保留到技术草稿；不在商品SKU再维护第二份BOM,处置设计；未执行转换,403字段来自2026-10-04审计快照；本轮关键结构补核见current-prototype-evidence.md
218,src/data/pcs-sku-archive-types.ts,SkuExpectedMaterialLine,note,string,True,11,迁出到技术域,外域:技术资料材料意向/BOM,整条材料意向及数量、单位、说明均保留到技术草稿；不在商品SKU再维护第二份BOM,处置设计；未执行转换,403字段来自2026-10-04审计快照；本轮关键结构补核见current-prototype-evidence.md
219,src/data/pcs-sku-archive-types.ts,SkuArchiveRecord,skuId,string,False,15,保留并按目标归属收口,SKU.skuId,按字段字典类型和必填规则保存；原有副本仅显示投影,处置设计；未执行转换,403字段来自2026-10-04审计快照；本轮关键结构补核见current-prototype-evidence.md
220,src/data/pcs-sku-archive-types.ts,SkuArchiveRecord,skuCode,string,False,16,保留并按目标归属收口,SKU.skuCode,按字段字典类型和必填规则保存；原有副本仅显示投影,处置设计；未执行转换,403字段来自2026-10-04审计快照；本轮关键结构补核见current-prototype-evidence.md
221,src/data/pcs-sku-archive-types.ts,SkuArchiveRecord,styleId,string,False,17,保留并按目标归属收口,STYLE.styleId,按字段字典类型和必填规则保存；原有副本仅显示投影,处置设计；未执行转换,403字段来自2026-10-04审计快照；本轮关键结构补核见current-prototype-evidence.md
222,src/data/pcs-sku-archive-types.ts,SkuArchiveRecord,styleCode,string,False,18,保留并按目标归属收口,STYLE.styleCode,按字段字典类型和必填规则保存；原有副本仅显示投影,处置设计；未执行转换,403字段来自2026-10-04审计快照；本轮关键结构补核见current-prototype-evidence.md
223,src/data/pcs-sku-archive-types.ts,SkuArchiveRecord,styleName,string,False,19,保留并按目标归属收口,STYLE.styleName,按字段字典类型和必填规则保存；原有副本仅显示投影,处置设计；未执行转换,403字段来自2026-10-04审计快照；本轮关键结构补核见current-prototype-evidence.md
224,src/data/pcs-sku-archive-types.ts,SkuArchiveRecord,skuName,string,False,20,保留并按目标归属收口,SKU.skuName,按字段字典类型和必填规则保存；原有副本仅显示投影,处置设计；未执行转换,403字段来自2026-10-04审计快照；本轮关键结构补核见current-prototype-evidence.md
225,src/data/pcs-sku-archive-types.ts,SkuArchiveRecord,skuNameEn,string,False,21,保留并按目标归属收口,SKU.skuNameTranslations,按字段字典类型和必填规则保存；原有副本仅显示投影,处置设计；未执行转换,403字段来自2026-10-04审计快照；本轮关键结构补核见current-prototype-evidence.md
226,src/data/pcs-sku-archive-types.ts,SkuArchiveRecord,colorName,string,False,22,保留并按目标归属收口,SKU.colorId,商品规格使用商品身份与交付单位；原销售计价含义归PRICE，不误迁到物料SKU；包装换算有依据,处置设计；未执行转换,403字段来自2026-10-04审计快照；本轮关键结构补核见current-prototype-evidence.md
227,src/data/pcs-sku-archive-types.ts,SkuArchiveRecord,sizeName,string,False,23,保留并按目标归属收口,SKU.sizeId,按字段字典类型和必填规则保存；原有副本仅显示投影,处置设计；未执行转换,403字段来自2026-10-04审计快照；本轮关键结构补核见current-prototype-evidence.md
228,src/data/pcs-sku-archive-types.ts,SkuArchiveRecord,printName,string,False,24,保留并按目标归属收口,SKU.patternIdentityId,按字段字典类型和必填规则保存；原有副本仅显示投影,处置设计；未执行转换,403字段来自2026-10-04审计快照；本轮关键结构补核见current-prototype-evidence.md
229,src/data/pcs-sku-archive-types.ts,SkuArchiveRecord,barcode,string,False,25,保留并按目标归属收口,SKU.barcodeAliases,商品规格使用商品身份与交付单位；原销售计价含义归PRICE，不误迁到物料SKU；包装换算有依据,处置设计；未执行转换,403字段来自2026-10-04审计快照；本轮关键结构补核见current-prototype-evidence.md
230,src/data/pcs-sku-archive-types.ts,SkuArchiveRecord,channelTitle,string,False,26,迁到渠道内容,CONTENT.title,不作为内部SKU的另一个标题事实,处置设计；未执行转换,403字段来自2026-10-04审计快照；本轮关键结构补核见current-prototype-evidence.md
231,src/data/pcs-sku-archive-types.ts,SkuArchiveRecord,skuImageUrl,string,False,27,保留并按目标归属收口,ASSET.fileRef,按字段字典类型和必填规则保存；原有副本仅显示投影,处置设计；未执行转换,403字段来自2026-10-04审计快照；本轮关键结构补核见current-prototype-evidence.md
232,src/data/pcs-sku-archive-types.ts,SkuArchiveRecord,archiveStatus,SkuArchiveStatusCode,False,28,保留并按目标归属收口,GOV.lifecycleStatus,按字段字典类型和必填规则保存；原有副本仅显示投影,处置设计；未执行转换,403字段来自2026-10-04审计快照；本轮关键结构补核见current-prototype-evidence.md
233,src/data/pcs-sku-archive-types.ts,SkuArchiveRecord,mappingHealth,SkuArchiveMappingHealth,False,29,移除历史治理状态,EXT.internalSkuId,正式映射完整；无渠道链接合法；新保存仍校验,处置设计；未执行转换,403字段来自2026-10-04审计快照；本轮关键结构补核见current-prototype-evidence.md
234,src/data/pcs-sku-archive-types.ts,SkuArchiveRecord,channelMappingCount,number,False,30,保留只读关联投影,关联投影:对应领域记录,从真实关联计算，不把缓存计数/最后上架时间当可写主事实,处置设计；未执行转换,403字段来自2026-10-04审计快照；本轮关键结构补核见current-prototype-evidence.md
235,src/data/pcs-sku-archive-types.ts,SkuArchiveRecord,listedChannelCount,number,False,31,保留只读关联投影,关联投影:对应领域记录,从真实关联计算，不把缓存计数/最后上架时间当可写主事实,处置设计；未执行转换,403字段来自2026-10-04审计快照；本轮关键结构补核见current-prototype-evidence.md
236,src/data/pcs-sku-archive-types.ts,SkuArchiveRecord,techPackVersionId,string,False,32,保留并按目标归属收口,STYLE.technicalRefs,按字段字典类型和必填规则保存；原有副本仅显示投影,处置设计；未执行转换,403字段来自2026-10-04审计快照；本轮关键结构补核见current-prototype-evidence.md
237,src/data/pcs-sku-archive-types.ts,SkuArchiveRecord,techPackVersionCode,string,False,33,保留并按目标归属收口,STYLE.technicalRefs,按字段字典类型和必填规则保存；原有副本仅显示投影,处置设计；未执行转换,403字段来自2026-10-04审计快照；本轮关键结构补核见current-prototype-evidence.md
238,src/data/pcs-sku-archive-types.ts,SkuArchiveRecord,techPackVersionLabel,string,False,34,保留并按目标归属收口,STYLE.technicalRefs,按字段字典类型和必填规则保存；原有副本仅显示投影,处置设计；未执行转换,403字段来自2026-10-04审计快照；本轮关键结构补核见current-prototype-evidence.md
239,src/data/pcs-sku-archive-types.ts,SkuArchiveRecord,legacySystem,string,False,35,保留并按目标归属收口,GOV.sourceSystem,按字段字典类型和必填规则保存；原有副本仅显示投影,处置设计；未执行转换,403字段来自2026-10-04审计快照；本轮关键结构补核见current-prototype-evidence.md
240,src/data/pcs-sku-archive-types.ts,SkuArchiveRecord,legacyCode,string,False,36,保留并按目标归属收口,GOV.legacyCode,按字段字典类型和必填规则保存；原有副本仅显示投影,处置设计；未执行转换,403字段来自2026-10-04审计快照；本轮关键结构补核见current-prototype-evidence.md
241,src/data/pcs-sku-archive-types.ts,SkuArchiveRecord,costPrice,number,False,37,迁到技术核价引用,STYLE.technicalRefs,成衣核价由技术/核价域维护，来源金额保留快照,处置设计；未执行转换,403字段来自2026-10-04审计快照；本轮关键结构补核见current-prototype-evidence.md
242,src/data/pcs-sku-archive-types.ts,SkuArchiveRecord,freightCost,number,False,38,迁出成衣物流费用,外域:物流/成衣核价,不得在商品SKU身份重复维护,处置设计；未执行转换,403字段来自2026-10-04审计快照；本轮关键结构补核见current-prototype-evidence.md
243,src/data/pcs-sku-archive-types.ts,SkuArchiveRecord,suggestedRetailPrice,number,False,39,迁到销售价格,PRICE.amount,按吊牌/建议语义保留，币种范围明确,处置设计；未执行转换,403字段来自2026-10-04审计快照；本轮关键结构补核见current-prototype-evidence.md
244,src/data/pcs-sku-archive-types.ts,SkuArchiveRecord,currency,string,False,40,按费用领域迁移,PRICE.currency,明确本对象价格币种并去掉重复别名,处置设计；未执行转换,403字段来自2026-10-04审计快照；本轮关键结构补核见current-prototype-evidence.md
245,src/data/pcs-sku-archive-types.ts,SkuArchiveRecord,pricingUnit,string,False,41,保留并按目标归属收口,SKU.mainUnitId,商品规格使用商品身份与交付单位；原销售计价含义归PRICE，不误迁到物料SKU；包装换算有依据,处置设计；未执行转换,403字段来自2026-10-04审计快照；本轮关键结构补核见current-prototype-evidence.md
246,src/data/pcs-sku-archive-types.ts,SkuArchiveRecord,weightKg,number,False,42,保留并按目标归属收口,PACK.netWeightPerMainKg,按字段字典类型和必填规则保存；原有副本仅显示投影,处置设计；未执行转换,403字段来自2026-10-04审计快照；本轮关键结构补核见current-prototype-evidence.md
247,src/data/pcs-sku-archive-types.ts,SkuArchiveRecord,lengthCm,number,False,43,保留并按目标归属收口,PACK.lengthCm,按字段字典类型和必填规则保存；原有副本仅显示投影,处置设计；未执行转换,403字段来自2026-10-04审计快照；本轮关键结构补核见current-prototype-evidence.md
248,src/data/pcs-sku-archive-types.ts,SkuArchiveRecord,widthCm,number,False,44,保留并按目标归属收口,PACK.widthCm,按字段字典类型和必填规则保存；原有副本仅显示投影,处置设计；未执行转换,403字段来自2026-10-04审计快照；本轮关键结构补核见current-prototype-evidence.md
249,src/data/pcs-sku-archive-types.ts,SkuArchiveRecord,heightCm,number,False,45,保留并按目标归属收口,PACK.heightCm,按字段字典类型和必填规则保存；原有副本仅显示投影,处置设计；未执行转换,403字段来自2026-10-04审计快照；本轮关键结构补核见current-prototype-evidence.md
250,src/data/pcs-sku-archive-types.ts,SkuArchiveRecord,packagingInfo,string,False,46,保留并按目标归属收口,PACK.packageSpecId,按字段字典类型和必填规则保存；原有副本仅显示投影,处置设计；未执行转换,403字段来自2026-10-04审计快照；本轮关键结构补核见current-prototype-evidence.md
251,src/data/pcs-sku-archive-types.ts,SkuArchiveRecord,weightText,string,False,47,结构化并保留来源,PACK.netWeightPerMainKg,确认基准与单位，不只存展示串,处置设计；未执行转换,403字段来自2026-10-04审计快照；本轮关键结构补核见current-prototype-evidence.md
252,src/data/pcs-sku-archive-types.ts,SkuArchiveRecord,volumeText,string,False,48,结构化并保留来源,PACK.volumeM3,明确包装及体积单位,处置设计；未执行转换,403字段来自2026-10-04审计快照；本轮关键结构补核见current-prototype-evidence.md
253,src/data/pcs-sku-archive-types.ts,SkuArchiveRecord,lastListingAt,string,False,49,保留只读关联投影,关联投影:对应领域记录,从真实关联计算，不把缓存计数/最后上架时间当可写主事实,处置设计；未执行转换,403字段来自2026-10-04审计快照；本轮关键结构补核见current-prototype-evidence.md
254,src/data/pcs-sku-archive-types.ts,SkuArchiveRecord,createdAt,string,False,50,保留并按目标归属收口,GOV.createdAt,按字段字典类型和必填规则保存；原有副本仅显示投影,处置设计；未执行转换,403字段来自2026-10-04审计快照；本轮关键结构补核见current-prototype-evidence.md
255,src/data/pcs-sku-archive-types.ts,SkuArchiveRecord,createdBy,string,False,51,保留并按目标归属收口,GOV.createdBy,按字段字典类型和必填规则保存；原有副本仅显示投影,处置设计；未执行转换,403字段来自2026-10-04审计快照；本轮关键结构补核见current-prototype-evidence.md
256,src/data/pcs-sku-archive-types.ts,SkuArchiveRecord,updatedAt,string,False,52,保留并按目标归属收口,GOV.updatedAt,按字段字典类型和必填规则保存；原有副本仅显示投影,处置设计；未执行转换,403字段来自2026-10-04审计快照；本轮关键结构补核见current-prototype-evidence.md
257,src/data/pcs-sku-archive-types.ts,SkuArchiveRecord,updatedBy,string,False,53,保留并按目标归属收口,GOV.updatedBy,按字段字典类型和必填规则保存；原有副本仅显示投影,处置设计；未执行转换,403字段来自2026-10-04审计快照；本轮关键结构补核见current-prototype-evidence.md
258,src/data/pcs-sku-archive-types.ts,SkuArchiveRecord,remark,string,False,54,保留并按目标归属收口,对象备注及GOV.changeLog,备注留在本对象；修改动作另留审计,处置设计；未执行转换,403字段来自2026-10-04审计快照；本轮关键结构补核见current-prototype-evidence.md
259,src/data/pcs-sku-archive-types.ts,SkuArchiveRecord,expectedMaterials,SkuExpectedMaterialLine[],True,56,迁出到技术域,外域:技术资料材料意向/BOM,不在SKU保存第二份可写BOM,处置设计；未执行转换,403字段来自2026-10-04审计快照；本轮关键结构补核见current-prototype-evidence.md
260,src/data/pcs-sku-archive-types.ts,SkuArchiveStoreSnapshot,version,number,False,60,退役整包持久化容器,存储:按记录仓库与事务,保留业务记录语义；禁止将整包快照搬入IndexedDB持续重写,处置设计；未执行转换,403字段来自2026-10-04审计快照；本轮关键结构补核见current-prototype-evidence.md
261,src/data/pcs-sku-archive-types.ts,SkuArchiveStoreSnapshot,records,SkuArchiveRecord[],False,61,退役整包持久化容器,存储:按记录仓库与事务,保留业务记录语义；禁止将整包快照搬入IndexedDB持续重写,处置设计；未执行转换,403字段来自2026-10-04审计快照；本轮关键结构补核见current-prototype-evidence.md
262,src/data/pcs-config-dimensions.ts,ConfigLog,id,string,False,19,保留事件日志字段,GOV.changeLog,保留日志自身ID、所属对象、摘要、详情、操作人和发生时间；不把日志ID当配置ID或操作时间当当前档案更新时间,处置设计；未执行转换,403字段来自2026-10-04审计快照；本轮关键结构补核见current-prototype-evidence.md
263,src/data/pcs-config-dimensions.ts,ConfigLog,action,string,False,20,保留事件日志字段,GOV.changeLog,保留日志自身ID、所属对象、摘要、详情、操作人和发生时间；不把日志ID当配置ID或操作时间当当前档案更新时间,处置设计；未执行转换,403字段来自2026-10-04审计快照；本轮关键结构补核见current-prototype-evidence.md
264,src/data/pcs-config-dimensions.ts,ConfigLog,detail,string,False,21,保留事件日志字段,GOV.changeLog,保留日志自身ID、所属对象、摘要、详情、操作人和发生时间；不把日志ID当配置ID或操作时间当当前档案更新时间,处置设计；未执行转换,403字段来自2026-10-04审计快照；本轮关键结构补核见current-prototype-evidence.md
265,src/data/pcs-config-dimensions.ts,ConfigLog,operator,string,False,22,保留事件日志字段,GOV.changeLog,保留日志自身ID、所属对象、摘要、详情、操作人和发生时间；不把日志ID当配置ID或操作时间当当前档案更新时间,处置设计；未执行转换,403字段来自2026-10-04审计快照；本轮关键结构补核见current-prototype-evidence.md
266,src/data/pcs-config-dimensions.ts,ConfigLog,time,string,False,23,保留事件日志字段,GOV.changeLog,保留日志自身ID、所属对象、摘要、详情、操作人和发生时间；不把日志ID当配置ID或操作时间当当前档案更新时间,处置设计；未执行转换,403字段来自2026-10-04审计快照；本轮关键结构补核见current-prototype-evidence.md
267,src/data/pcs-config-dimensions.ts,ConfigOption,id,string,False,27,保留并按目标归属收口,CFG.optionId,按字段字典类型和必填规则保存；原有副本仅显示投影,处置设计；未执行转换,403字段来自2026-10-04审计快照；本轮关键结构补核见current-prototype-evidence.md
268,src/data/pcs-config-dimensions.ts,ConfigOption,code,string,False,28,保留并按目标归属收口,CFG.businessCode,按字段字典类型和必填规则保存；原有副本仅显示投影,处置设计；未执行转换,403字段来自2026-10-04审计快照；本轮关键结构补核见current-prototype-evidence.md
269,src/data/pcs-config-dimensions.ts,ConfigOption,name_zh,string,False,29,保留并按目标归属收口,CFG.nameZh,按字段字典类型和必填规则保存；原有副本仅显示投影,处置设计；未执行转换,403字段来自2026-10-04审计快照；本轮关键结构补核见current-prototype-evidence.md
270,src/data/pcs-config-dimensions.ts,ConfigOption,name_en,string,True,30,保留并按目标归属收口,CFG.nameForeign,按字段字典类型和必填规则保存；原有副本仅显示投影,处置设计；未执行转换,403字段来自2026-10-04审计快照；本轮关键结构补核见current-prototype-evidence.md
271,src/data/pcs-config-dimensions.ts,ConfigOption,status,ConfigStatus,False,31,保留并按目标归属收口,CFG.status,字典启停，不套业务档案审核状态,处置设计；未执行转换,403字段来自2026-10-04审计快照；本轮关键结构补核见current-prototype-evidence.md
272,src/data/pcs-config-dimensions.ts,ConfigOption,sortOrder,number,False,32,保留并按目标归属收口,CFG.sortOrder,按字段字典类型和必填规则保存；原有副本仅显示投影,处置设计；未执行转换,403字段来自2026-10-04审计快照；本轮关键结构补核见current-prototype-evidence.md
273,src/data/pcs-config-dimensions.ts,ConfigOption,updatedAt,string,False,33,保留并按目标归属收口,GOV.updatedAt,按字段字典类型和必填规则保存；原有副本仅显示投影,处置设计；未执行转换,403字段来自2026-10-04审计快照；本轮关键结构补核见current-prototype-evidence.md
274,src/data/pcs-config-dimensions.ts,ConfigOption,updatedBy,string,False,34,保留并按目标归属收口,GOV.updatedBy,按字段字典类型和必填规则保存；原有副本仅显示投影,处置设计；未执行转换,403字段来自2026-10-04审计快照；本轮关键结构补核见current-prototype-evidence.md
275,src/data/pcs-config-dimensions.ts,ConfigOption,logs,ConfigLog[],False,35,保留并按目标归属收口,CFG.logs,按字段字典类型和必填规则保存；原有副本仅显示投影,处置设计；未执行转换,403字段来自2026-10-04审计快照；本轮关键结构补核见current-prototype-evidence.md
276,src/data/pcs-config-dimensions.ts,FlatDimensionMeta,id,FlatDimensionId,False,39,保留配置面板元数据,CFG.dimension,本项标识属性维度和面板说明；不是该字典下的某个选项ID,处置设计；未执行转换,403字段来自2026-10-04审计快照；本轮关键结构补核见current-prototype-evidence.md
277,src/data/pcs-config-dimensions.ts,FlatDimensionMeta,name,string,False,40,保留配置面板元数据,CFG.dimension,本项标识属性维度和面板说明；不是该字典下的某个选项ID,处置设计；未执行转换,403字段来自2026-10-04审计快照；本轮关键结构补核见current-prototype-evidence.md
278,src/data/pcs-config-dimensions.ts,FlatDimensionMeta,description,string,False,41,保留配置面板元数据,CFG.dimension,本项标识属性维度和面板说明；不是该字典下的某个选项ID,处置设计；未执行转换,403字段来自2026-10-04审计快照；本轮关键结构补核见current-prototype-evidence.md
279,src/data/pcs-config-workspace-repository.ts,ProductCategoryNode,id,string,False,13,保留分类结构,TPL.categoryId,分类ID/业务码/名称及父节点分开；不与属性选项混为同一命名空间,处置设计；未执行转换,403字段来自2026-10-04审计快照；本轮关键结构补核见current-prototype-evidence.md
280,src/data/pcs-config-workspace-repository.ts,ProductCategoryNode,code,string,False,14,保留分类结构,TPL.categoryCode,分类ID/业务码/名称及父节点分开；不与属性选项混为同一命名空间,处置设计；未执行转换,403字段来自2026-10-04审计快照；本轮关键结构补核见current-prototype-evidence.md
281,src/data/pcs-config-workspace-repository.ts,ProductCategoryNode,name,string,False,15,保留分类结构,TPL.categoryName,分类ID/业务码/名称及父节点分开；不与属性选项混为同一命名空间,处置设计；未执行转换,403字段来自2026-10-04审计快照；本轮关键结构补核见current-prototype-evidence.md
282,src/data/pcs-config-workspace-repository.ts,ProductCategoryNode,parentId,string | null,False,16,保留分类结构,TPL.parentCategoryId,分类ID/业务码/名称及父节点分开；不与属性选项混为同一命名空间,处置设计；未执行转换,403字段来自2026-10-04审计快照；本轮关键结构补核见current-prototype-evidence.md
283,src/data/pcs-config-workspace-repository.ts,ProductCategoryNode,level,1 | 2 | 3,False,17,保留分类结构,TPL.parentCategoryId,层级从父子关系推导，不能把层级数字保存为父ID,处置设计；未执行转换,403字段来自2026-10-04审计快照；本轮关键结构补核见current-prototype-evidence.md
284,src/data/pcs-config-workspace-repository.ts,ProductCategoryNode,status,ConfigStatus,False,18,保留并按目标归属收口,CFG.status,字典启停，不套业务档案审核状态,处置设计；未执行转换,403字段来自2026-10-04审计快照；本轮关键结构补核见current-prototype-evidence.md
285,src/data/pcs-config-workspace-repository.ts,ProductCategoryNode,sortOrder,number,False,19,保留并按目标归属收口,CFG.sortOrder,按字段字典类型和必填规则保存；原有副本仅显示投影,处置设计；未执行转换,403字段来自2026-10-04审计快照；本轮关键结构补核见current-prototype-evidence.md
286,src/data/pcs-config-workspace-repository.ts,ProductCategoryNode,productCount,number,False,20,保留只读关联投影,关联投影:对应领域记录,从真实关联计算，不把缓存计数/最后上架时间当可写主事实,处置设计；未执行转换,403字段来自2026-10-04审计快照；本轮关键结构补核见current-prototype-evidence.md
287,src/data/pcs-config-workspace-repository.ts,ProductCategoryNode,updatedAt,string,False,21,保留并按目标归属收口,GOV.updatedAt,按字段字典类型和必填规则保存；原有副本仅显示投影,处置设计；未执行转换,403字段来自2026-10-04审计快照；本轮关键结构补核见current-prototype-evidence.md
288,src/data/pcs-config-workspace-repository.ts,ProductCategoryNode,updatedBy,string,False,22,保留并按目标归属收口,GOV.updatedBy,按字段字典类型和必填规则保存；原有副本仅显示投影,处置设计；未执行转换,403字段来自2026-10-04审计快照；本轮关键结构补核见current-prototype-evidence.md
289,src/data/pcs-config-workspace-repository.ts,ProductCategoryNode,logs,ConfigLog[],False,23,保留并按目标归属收口,CFG.logs,按字段字典类型和必填规则保存；原有副本仅显示投影,处置设计；未执行转换,403字段来自2026-10-04审计快照；本轮关键结构补核见current-prototype-evidence.md
290,src/data/pcs-config-workspace-repository.ts,ConfigWorkspaceSummaryItem,id,ConfigWorkspaceDimensionId,False,27,保留配置面板元数据,CFG.dimension,本项标识属性维度和面板说明；不是该字典下的某个选项ID,处置设计；未执行转换,403字段来自2026-10-04审计快照；本轮关键结构补核见current-prototype-evidence.md
291,src/data/pcs-config-workspace-repository.ts,ConfigWorkspaceSummaryItem,name,string,False,28,保留配置面板元数据,CFG.dimension,本项标识属性维度和面板说明；不是该字典下的某个选项ID,处置设计；未执行转换,403字段来自2026-10-04审计快照；本轮关键结构补核见current-prototype-evidence.md
292,src/data/pcs-config-workspace-repository.ts,ConfigWorkspaceSummaryItem,description,string,False,29,保留配置面板元数据,CFG.dimension,本项标识属性维度和面板说明；不是该字典下的某个选项ID,处置设计；未执行转换,403字段来自2026-10-04审计快照；本轮关键结构补核见current-prototype-evidence.md
293,src/data/pcs-config-workspace-repository.ts,ConfigWorkspaceSummaryItem,count,number | null,False,30,保留只读关联投影,关联投影:对应领域记录,从真实关联计算，不把缓存计数/最后上架时间当可写主事实,处置设计；未执行转换,403字段来自2026-10-04审计快照；本轮关键结构补核见current-prototype-evidence.md
294,src/data/pcs-config-workspace-repository.ts,ConfigWorkspaceSummaryItem,updatedAt,string,False,31,保留并按目标归属收口,GOV.updatedAt,按字段字典类型和必填规则保存；原有副本仅显示投影,处置设计；未执行转换,403字段来自2026-10-04审计快照；本轮关键结构补核见current-prototype-evidence.md
295,src/data/pcs-config-workspace-repository.ts,ConfigWorkspaceSummaryItem,updatedBy,string,False,32,保留并按目标归属收口,GOV.updatedBy,按字段字典类型和必填规则保存；原有副本仅显示投影,处置设计；未执行转换,403字段来自2026-10-04审计快照；本轮关键结构补核见current-prototype-evidence.md
296,src/data/pcs-config-workspace-repository.ts,ConfigWorkspaceOptionDraft,nameZh,string,False,36,保留并按目标归属收口,CFG.nameZh,按字段字典类型和必填规则保存；原有副本仅显示投影,处置设计；未执行转换,403字段来自2026-10-04审计快照；本轮关键结构补核见current-prototype-evidence.md
297,src/data/pcs-config-workspace-repository.ts,ConfigWorkspaceOptionDraft,nameEn,string,True,37,保留并按目标归属收口,CFG.nameForeign,按字段字典类型和必填规则保存；原有副本仅显示投影,处置设计；未执行转换,403字段来自2026-10-04审计快照；本轮关键结构补核见current-prototype-evidence.md
298,src/data/pcs-config-workspace-repository.ts,ConfigWorkspaceOptionDraft,sortOrder,number,False,38,保留并按目标归属收口,CFG.sortOrder,按字段字典类型和必填规则保存；原有副本仅显示投影,处置设计；未执行转换,403字段来自2026-10-04审计快照；本轮关键结构补核见current-prototype-evidence.md
299,src/data/pcs-config-workspace-repository.ts,ConfigWorkspaceOptionDraft,status,ConfigStatus,False,39,保留并按目标归属收口,CFG.status,字典启停，不套业务档案审核状态,处置设计；未执行转换,403字段来自2026-10-04审计快照；本轮关键结构补核见current-prototype-evidence.md
300,src/data/pcs-config-workspace-repository.ts,ProductCategoryDraft,name,string,False,43,保留分类草稿名称,TPL.categoryName,与分类树正式记录同字段规则,处置设计；未执行转换,403字段来自2026-10-04审计快照；本轮关键结构补核见current-prototype-evidence.md
301,src/data/pcs-config-workspace-repository.ts,ProductCategoryDraft,sortOrder,number,False,44,保留并按目标归属收口,CFG.sortOrder,按字段字典类型和必填规则保存；原有副本仅显示投影,处置设计；未执行转换,403字段来自2026-10-04审计快照；本轮关键结构补核见current-prototype-evidence.md
302,src/data/pcs-config-workspace-repository.ts,ProductCategoryDraft,status,ConfigStatus,False,45,保留并按目标归属收口,CFG.status,字典启停，不套业务档案审核状态,处置设计；未执行转换,403字段来自2026-10-04审计快照；本轮关键结构补核见current-prototype-evidence.md
303,src/data/pcs-config-workspace-repository.ts,ConfigWorkspaceSnapshot,version,number,False,49,退役整包持久化容器,存储:按记录仓库与事务,保留业务记录语义；禁止将整包快照搬入IndexedDB持续重写,处置设计；未执行转换,403字段来自2026-10-04审计快照；本轮关键结构补核见current-prototype-evidence.md
304,src/data/pcs-config-workspace-repository.ts,ConfigWorkspaceSnapshot,flatOptions,"Record<FlatDimensionId, ConfigOption[]>",False,50,退役整包持久化容器,存储:按记录仓库与事务,保留业务记录语义；禁止将整包快照搬入IndexedDB持续重写,处置设计；未执行转换,403字段来自2026-10-04审计快照；本轮关键结构补核见current-prototype-evidence.md
305,src/data/pcs-config-workspace-repository.ts,ConfigWorkspaceSnapshot,categoryNodes,ProductCategoryNode[],False,51,退役整包持久化容器,存储:按记录仓库与事务,保留业务记录语义；禁止将整包快照搬入IndexedDB持续重写,处置设计；未执行转换,403字段来自2026-10-04审计快照；本轮关键结构补核见current-prototype-evidence.md
306,src/data/pcs-channel-store-master.ts,PcsChannelStoreMasterRecord,masterStoreId,string,False,4,保留并按目标归属收口,STORE.storeId,按字段字典类型和必填规则保存；原有副本仅显示投影,处置设计；未执行转换,403字段来自2026-10-04审计快照；本轮关键结构补核见current-prototype-evidence.md
307,src/data/pcs-channel-store-master.ts,PcsChannelStoreMasterRecord,storeName,string,False,5,保留并按目标归属收口,STORE.storeName,按字段字典类型和必填规则保存；原有副本仅显示投影,处置设计；未执行转换,403字段来自2026-10-04审计快照；本轮关键结构补核见current-prototype-evidence.md
308,src/data/pcs-channel-store-master.ts,PcsChannelStoreMasterRecord,channelCode,string,False,6,保留并按目标归属收口,STORE.channelCode,按字段字典类型和必填规则保存；原有副本仅显示投影,处置设计；未执行转换,403字段来自2026-10-04审计快照；本轮关键结构补核见current-prototype-evidence.md
309,src/data/pcs-channel-store-master.ts,PcsChannelStoreMasterRecord,pricingCurrency,string,False,7,保留并按目标归属收口,STORE.salesCurrency,按字段字典类型和必填规则保存；原有副本仅显示投影,处置设计；未执行转换,403字段来自2026-10-04审计快照；本轮关键结构补核见current-prototype-evidence.md
310,src/data/pcs-channel-store-master.ts,PcsChannelStoreMasterRecord,settlementCurrency,string,False,8,保留并按目标归属收口,STORE.settlementCurrency,按字段字典类型和必填规则保存；原有副本仅显示投影,处置设计；未执行转换,403字段来自2026-10-04审计快照；本轮关键结构补核见current-prototype-evidence.md
311,src/data/pcs-channel-store-master.ts,PcsChannelStoreMasterRecord,linkedProjectStoreIds,string[],False,9,合并店铺身份映射,STORE.storeId,存量关系归一storeId并保留来源；不保留双店铺主表,处置设计；未执行转换,403字段来自2026-10-04审计快照；本轮关键结构补核见current-prototype-evidence.md
312,src/data/pcs-channel-listing-spec-types.ts,ChannelListingSpecLineRecord,specLineId,string,False,4,保留并按目标归属收口,EXT.externalVariantId,按字段字典类型和必填规则保存；原有副本仅显示投影,处置设计；未执行转换,403字段来自2026-10-04审计快照；本轮关键结构补核见current-prototype-evidence.md
313,src/data/pcs-channel-listing-spec-types.ts,ChannelListingSpecLineRecord,specLineCode,string,False,5,保留并按目标归属收口,EXT.externalVariantId,按字段字典类型和必填规则保存；原有副本仅显示投影,处置设计；未执行转换,403字段来自2026-10-04审计快照；本轮关键结构补核见current-prototype-evidence.md
314,src/data/pcs-channel-listing-spec-types.ts,ChannelListingSpecLineRecord,listingBatchId,string,False,6,迁到发布动作/媒体归属,SYNC.operationId,实际父商品使用listingId；有序媒体属内容版本,处置设计；未执行转换,403字段来自2026-10-04审计快照；本轮关键结构补核见current-prototype-evidence.md
315,src/data/pcs-channel-listing-spec-types.ts,ChannelListingSpecLineRecord,productImageId,string,False,7,保留并按目标归属收口,ASSET.assetId,按字段字典类型和必填规则保存；原有副本仅显示投影,处置设计；未执行转换,403字段来自2026-10-04审计快照；本轮关键结构补核见current-prototype-evidence.md
316,src/data/pcs-channel-listing-spec-types.ts,ChannelListingSpecLineRecord,productImageUrl,string,False,8,保留并按目标归属收口,ASSET.fileRef,按字段字典类型和必填规则保存；原有副本仅显示投影,处置设计；未执行转换,403字段来自2026-10-04审计快照；本轮关键结构补核见current-prototype-evidence.md
317,src/data/pcs-channel-listing-spec-types.ts,ChannelListingSpecLineRecord,productImageName,string,False,9,保留并按目标归属收口,ASSET.fileName,按字段字典类型和必填规则保存；原有副本仅显示投影,处置设计；未执行转换,403字段来自2026-10-04审计快照；本轮关键结构补核见current-prototype-evidence.md
318,src/data/pcs-channel-listing-spec-types.ts,ChannelListingSpecLineRecord,colorName,string,False,10,保留并按目标归属收口,EXT.displayColor,保留平台显示名，新增internalSkuId显式映射,处置设计；未执行转换,403字段来自2026-10-04审计快照；本轮关键结构补核见current-prototype-evidence.md
319,src/data/pcs-channel-listing-spec-types.ts,ChannelListingSpecLineRecord,sizeName,string,False,11,保留并按目标归属收口,EXT.displaySize,保留平台显示名，新增internalSkuId显式映射,处置设计；未执行转换,403字段来自2026-10-04审计快照；本轮关键结构补核见current-prototype-evidence.md
320,src/data/pcs-channel-listing-spec-types.ts,ChannelListingSpecLineRecord,printName,string,False,12,保留并按目标归属收口,EXT.displayPattern,保留平台显示名，新增internalSkuId显式映射,处置设计；未执行转换,403字段来自2026-10-04审计快照；本轮关键结构补核见current-prototype-evidence.md
321,src/data/pcs-channel-listing-spec-types.ts,ChannelListingSpecLineRecord,sellerSku,string,False,13,保留并按目标归属收口,EXT.sellerSku,按字段字典类型和必填规则保存；原有副本仅显示投影,处置设计；未执行转换,403字段来自2026-10-04审计快照；本轮关键结构补核见current-prototype-evidence.md
322,src/data/pcs-channel-listing-spec-types.ts,ChannelListingSpecLineRecord,priceAmount,number,False,14,保留并按目标归属收口,PRICE.amount,按字段字典类型和必填规则保存；原有副本仅显示投影,处置设计；未执行转换,403字段来自2026-10-04审计快照；本轮关键结构补核见current-prototype-evidence.md
323,src/data/pcs-channel-listing-spec-types.ts,ChannelListingSpecLineRecord,currencyCode,string,False,15,按费用领域迁移,PRICE.currency,渠道价用销售币种，材料价用原币/计算币种，不能混为通用字段,处置设计；未执行转换,403字段来自2026-10-04审计快照；本轮关键结构补核见current-prototype-evidence.md
324,src/data/pcs-channel-listing-spec-types.ts,ChannelListingSpecLineRecord,stockQty,number,False,16,移出PCS事实,GOV.legacyValues,WMS唯一库存；原手填数量只留必要来源，不伪装平台回执或迁成权威库存,处置设计；未执行转换,403字段来自2026-10-04审计快照；本轮关键结构补核见current-prototype-evidence.md
325,src/data/pcs-channel-listing-spec-types.ts,ChannelListingSpecLineRecord,lineStatus,ChannelListingSpecLineStatus,False,17,保留并按目标归属收口,SYNC.result,按字段字典类型和必填规则保存；原有副本仅显示投影,处置设计；未执行转换,403字段来自2026-10-04审计快照；本轮关键结构补核见current-prototype-evidence.md
326,src/data/pcs-channel-listing-spec-types.ts,ChannelListingSpecLineRecord,upstreamSkuId,string,False,18,保留外部身份,EXT.platformVariantId,按不透明字符串保存；新增内部SKU映射,处置设计；未执行转换,403字段来自2026-10-04审计快照；本轮关键结构补核见current-prototype-evidence.md
327,src/data/pcs-channel-listing-spec-types.ts,ChannelListingSpecLineRecord,uploadResultText,string,False,19,保留并按目标归属收口,SYNC.receipt,按字段字典类型和必填规则保存；原有副本仅显示投影,处置设计；未执行转换,403字段来自2026-10-04审计快照；本轮关键结构补核见current-prototype-evidence.md
328,src/data/pcs-channel-listing-spec-types.ts,ChannelListingSpecLineInput,specLineId,string,True,23,保留并按目标归属收口,EXT.externalVariantId,按字段字典类型和必填规则保存；原有副本仅显示投影,处置设计；未执行转换,403字段来自2026-10-04审计快照；本轮关键结构补核见current-prototype-evidence.md
329,src/data/pcs-channel-listing-spec-types.ts,ChannelListingSpecLineInput,specLineCode,string,True,24,保留并按目标归属收口,EXT.externalVariantId,按字段字典类型和必填规则保存；原有副本仅显示投影,处置设计；未执行转换,403字段来自2026-10-04审计快照；本轮关键结构补核见current-prototype-evidence.md
330,src/data/pcs-channel-listing-spec-types.ts,ChannelListingSpecLineInput,listingBatchId,string,True,25,迁到发布动作/媒体归属,SYNC.operationId,实际父商品使用listingId；有序媒体属内容版本,处置设计；未执行转换,403字段来自2026-10-04审计快照；本轮关键结构补核见current-prototype-evidence.md
331,src/data/pcs-channel-listing-spec-types.ts,ChannelListingSpecLineInput,productImageId,string,True,26,保留并按目标归属收口,ASSET.assetId,按字段字典类型和必填规则保存；原有副本仅显示投影,处置设计；未执行转换,403字段来自2026-10-04审计快照；本轮关键结构补核见current-prototype-evidence.md
332,src/data/pcs-channel-listing-spec-types.ts,ChannelListingSpecLineInput,productImageUrl,string,True,27,保留并按目标归属收口,ASSET.fileRef,按字段字典类型和必填规则保存；原有副本仅显示投影,处置设计；未执行转换,403字段来自2026-10-04审计快照；本轮关键结构补核见current-prototype-evidence.md
333,src/data/pcs-channel-listing-spec-types.ts,ChannelListingSpecLineInput,productImageName,string,True,28,保留并按目标归属收口,ASSET.fileName,按字段字典类型和必填规则保存；原有副本仅显示投影,处置设计；未执行转换,403字段来自2026-10-04审计快照；本轮关键结构补核见current-prototype-evidence.md
334,src/data/pcs-channel-listing-spec-types.ts,ChannelListingSpecLineInput,colorName,string,True,29,保留并按目标归属收口,EXT.displayColor,保留平台显示名，新增internalSkuId显式映射,处置设计；未执行转换,403字段来自2026-10-04审计快照；本轮关键结构补核见current-prototype-evidence.md
335,src/data/pcs-channel-listing-spec-types.ts,ChannelListingSpecLineInput,sizeName,string,True,30,保留并按目标归属收口,EXT.displaySize,保留平台显示名，新增internalSkuId显式映射,处置设计；未执行转换,403字段来自2026-10-04审计快照；本轮关键结构补核见current-prototype-evidence.md
336,src/data/pcs-channel-listing-spec-types.ts,ChannelListingSpecLineInput,printName,string,True,31,保留并按目标归属收口,EXT.displayPattern,保留平台显示名，新增internalSkuId显式映射,处置设计；未执行转换,403字段来自2026-10-04审计快照；本轮关键结构补核见current-prototype-evidence.md
337,src/data/pcs-channel-listing-spec-types.ts,ChannelListingSpecLineInput,sellerSku,string,True,32,保留并按目标归属收口,EXT.sellerSku,按字段字典类型和必填规则保存；原有副本仅显示投影,处置设计；未执行转换,403字段来自2026-10-04审计快照；本轮关键结构补核见current-prototype-evidence.md
338,src/data/pcs-channel-listing-spec-types.ts,ChannelListingSpecLineInput,priceAmount,number,True,33,保留并按目标归属收口,PRICE.amount,按字段字典类型和必填规则保存；原有副本仅显示投影,处置设计；未执行转换,403字段来自2026-10-04审计快照；本轮关键结构补核见current-prototype-evidence.md
339,src/data/pcs-channel-listing-spec-types.ts,ChannelListingSpecLineInput,currencyCode,string,True,34,按费用领域迁移,PRICE.currency,渠道价用销售币种，材料价用原币/计算币种，不能混为通用字段,处置设计；未执行转换,403字段来自2026-10-04审计快照；本轮关键结构补核见current-prototype-evidence.md
340,src/data/pcs-channel-listing-spec-types.ts,ChannelListingSpecLineInput,stockQty,number,True,35,移出PCS事实,GOV.legacyValues,WMS唯一库存；原手填数量只留必要来源，不伪装平台回执或迁成权威库存,处置设计；未执行转换,403字段来自2026-10-04审计快照；本轮关键结构补核见current-prototype-evidence.md
341,src/data/pcs-channel-listing-spec-types.ts,ChannelListingSpecLineInput,lineStatus,ChannelListingSpecLineStatus,True,36,保留并按目标归属收口,SYNC.result,按字段字典类型和必填规则保存；原有副本仅显示投影,处置设计；未执行转换,403字段来自2026-10-04审计快照；本轮关键结构补核见current-prototype-evidence.md
342,src/data/pcs-channel-listing-spec-types.ts,ChannelListingSpecLineInput,upstreamSkuId,string,True,37,保留外部身份,EXT.platformVariantId,按不透明字符串保存；新增内部SKU映射,处置设计；未执行转换,403字段来自2026-10-04审计快照；本轮关键结构补核见current-prototype-evidence.md
343,src/data/pcs-channel-listing-spec-types.ts,ChannelListingSpecLineInput,uploadResultText,string,True,38,保留并按目标归属收口,SYNC.receipt,按字段字典类型和必填规则保存；原有副本仅显示投影,处置设计；未执行转换,403字段来自2026-10-04审计快照；本轮关键结构补核见current-prototype-evidence.md
344,src/data/pcs-channel-listing-image-types.ts,ChannelListingImageRecord,listingImageId,string,False,8,保留并按目标归属收口,ASSET.assetId,按字段字典类型和必填规则保存；原有副本仅显示投影,处置设计；未执行转换,403字段来自2026-10-04审计快照；本轮关键结构补核见current-prototype-evidence.md
345,src/data/pcs-channel-listing-image-types.ts,ChannelListingImageRecord,listingBatchId,string,False,9,迁到发布动作/媒体归属,SYNC.operationId,实际父商品使用listingId；有序媒体属内容版本,处置设计；未执行转换,403字段来自2026-10-04审计快照；本轮关键结构补核见current-prototype-evidence.md
346,src/data/pcs-channel-listing-image-types.ts,ChannelListingImageRecord,imageId,string,False,10,保留并按目标归属收口,ASSET.assetId,按字段字典类型和必填规则保存；原有副本仅显示投影,处置设计；未执行转换,403字段来自2026-10-04审计快照；本轮关键结构补核见current-prototype-evidence.md
347,src/data/pcs-channel-listing-image-types.ts,ChannelListingImageRecord,imageUrl,string,False,11,保留并按目标归属收口,ASSET.fileRef,按字段字典类型和必填规则保存；原有副本仅显示投影,处置设计；未执行转换,403字段来自2026-10-04审计快照；本轮关键结构补核见current-prototype-evidence.md
348,src/data/pcs-channel-listing-image-types.ts,ChannelListingImageRecord,imageName,string,False,12,保留并按目标归属收口,ASSET.fileName,按字段字典类型和必填规则保存；原有副本仅显示投影,处置设计；未执行转换,403字段来自2026-10-04审计快照；本轮关键结构补核见current-prototype-evidence.md
349,src/data/pcs-channel-listing-image-types.ts,ChannelListingImageRecord,sourceType,ChannelListingImageSource,False,13,保留并按目标归属收口,ASSET.role,按字段字典类型和必填规则保存；原有副本仅显示投影,处置设计；未执行转换,403字段来自2026-10-04审计快照；本轮关键结构补核见current-prototype-evidence.md
350,src/data/pcs-channel-listing-image-types.ts,ChannelListingImageRecord,sortNo,number,False,14,保留并按目标归属收口,ASSET.sortOrder,按字段字典类型和必填规则保存；原有副本仅显示投影,处置设计；未执行转换,403字段来自2026-10-04审计快照；本轮关键结构补核见current-prototype-evidence.md
351,src/data/pcs-channel-listing-image-types.ts,ChannelListingImageRecord,mainFlag,boolean,False,15,保留并按目标归属收口,ASSET.role,按字段字典类型和必填规则保存；原有副本仅显示投影,处置设计；未执行转换,403字段来自2026-10-04审计快照；本轮关键结构补核见current-prototype-evidence.md
352,src/data/pcs-channel-listing-image-types.ts,ChannelListingImageInput,imageId,string,False,19,保留并按目标归属收口,ASSET.assetId,按字段字典类型和必填规则保存；原有副本仅显示投影,处置设计；未执行转换,403字段来自2026-10-04审计快照；本轮关键结构补核见current-prototype-evidence.md
353,src/data/pcs-channel-listing-image-types.ts,ChannelListingImageInput,sortNo,number,True,20,保留并按目标归属收口,ASSET.sortOrder,按字段字典类型和必填规则保存；原有副本仅显示投影,处置设计；未执行转换,403字段来自2026-10-04审计快照；本轮关键结构补核见current-prototype-evidence.md
354,src/data/pcs-channel-listing-image-types.ts,ChannelListingImageInput,mainFlag,boolean,True,21,保留并按目标归属收口,ASSET.role,按字段字典类型和必填规则保存；原有副本仅显示投影,处置设计；未执行转换,403字段来自2026-10-04审计快照；本轮关键结构补核见current-prototype-evidence.md
355,src/data/pcs-project-domain-contract.ts,PcsProjectChannelProductRecord,channelProductId,string,False,296,保留并按目标归属收口,LIST.listingId,按字段字典类型和必填规则保存；原有副本仅显示投影,处置设计；未执行转换,403字段来自2026-10-04审计快照；本轮关键结构补核见current-prototype-evidence.md
356,src/data/pcs-project-domain-contract.ts,PcsProjectChannelProductRecord,channelProductCode,string,False,297,保留并按目标归属收口,LIST.listingId,按字段字典类型和必填规则保存；原有副本仅显示投影,处置设计；未执行转换,403字段来自2026-10-04审计快照；本轮关键结构补核见current-prototype-evidence.md
357,src/data/pcs-project-domain-contract.ts,PcsProjectChannelProductRecord,listingBatchCode,string,False,298,迁到发布动作,SYNC.operationId,批次仅一次发布操作，非商品主身份,处置设计；未执行转换,403字段来自2026-10-04审计快照；本轮关键结构补核见current-prototype-evidence.md
358,src/data/pcs-project-domain-contract.ts,PcsProjectChannelProductRecord,upstreamChannelProductCode,string,False,299,归一外部身份,LIST.platformProductId,需核对原值确为PID；不拼装,处置设计；未执行转换,403字段来自2026-10-04审计快照；本轮关键结构补核见current-prototype-evidence.md
359,src/data/pcs-project-domain-contract.ts,PcsProjectChannelProductRecord,upstreamProductId,string,False,300,归一外部身份,LIST.platformProductId,双字段核同后只保留一个外部PID事实,处置设计；未执行转换,403字段来自2026-10-04审计快照；本轮关键结构补核见current-prototype-evidence.md
360,src/data/pcs-project-domain-contract.ts,PcsProjectChannelProductRecord,projectId,string,False,301,移除目标业务字段,LIST.sourceTestingOrderId,项目不是业务对象；若真实来源为测款使用明确测款引用,处置设计；未执行转换,403字段来自2026-10-04审计快照；本轮关键结构补核见current-prototype-evidence.md
361,src/data/pcs-project-domain-contract.ts,PcsProjectChannelProductRecord,projectCode,string,False,302,移除目标业务字段,GOV.legacyValues,保留必要来源追溯，不再显示项目列,处置设计；未执行转换,403字段来自2026-10-04审计快照；本轮关键结构补核见current-prototype-evidence.md
362,src/data/pcs-project-domain-contract.ts,PcsProjectChannelProductRecord,projectName,string,False,303,移除目标业务字段,GOV.legacyValues,不作为渠道或款式必填,处置设计；未执行转换,403字段来自2026-10-04审计快照；本轮关键结构补核见current-prototype-evidence.md
363,src/data/pcs-project-domain-contract.ts,PcsProjectChannelProductRecord,projectNodeId,string,False,304,移除目标业务字段,LIST.testingListingActionId,仅真实测款上架动作另行明确映射,处置设计；未执行转换,403字段来自2026-10-04审计快照；本轮关键结构补核见current-prototype-evidence.md
364,src/data/pcs-project-domain-contract.ts,PcsProjectChannelProductRecord,channelCode,string,False,305,保留并按目标归属收口,STORE.channelCode,按字段字典类型和必填规则保存；原有副本仅显示投影,处置设计；未执行转换,403字段来自2026-10-04审计快照；本轮关键结构补核见current-prototype-evidence.md
365,src/data/pcs-project-domain-contract.ts,PcsProjectChannelProductRecord,channelName,string,False,306,保留并按目标归属收口,STORE.channelCode,按字段字典类型和必填规则保存；原有副本仅显示投影,处置设计；未执行转换,403字段来自2026-10-04审计快照；本轮关键结构补核见current-prototype-evidence.md
366,src/data/pcs-project-domain-contract.ts,PcsProjectChannelProductRecord,storeId,string,False,307,保留并按目标归属收口,STORE.storeId,按字段字典类型和必填规则保存；原有副本仅显示投影,处置设计；未执行转换,403字段来自2026-10-04审计快照；本轮关键结构补核见current-prototype-evidence.md
367,src/data/pcs-project-domain-contract.ts,PcsProjectChannelProductRecord,storeName,string,False,308,保留并按目标归属收口,STORE.storeName,按字段字典类型和必填规则保存；原有副本仅显示投影,处置设计；未执行转换,403字段来自2026-10-04审计快照；本轮关键结构补核见current-prototype-evidence.md
368,src/data/pcs-project-domain-contract.ts,PcsProjectChannelProductRecord,skuId,string,False,309,下沉平台规格映射,EXT.internalSkuId,父PID不以单个skuId代表全部规格,处置设计；未执行转换,403字段来自2026-10-04审计快照；本轮关键结构补核见current-prototype-evidence.md
369,src/data/pcs-project-domain-contract.ts,PcsProjectChannelProductRecord,skuCode,string,False,310,下沉映射显示,EXT.internalSkuId,由每条平台规格所映射内部SKU读取编码和名称；父PID不另存一个SKU代表全部规格,处置设计；未执行转换,403字段来自2026-10-04审计快照；本轮关键结构补核见current-prototype-evidence.md
370,src/data/pcs-project-domain-contract.ts,PcsProjectChannelProductRecord,skuName,string,False,311,下沉映射显示,EXT.internalSkuId,由每条平台规格所映射内部SKU读取编码和名称；父PID不另存一个SKU代表全部规格,处置设计；未执行转换,403字段来自2026-10-04审计快照；本轮关键结构补核见current-prototype-evidence.md
371,src/data/pcs-project-domain-contract.ts,PcsProjectChannelProductRecord,styleListingTitle,string,False,312,保留并按目标归属收口,CONTENT.title,按字段字典类型和必填规则保存；原有副本仅显示投影,处置设计；未执行转换,403字段来自2026-10-04审计快照；本轮关键结构补核见current-prototype-evidence.md
372,src/data/pcs-project-domain-contract.ts,PcsProjectChannelProductRecord,listingTitle,string,False,313,保留并按目标归属收口,CONTENT.title,按字段字典类型和必填规则保存；原有副本仅显示投影,处置设计；未执行转换,403字段来自2026-10-04审计快照；本轮关键结构补核见current-prototype-evidence.md
373,src/data/pcs-project-domain-contract.ts,PcsProjectChannelProductRecord,listingDescription,string,False,314,保留并按目标归属收口,CONTENT.descriptionHtml,按字段字典类型和必填规则保存；原有副本仅显示投影,处置设计；未执行转换,403字段来自2026-10-04审计快照；本轮关键结构补核见current-prototype-evidence.md
374,src/data/pcs-project-domain-contract.ts,PcsProjectChannelProductRecord,listingPrice,number,False,315,保留并按目标归属收口,PRICE.amount,按字段字典类型和必填规则保存；原有副本仅显示投影,处置设计；未执行转换,403字段来自2026-10-04审计快照；本轮关键结构补核见current-prototype-evidence.md
375,src/data/pcs-project-domain-contract.ts,PcsProjectChannelProductRecord,defaultPriceAmount,number,False,316,保留并按目标归属收口,PRICE.amount,按字段字典类型和必填规则保存；原有副本仅显示投影,处置设计；未执行转换,403字段来自2026-10-04审计快照；本轮关键结构补核见current-prototype-evidence.md
376,src/data/pcs-project-domain-contract.ts,PcsProjectChannelProductRecord,currency,string,False,317,按费用领域迁移,PRICE.currency,明确本对象价格币种并去掉重复别名,处置设计；未执行转换,403字段来自2026-10-04审计快照；本轮关键结构补核见current-prototype-evidence.md
377,src/data/pcs-project-domain-contract.ts,PcsProjectChannelProductRecord,currencyCode,string,False,318,按费用领域迁移,PRICE.currency,渠道价用销售币种，材料价用原币/计算币种，不能混为通用字段,处置设计；未执行转换,403字段来自2026-10-04审计快照；本轮关键结构补核见current-prototype-evidence.md
378,src/data/pcs-project-domain-contract.ts,PcsProjectChannelProductRecord,listingMainImageId,string,False,319,保留并按目标归属收口,ASSET.assetId,按字段字典类型和必填规则保存；原有副本仅显示投影,处置设计；未执行转换,403字段来自2026-10-04审计快照；本轮关键结构补核见current-prototype-evidence.md
379,src/data/pcs-project-domain-contract.ts,PcsProjectChannelProductRecord,listingImageIds,string[],False,320,保留并按目标归属收口,ASSET.assetId,按字段字典类型和必填规则保存；原有副本仅显示投影,处置设计；未执行转换,403字段来自2026-10-04审计快照；本轮关键结构补核见current-prototype-evidence.md
380,src/data/pcs-project-domain-contract.ts,PcsProjectChannelProductRecord,listingImageSource,string,False,321,保留并按目标归属收口,ASSET.role,按字段字典类型和必填规则保存；原有副本仅显示投影,处置设计；未执行转换,403字段来自2026-10-04审计快照；本轮关键结构补核见current-prototype-evidence.md
381,src/data/pcs-project-domain-contract.ts,PcsProjectChannelProductRecord,listingImageConfirmedAt,string,False,322,保留并按目标归属收口,GOV.reviewedAt,按字段字典类型和必填规则保存；原有副本仅显示投影,处置设计；未执行转换,403字段来自2026-10-04审计快照；本轮关键结构补核见current-prototype-evidence.md
382,src/data/pcs-project-domain-contract.ts,PcsProjectChannelProductRecord,listingImageConfirmedBy,string,False,323,保留并按目标归属收口,GOV.reviewedBy,按字段字典类型和必填规则保存；原有副本仅显示投影,处置设计；未执行转换,403字段来自2026-10-04审计快照；本轮关键结构补核见current-prototype-evidence.md
383,src/data/pcs-project-domain-contract.ts,PcsProjectChannelProductRecord,listingImages,ChannelListingImageRecord[],False,324,保留并按目标归属收口,CONTENT.mediaRefs,按字段字典类型和必填规则保存；原有副本仅显示投影,处置设计；未执行转换,403字段来自2026-10-04审计快照；本轮关键结构补核见current-prototype-evidence.md
384,src/data/pcs-project-domain-contract.ts,PcsProjectChannelProductRecord,mainImageUrls,string[],False,325,保留并按目标归属收口,CONTENT.mediaRefs,按字段字典类型和必填规则保存；原有副本仅显示投影,处置设计；未执行转换,403字段来自2026-10-04审计快照；本轮关键结构补核见current-prototype-evidence.md
385,src/data/pcs-project-domain-contract.ts,PcsProjectChannelProductRecord,detailImageUrls,string[],False,326,保留并按目标归属收口,CONTENT.mediaRefs,按字段字典类型和必填规则保存；原有副本仅显示投影,处置设计；未执行转换,403字段来自2026-10-04审计快照；本轮关键结构补核见current-prototype-evidence.md
386,src/data/pcs-project-domain-contract.ts,PcsProjectChannelProductRecord,listingRemark,string,False,327,保留并按目标归属收口,GOV.changeLog,按字段字典类型和必填规则保存；原有副本仅显示投影,处置设计；未执行转换,403字段来自2026-10-04审计快照；本轮关键结构补核见current-prototype-evidence.md
387,src/data/pcs-project-domain-contract.ts,PcsProjectChannelProductRecord,specLines,ChannelListingSpecLineRecord[],False,328,保留并按目标归属收口,EXT.externalVariantId,按字段字典类型和必填规则保存；原有副本仅显示投影,处置设计；未执行转换,403字段来自2026-10-04审计快照；本轮关键结构补核见current-prototype-evidence.md
388,src/data/pcs-project-domain-contract.ts,PcsProjectChannelProductRecord,specLineCount,number,False,329,关联统计,EXT.externalVariantId,外部实例数与内部SKU去重数分开,处置设计；未执行转换,403字段来自2026-10-04审计快照；本轮关键结构补核见current-prototype-evidence.md
389,src/data/pcs-project-domain-contract.ts,PcsProjectChannelProductRecord,uploadedSpecLineCount,number,False,330,计算发布结果,SYNC.receipt,按当次目标规格成功数统计,处置设计；未执行转换,403字段来自2026-10-04审计快照；本轮关键结构补核见current-prototype-evidence.md
390,src/data/pcs-project-domain-contract.ts,PcsProjectChannelProductRecord,listingBatchStatus,PcsChannelProductStatus,False,331,迁到发布结果,SYNC.result,与平台实际状态分开,处置设计；未执行转换,403字段来自2026-10-04审计快照；本轮关键结构补核见current-prototype-evidence.md
391,src/data/pcs-project-domain-contract.ts,PcsProjectChannelProductRecord,uploadResultText,string,False,332,保留并按目标归属收口,SYNC.receipt,按字段字典类型和必填规则保存；原有副本仅显示投影,处置设计；未执行转换,403字段来自2026-10-04审计快照；本轮关键结构补核见current-prototype-evidence.md
392,src/data/pcs-project-domain-contract.ts,PcsProjectChannelProductRecord,uploadedAt,string,False,333,保留并按目标归属收口,SYNC.completedAt,按字段字典类型和必填规则保存；原有副本仅显示投影,处置设计；未执行转换,403字段来自2026-10-04审计快照；本轮关键结构补核见current-prototype-evidence.md
393,src/data/pcs-project-domain-contract.ts,PcsProjectChannelProductRecord,channelProductStatus,PcsChannelProductStatus,False,334,保留并按目标归属收口,LIST.platformStatus,按字段字典类型和必填规则保存；原有副本仅显示投影,处置设计；未执行转换,403字段来自2026-10-04审计快照；本轮关键结构补核见current-prototype-evidence.md
394,src/data/pcs-project-domain-contract.ts,PcsProjectChannelProductRecord,upstreamSyncStatus,PcsChannelProductUpstreamSyncStatus,False,335,保留并按目标归属收口,LIST.syncStatus,按字段字典类型和必填规则保存；原有副本仅显示投影,处置设计；未执行转换,403字段来自2026-10-04审计快照；本轮关键结构补核见current-prototype-evidence.md
395,src/data/pcs-project-domain-contract.ts,PcsProjectChannelProductRecord,styleId,string,False,336,渠道父记录引用款式,LIST.styleId,只保存款式稳定ID，编码名称读取款式投影；不在渠道另建款式主资料,处置设计；未执行转换,403字段来自2026-10-04审计快照；本轮关键结构补核见current-prototype-evidence.md
396,src/data/pcs-project-domain-contract.ts,PcsProjectChannelProductRecord,styleCode,string,False,337,渠道父记录引用款式,LIST.styleId,只保存款式稳定ID，编码名称读取款式投影；不在渠道另建款式主资料,处置设计；未执行转换,403字段来自2026-10-04审计快照；本轮关键结构补核见current-prototype-evidence.md
397,src/data/pcs-project-domain-contract.ts,PcsProjectChannelProductRecord,styleName,string,False,338,渠道父记录引用款式,LIST.styleId,只保存款式稳定ID，编码名称读取款式投影；不在渠道另建款式主资料,处置设计；未执行转换,403字段来自2026-10-04审计快照；本轮关键结构补核见current-prototype-evidence.md
398,src/data/pcs-project-domain-contract.ts,PcsProjectChannelProductRecord,invalidatedReason,string,False,339,拆分状态与审计,GOV.changeLog,保留渠道停用/发布实际动作时序，不混为单一status,处置设计；未执行转换,403字段来自2026-10-04审计快照；本轮关键结构补核见current-prototype-evidence.md
399,src/data/pcs-project-domain-contract.ts,PcsProjectChannelProductRecord,createdAt,string,False,340,保留并按目标归属收口,GOV.createdAt,按字段字典类型和必填规则保存；原有副本仅显示投影,处置设计；未执行转换,403字段来自2026-10-04审计快照；本轮关键结构补核见current-prototype-evidence.md
400,src/data/pcs-project-domain-contract.ts,PcsProjectChannelProductRecord,updatedAt,string,False,341,保留并按目标归属收口,GOV.updatedAt,按字段字典类型和必填规则保存；原有副本仅显示投影,处置设计；未执行转换,403字段来自2026-10-04审计快照；本轮关键结构补核见current-prototype-evidence.md
401,src/data/pcs-project-domain-contract.ts,PcsProjectChannelProductRecord,effectiveAt,string,False,342,拆分状态与审计,GOV.changeLog,保留渠道停用/发布实际动作时序，不混为单一status,处置设计；未执行转换,403字段来自2026-10-04审计快照；本轮关键结构补核见current-prototype-evidence.md
402,src/data/pcs-project-domain-contract.ts,PcsProjectChannelProductRecord,invalidatedAt,string,False,343,拆分状态与审计,GOV.changeLog,保留渠道停用/发布实际动作时序，不混为单一status,处置设计；未执行转换,403字段来自2026-10-04审计快照；本轮关键结构补核见current-prototype-evidence.md
403,src/data/pcs-project-domain-contract.ts,PcsProjectChannelProductRecord,lastUpstreamSyncAt,string,False,344,保留并按目标归属收口,LIST.lastSuccessAt,按字段字典类型和必填规则保存；原有副本仅显示投影,处置设计；未执行转换,403字段来自2026-10-04审计快照；本轮关键结构补核见current-prototype-evidence.md
