需求编号,来源文档和章节,原子需求,实施工作包,实现位置,自动化验证,页面/打印/性能验证,当前状态,证据位置,产品确认人和版本
FLOW-001,full-flow-completion-design-20261009.md §1,整单最早采购至全部入仓28自然日保留,WP-1,src/data/production-timing/source.ts#getTimingFacts；tests/unit/production-timing-scenarios.test.ts#MASTER-001/MASTER-002,SCENE/MASTER：最早采购、28自然日、截止相等与晚1分钟专项已通过；最终相关95/95、完整608/608通过,20场景整单起点/截止与完成结果实页已核验,已验证,docs/prototype-review-records/production-timing-full-flow-evidence/related-tests.log；docs/prototype-review-records/production-timing-full-flow-evidence/final-build.log；docs/prototype-review-records/production-timing-full-flow-evidence/performance-summary.json；docs/prototype-review-records/2026-10-09-production-timing-full-flow.md,用户2026-10-09确认单张后道加工单等业务规则；主代理本地技术验收；基线8a740798+最终资源imm39fIJ，fixture72084899；效果待用户接受
FLOW-002,full-flow-completion-design-20261009.md §1,分配事件和具体执行分别展示,WP-1,src/pages/production-fulfillment/production-order-diagrams.ts#sewingFlowRows；src/pages/production-fulfillment/full-flow-diagrams.ts#renderFullFlowBranch,FLOW-MOCK-003及20个FLOW graph场景：分配与执行分开已通过；最终相关95/95、完整608/608通过,分配行、执行行与两段图示实际点击已验,已验证,docs/prototype-review-records/production-timing-full-flow-evidence/related-tests.log；docs/prototype-review-records/production-timing-full-flow-evidence/final-build.log；docs/prototype-review-records/production-timing-full-flow-evidence/performance-summary.json；docs/prototype-review-records/2026-10-09-production-timing-full-flow.md,用户2026-10-09确认单张后道加工单等业务规则；主代理本地技术验收；基线8a740798+最终资源imm39fIJ，fixture72084899；效果待用户接受
FLOW-003,full-flow-completion-design-20261009.md §1,三种合同节点按任务分配日期和实领实收保留,WP-1,src/pages/production-fulfillment/production-order-diagrams.ts#nodeInfo/taskRow；src/pages/production-fulfillment/source-document-detail.ts#contractDetails,CONTRACT-002/SCENE-13；full-flow-source-detail三合同；业务分配、实领/实收节点专项已通过；最终相关95/95、完整608/608通过,三合同同屏及新标签合同结果已验,已验证,docs/prototype-review-records/production-timing-full-flow-evidence/related-tests.log；docs/prototype-review-records/production-timing-full-flow-evidence/final-build.log；docs/prototype-review-records/production-timing-full-flow-evidence/performance-summary.json；docs/prototype-review-records/2026-10-09-production-timing-full-flow.md,用户2026-10-09确认单张后道加工单等业务规则；主代理本地技术验收；基线8a740798+最终资源imm39fIJ，fixture72084899；效果待用户接受
FLOW-004,full-flow-completion-design-20261009.md §1,独立车缝只展示适用车缝执行,WP-1,src/data/production-timing/fixtures.json#fullFlow.execution[type=sewing]；full-flow-diagrams.ts#renderFullFlowBranch,FLOW-MOCK-003：独立车缝仅适用车缝步骤已通过；最终相关95/95、完整608/608通过,独立车缝任务展开及执行单摘要已验,已验证,docs/prototype-review-records/production-timing-full-flow-evidence/related-tests.log；docs/prototype-review-records/production-timing-full-flow-evidence/final-build.log；docs/prototype-review-records/production-timing-full-flow-evidence/performance-summary.json；docs/prototype-review-records/2026-10-09-production-timing-full-flow.md,用户2026-10-09确认单张后道加工单等业务规则；主代理本地技术验收；基线8a740798+最终资源imm39fIJ，fixture72084899；效果待用户接受
FLOW-005,full-flow-completion-design-20261009.md §1,车缝加烫包展示承包工厂烫包,WP-1,src/data/production-timing/fixtures.json#fullFlow.execution[type=combined]；source-document-detail.ts#executionDetails,FLOW-MOCK-003/009及三合同native详情专项已通过；最终相关95/95、完整608/608通过,车缝＋烫包执行范围及加工地点实页已验,已验证,docs/prototype-review-records/production-timing-full-flow-evidence/related-tests.log；docs/prototype-review-records/production-timing-full-flow-evidence/final-build.log；docs/prototype-review-records/production-timing-full-flow-evidence/performance-summary.json；docs/prototype-review-records/2026-10-09-production-timing-full-flow.md,用户2026-10-09确认单张后道加工单等业务规则；主代理本地技术验收；基线8a740798+最终资源imm39fIJ，fixture72084899；效果待用户接受
FLOW-006,full-flow-completion-design-20261009.md §1,裁剪加车缝加烫包展示三步承包范围,WP-1,src/data/production-timing/fixtures.json#fullContract/fullFlow.execution[type=full]；full-flow-diagrams.ts#renderFullFlowBranch,FLOW-MOCK-003及full-contract图示专项已通过；最终相关95/95、完整608/608通过,承包裁剪→车缝→工厂烫包三步实页已验,已验证,docs/prototype-review-records/production-timing-full-flow-evidence/related-tests.log；docs/prototype-review-records/production-timing-full-flow-evidence/final-build.log；docs/prototype-review-records/production-timing-full-flow-evidence/performance-summary.json；docs/prototype-review-records/2026-10-09-production-timing-full-flow.md,用户2026-10-09确认单张后道加工单等业务规则；主代理本地技术验收；基线8a740798+最终资源imm39fIJ，fixture72084899；效果待用户接受
FLOW-007,full-flow-completion-design-20261009.md §3,20现有场景全登记且核心事实保留,WP-2,src/data/production-timing/fixtures.json#20个order.fullFlow；tests/unit/production-timing-full-flow-fixtures.test.ts#FLOW-MOCK-001,删除本轮fullFlow和新增单据后与原20场景摘要一致；FLOW-MOCK-001已通过；最终相关95/95、完整608/608通过,20场景现有图示/核心事实与新增阶段实页已验,已验证,docs/prototype-review-records/production-timing-full-flow-evidence/related-tests.log；docs/prototype-review-records/production-timing-full-flow-evidence/final-build.log；docs/prototype-review-records/production-timing-full-flow-evidence/performance-summary.json；docs/prototype-review-records/2026-10-09-production-timing-full-flow.md,用户2026-10-09确认单张后道加工单等业务规则；主代理本地技术验收；基线8a740798+最终资源imm39fIJ，fixture72084899；效果待用户接受
FLOW-008,full-flow-completion-design-20261009.md §3,批次绑定具体来源任务,WP-2,src/data/production-timing/fixtures.json#fullFlow.batches/taskId/receiveDocumentId；source-document-detail.ts#postDetails,FLOW-MOCK-004/010：每任务、每原实收记录分批守恒；归属及引用已通过；最终相关95/95、完整608/608通过,同单多批/同厂多任务的来源任务和单据实页已验,已验证,docs/prototype-review-records/production-timing-full-flow-evidence/related-tests.log；docs/prototype-review-records/production-timing-full-flow-evidence/final-build.log；docs/prototype-review-records/production-timing-full-flow-evidence/performance-summary.json；docs/prototype-review-records/2026-10-09-production-timing-full-flow.md,用户2026-10-09确认单张后道加工单等业务规则；主代理本地技术验收；基线8a740798+最终资源imm39fIJ，fixture72084899；效果待用户接受
FLOW-009,full-flow-completion-design-20261009.md §3,数量当前位置互斥守恒,WP-2,src/data/production-timing/fixtures.json#fullFlow.batches.position；source.ts#getTimingFacts；full-flow-diagrams.ts#fullFlowPositionCaption,FLOW-MOCK-004/005/006及SCENE-06/16/18：互斥位置和守恒已通过；最终相关95/95、完整608/608通过,live质检/加工/复检各50件与150件后道处理中同屏已验,已验证,docs/prototype-review-records/production-timing-full-flow-evidence/related-tests.log；docs/prototype-review-records/production-timing-full-flow-evidence/final-build.log；docs/prototype-review-records/production-timing-full-flow-evidence/performance-summary.json；docs/prototype-review-records/2026-10-09-production-timing-full-flow.md,用户2026-10-09确认单张后道加工单等业务规则；主代理本地技术验收；基线8a740798+最终资源imm39fIJ，fixture72084899；效果待用户接受
FLOW-010,full-flow-completion-design-20261009.md §3,尚未进入保留骨架且不造执行记录,WP-2,src/data/production-timing/fixtures.json#尚未分配/尚未进入；full-flow-diagrams.ts#empty/renderFullFlowBranch,FLOW-MOCK-002及positioning/prepPending等FLOW graph：无假执行单已通过；最终相关95/95、完整608/608通过,定位印等早期场景灰色全程骨架实页已验,已验证,docs/prototype-review-records/production-timing-full-flow-evidence/related-tests.log；docs/prototype-review-records/production-timing-full-flow-evidence/final-build.log；docs/prototype-review-records/production-timing-full-flow-evidence/performance-summary.json；docs/prototype-review-records/2026-10-09-production-timing-full-flow.md,用户2026-10-09确认单张后道加工单等业务规则；主代理本地技术验收；基线8a740798+最终资源imm39fIJ，fixture72084899；效果待用户接受
FLOW-011,full-flow-completion-design-20261009.md §3,资料缺失保留未知不填0或假单据,WP-2,src/data/production-timing/fixtures.json#unknown/partial/fullFlow；source.ts#timingClockHasCompletionFact；full-flow-diagrams.ts#fullFlowRail,FLOW-MOCK-002/005/008；source-detail未知/错路由拒绝及完成事实缺时间专项已通过；最终相关95/95、完整608/608通过,采购待关联、缺位置、全量入库缺时间实页与单据已验,已验证,docs/prototype-review-records/production-timing-full-flow-evidence/related-tests.log；docs/prototype-review-records/production-timing-full-flow-evidence/final-build.log；docs/prototype-review-records/production-timing-full-flow-evidence/performance-summary.json；docs/prototype-review-records/2026-10-09-production-timing-full-flow.md,用户2026-10-09确认单张后道加工单等业务规则；主代理本地技术验收；基线8a740798+最终资源imm39fIJ，fixture72084899；效果待用户接受
FLOW-012,full-flow-completion-design-20261009.md §3,全量入库仍保留历史，未知末次时间不补造,WP-2,src/data/production-timing/fixtures.json#complete/completeLate/completeUnknown；full-flow-diagrams.ts#fullFlowRail/renderFullFlowBranch；source-document-detail.ts#clocks,FLOW-MOCK-008；完成单native历史；completeUnknown两个交货单停止计时专项已通过；最终相关95/95、完整608/608通过,已完成历史展开、缺接收时间不继续当前等待实页已验,已验证,docs/prototype-review-records/production-timing-full-flow-evidence/related-tests.log；docs/prototype-review-records/production-timing-full-flow-evidence/final-build.log；docs/prototype-review-records/production-timing-full-flow-evidence/performance-summary.json；docs/prototype-review-records/2026-10-09-production-timing-full-flow.md,用户2026-10-09确认单张后道加工单等业务规则；主代理本地技术验收；基线8a740798+最终资源imm39fIJ，fixture72084899；效果待用户接受
FLOW-013,full-flow-completion-design-20261009.md §1/3,合并合同不重复安排后道厂烫包,WP-2,src/data/production-timing/fixtures.json#executionScope/processingLocation；full-flow-diagrams.ts#fullFlowDocumentIds；source-document-detail.ts#executionDetails,FLOW-MOCK-009：合并合同不重复后道厂烫包、独立车缝后道烫包已通过；最终相关95/95、完整608/608通过,同屏辨认工厂烫包与后道适用工作地点已验,已验证,docs/prototype-review-records/production-timing-full-flow-evidence/related-tests.log；docs/prototype-review-records/production-timing-full-flow-evidence/final-build.log；docs/prototype-review-records/production-timing-full-flow-evidence/performance-summary.json；docs/prototype-review-records/2026-10-09-production-timing-full-flow.md,用户2026-10-09确认单张后道加工单等业务规则；主代理本地技术验收；基线8a740798+最终资源imm39fIJ，fixture72084899；效果待用户接受
FLOW-014,full-flow-completion-design-20261009.md §2,全程图分配和实际车缝执行独立,WP-3,src/pages/production-fulfillment/production-order-diagrams.ts#sewingFlowRows/chart/lateChart/chartBase,20个FLOW graph及allocation/execution顺序专项已通过；最终相关95/95、完整608/608通过,分配行与具体执行行实际图形及交互已验,已验证,docs/prototype-review-records/production-timing-full-flow-evidence/related-tests.log；docs/prototype-review-records/production-timing-full-flow-evidence/final-build.log；docs/prototype-review-records/production-timing-full-flow-evidence/performance-summary.json；docs/prototype-review-records/2026-10-09-production-timing-full-flow.md,用户2026-10-09确认单张后道加工单等业务规则；主代理本地技术验收；基线8a740798+最终资源imm39fIJ，fixture72084899；效果待用户接受
FLOW-015,full-flow-completion-design-20261009.md §2,后道质检加工复检交货分别展示,WP-3,src/pages/production-fulfillment/production-order-diagrams.ts#postFlowRows；src/pages/production-fulfillment/full-flow-diagrams.ts#renderFullFlowBranch,20个FLOW graph四后道阶段；FLOW-MOCK-006状态；native QC/复检/交货专项已通过；最终相关95/95、完整608/608通过,后道收货/质检/加工/复检/交货/成衣仓接收六步实页已验,已验证,docs/prototype-review-records/production-timing-full-flow-evidence/related-tests.log；docs/prototype-review-records/production-timing-full-flow-evidence/final-build.log；docs/prototype-review-records/production-timing-full-flow-evidence/performance-summary.json；docs/prototype-review-records/2026-10-09-production-timing-full-flow.md,用户2026-10-09确认单张后道加工单等业务规则；主代理本地技术验收；基线8a740798+最终资源imm39fIJ，fixture72084899；效果待用户接受
FLOW-016,full-flow-completion-design-20261009.md §1/2,同一后道加工单的多个项目共用数量和整体起止时间，不拆单,WP-3,full-flow-diagrams.ts#processingStep；source-document-detail.ts#postDetails/workDetails,FLOW-MOCK-012；唯一加工单图示与详情专项；最终相关95/95、完整608/608通过,三项目一张单据及弹窗/新标签已验,已验证,docs/prototype-review-records/production-timing-full-flow-evidence/related-tests.log；docs/prototype-review-records/production-timing-full-flow-evidence/final-build.log；docs/prototype-review-records/production-timing-full-flow-evidence/performance-summary.json；docs/prototype-review-records/2026-10-09-production-timing-full-flow.md,用户2026-10-09确认单张后道加工单等业务规则；主代理本地技术验收；基线8a740798+最终资源imm39fIJ，fixture72084899；效果待用户接受
FLOW-017,full-flow-completion-design-20261009.md §2,执行责任和交接确认责任均展示,WP-3,src/data/production-timing/fixtures.json#executor/receiver；production-order-diagrams.ts#docNode/documentSummaryBase；source-document-detail.ts#responsibility,FLOW-MOCK-010新单据责任字段；full-flow-source-detail同源责任展示专项已通过；最终相关95/95、完整608/608通过,阶段展开、单据摘要/native详情责任人可读性已验,已验证,docs/prototype-review-records/production-timing-full-flow-evidence/related-tests.log；docs/prototype-review-records/production-timing-full-flow-evidence/final-build.log；docs/prototype-review-records/production-timing-full-flow-evidence/performance-summary.json；docs/prototype-review-records/2026-10-09-production-timing-full-flow.md,用户2026-10-09确认单张后道加工单等业务规则；主代理本地技术验收；基线8a740798+最终资源imm39fIJ，fixture72084899；效果待用户接受
FLOW-018,full-flow-completion-design-20261009.md §1/2,加工和交接计时分开，未知标准不判逾期,WP-3,src/data/production-timing/source.ts#timingClockHasCompletionFact；full-flow-diagrams.ts#fullFlowRail；production-order-diagrams.ts#clockLabel；source-document-detail.ts#clocks,FLOW-MOCK-007无未来事实及反向时钟；未造SLA；交货17小时、完成时间未知停止当前计时专项已通过；最终相关95/95、完整608/608通过,当前交出待收和完成缺时间的图/摘要/native三层已验,已验证,docs/prototype-review-records/production-timing-full-flow-evidence/related-tests.log；docs/prototype-review-records/production-timing-full-flow-evidence/final-build.log；docs/prototype-review-records/production-timing-full-flow-evidence/performance-summary.json；docs/prototype-review-records/2026-10-09-production-timing-full-flow.md,用户2026-10-09确认单张后道加工单等业务规则；主代理本地技术验收；基线8a740798+最终资源imm39fIJ，fixture72084899；效果待用户接受
FLOW-019,full-flow-completion-design-20261009.md §2,单据摘要显示时间状态数量范围地点,WP-3,src/pages/production-fulfillment/production-order-diagrams.ts#docSummary/documentSummaryBase/renderTimingDocumentSummary,新增同源状态/时间/范围/地点读取；SOURCE/UI及full-flow-source-detail共享字段专项已通过；最终相关95/95、完整608/608通过,7类新单据摘要实际点击、关闭及字段一致性已验,已验证,docs/prototype-review-records/production-timing-full-flow-evidence/related-tests.log；docs/prototype-review-records/production-timing-full-flow-evidence/final-build.log；docs/prototype-review-records/production-timing-full-flow-evidence/performance-summary.json；docs/prototype-review-records/2026-10-09-production-timing-full-flow.md,用户2026-10-09确认单张后道加工单等业务规则；主代理本地技术验收；基线8a740798+最终资源imm39fIJ，fixture72084899；效果待用户接受
FLOW-020,full-flow-completion-design-20261009.md §2,新标签打开原模块对应单据详情,WP-3,src/data/production-timing/source.ts#timingDocumentHref；source-document-detail.ts#resolveTimingSourceDetail；index.ts#openDocument,新类型native详情及错路由拒绝专项通过；1761旧href逐张对比changed=[]；最终相关95/95、完整608/608通过,摘要查看详情真实新标签及对应原模块页已验,已验证,docs/prototype-review-records/production-timing-full-flow-evidence/related-tests.log；docs/prototype-review-records/production-timing-full-flow-evidence/final-build.log；docs/prototype-review-records/production-timing-full-flow-evidence/performance-summary.json；docs/prototype-review-records/2026-10-09-production-timing-full-flow.md,用户2026-10-09确认单张后道加工单等业务规则；主代理本地技术验收；基线8a740798+最终资源imm39fIJ，fixture72084899；效果待用户接受
FLOW-021,full-flow-completion-design-20261009.md §2,图内展开和全部展开覆盖新增阶段,WP-3,src/pages/production-fulfillment/index.ts#handleProductionFulfillmentClick；production-order-diagrams.ts#state/row/renderTimingDiagramBody,20个FLOW graph展开包含branch-sewing/branch-post；展开键源码已覆盖五阶段；最终相关95/95、完整608/608通过,展开/收起新增阶段、全部展开和关闭复位实页已验,已验证,docs/prototype-review-records/production-timing-full-flow-evidence/related-tests.log；docs/prototype-review-records/production-timing-full-flow-evidence/final-build.log；docs/prototype-review-records/production-timing-full-flow-evidence/performance-summary.json；docs/prototype-review-records/2026-10-09-production-timing-full-flow.md,用户2026-10-09确认单张后道加工单等业务规则；主代理本地技术验收；基线8a740798+最终资源imm39fIJ，fixture72084899；效果待用户接受
FLOW-022,full-flow-completion-design-20261009.md §5,三尺寸图示无页面横向溢出,WP-4,src/pages/production-fulfillment/production-order-diagrams.css#.full-flow-panel/.flow-chain；full-flow-diagrams.ts#renderFullFlowBranch,静态布局实现存在；实际溢出/视觉判定需浏览器，不以单测替代；最终相关95/95、完整608/608通过,1366×768、1280×720、1024×768及展开状态已实测,已验证,docs/prototype-review-records/production-timing-full-flow-evidence/related-tests.log；docs/prototype-review-records/production-timing-full-flow-evidence/final-build.log；docs/prototype-review-records/production-timing-full-flow-evidence/performance-summary.json；docs/prototype-review-records/2026-10-09-production-timing-full-flow.md,用户2026-10-09确认单张后道加工单等业务规则；主代理本地技术验收；基线8a740798+最终资源imm39fIJ，fixture72084899；效果待用户接受
FLOW-023,full-flow-completion-design-20261009.md §5,20场景及后道关键状态实际页面验收,WP-4,src/data/production-timing/fixtures.json#20个场景；production-order-diagrams.ts#renderTimingDiagramBody,20个FLOW graph及FLOW-MOCK-002/006/008自动化通过；最终相关95/95、完整608/608通过,20场景真实页面、后道所有状态、边界和完成历史已验,已验证,docs/prototype-review-records/production-timing-full-flow-evidence/related-tests.log；docs/prototype-review-records/production-timing-full-flow-evidence/final-build.log；docs/prototype-review-records/production-timing-full-flow-evidence/performance-summary.json；docs/prototype-review-records/2026-10-09-production-timing-full-flow.md,用户2026-10-09确认单张后道加工单等业务规则；主代理本地技术验收；基线8a740798+最终资源imm39fIJ，fixture72084899；效果待用户接受
FLOW-024,full-flow-completion-design-20261009.md §5,加载交互每项五次实际完成不超过1秒,WP-4,src/pages/production-fulfillment/events.ts#timingRouteStart/timingEventStart；index.ts#ready；source-document-detail.ts#sourceImagesReady,计时入口沿用；单测/构建通过不代替真实性能，未填浏览器结果；最终相关95/95、完整608/608通过,冷开/刷新/站内切换及所有受影响交互每项至少5次≤1000ms，有效样本已归档,已验证,docs/prototype-review-records/production-timing-full-flow-evidence/related-tests.log；docs/prototype-review-records/production-timing-full-flow-evidence/final-build.log；docs/prototype-review-records/production-timing-full-flow-evidence/performance-summary.json；docs/prototype-review-records/2026-10-09-production-timing-full-flow.md,用户2026-10-09确认单张后道加工单等业务规则；主代理本地技术验收；基线8a740798+最终资源imm39fIJ，fixture72084899；效果待用户接受
FLOW-025,full-flow-completion-design-20261009.md §5,图片及打印当前版本验收,WP-4,src/pages/production-fulfillment/production-order-diagrams.ts#identity；source-document-detail.ts#image/imageDialog；production-order-diagrams.css#@media print,图片与打印保留既有实现；无本轮实际打印/大图证据时不判通过；最终相关95/95、完整608/608通过,款式图、缩略图、大图、失败态及当前版本打印PDF已验收,已验证,docs/prototype-review-records/production-timing-full-flow-evidence/related-tests.log；docs/prototype-review-records/production-timing-full-flow-evidence/final-build.log；docs/prototype-review-records/production-timing-full-flow-evidence/performance-summary.json；docs/prototype-review-records/2026-10-09-production-timing-full-flow.md；docs/prototype-review-records/production-timing-full-flow-evidence/single-post-print.pdf；docs/prototype-review-records/production-timing-full-flow-evidence/print-proof.json,用户2026-10-09确认单张后道加工单等业务规则；主代理本地技术验收；基线8a740798+最终资源imm39fIJ，fixture72084899；效果待用户接受
FLOW-026,full-flow-completion-design-20261009.md §4/5,只读静态来源无新增业务存储和最终证据闭环,WP-4,src/data/production-timing/fixtures.json；source.ts#entries/documentIndex；full-flow-diagrams.ts；本轮设计/计划/矩阵/审查记录,源代码与diff确认仅静态只读增量；最终相关95项、完整608项与Vite构建通过；最终治理/CodeGraph状态绑定机器收据；最终相关95/95、完整608/608通过,无需保存/迁移/清理故障门禁；浏览器无新增存储写入及完整性能证据已归档,已验证,docs/prototype-review-records/production-timing-full-flow-evidence/related-tests.log；docs/prototype-review-records/production-timing-full-flow-evidence/final-build.log；docs/prototype-review-records/production-timing-full-flow-evidence/performance-summary.json；docs/prototype-review-records/2026-10-09-production-timing-full-flow.md,用户2026-10-09确认单张后道加工单等业务规则；主代理本地技术验收；基线8a740798+最终资源imm39fIJ，fixture72084899；效果待用户接受
FLOW-027,full-flow-completion-design-20261009.md §2,顶部摘要覆盖六项并可进入对应阶段,WP-4,production-order-diagrams.ts#stageRiskOverview/fullFlowStageTiming,20场景图示六卡专项；最终相关95/95、完整608/608通过,三尺寸全部场景六卡及摘要点击,已验证,docs/prototype-review-records/production-timing-full-flow-evidence/related-tests.log；docs/prototype-review-records/production-timing-full-flow-evidence/final-build.log；docs/prototype-review-records/production-timing-full-flow-evidence/performance-summary.json；docs/prototype-review-records/2026-10-09-production-timing-full-flow.md,用户2026-10-09确认单张后道加工单等业务规则；主代理本地技术验收；基线8a740798+最终资源imm39fIJ，fixture72084899；效果待用户接受
FLOW-028,full-flow-completion-design-20261009.md §2,摘要和图示/单据详情区分当前历史与中文位置，不新增SLA,WP-4,source.ts#timingPostPositionLabel；full-flow-diagrams.ts#fullFlowWorkCounts；source-document-detail.ts#postDetails,摘要未知/未进入/已完成专项；中文位置及后道处理中专项；最终相关95/95、完整608/608通过,合同当前欠量与历史晚达标、live 50+50+50、unknown 路由,已验证,docs/prototype-review-records/production-timing-full-flow-evidence/related-tests.log；docs/prototype-review-records/production-timing-full-flow-evidence/final-build.log；docs/prototype-review-records/production-timing-full-flow-evidence/performance-summary.json；docs/prototype-review-records/2026-10-09-production-timing-full-flow.md,用户2026-10-09确认单张后道加工单等业务规则；主代理本地技术验收；基线8a740798+最终资源imm39fIJ，fixture72084899；效果待用户接受
FLOW-029,full-flow-completion-design-20261009.md §5,两轮对抗式审查发现项全部复核闭环,WP-4,本轮审查记录§5,两轮代理只读审查及主代理最终diff；最终相关95/95、完整608/608通过,实际页面与最终版本核对,已验证,docs/prototype-review-records/production-timing-full-flow-evidence/related-tests.log；docs/prototype-review-records/production-timing-full-flow-evidence/final-build.log；docs/prototype-review-records/production-timing-full-flow-evidence/performance-summary.json；docs/prototype-review-records/2026-10-09-production-timing-full-flow.md；docs/prototype-review-records/production-timing-full-flow-evidence/single-post-adversarial-two-rounds.json,用户2026-10-09确认单张后道加工单等业务规则；主代理本地技术验收；基线8a740798+最终资源imm39fIJ，fixture72084899；效果待用户接受
FLOW-030,full-flow-completion-design-20261009.md §1/6,后道项目、三状态、一套应处理/已处理/未处理及时间与现有后道原型一致,WP-7,fixtures.json#processingDocumentId/processItems；source.ts#timingClockHasCompletionFact；full-flow-diagrams.ts#processingStep；source-document-detail.ts#workDetails,FLOW-MOCK-012及单据摘要/原模块详情专项；最终相关95/95、完整608/608通过,唯一POST三项目/活动60件尚待记录结果实页,已验证,docs/prototype-review-records/production-timing-full-flow-evidence/related-tests.log；docs/prototype-review-records/production-timing-full-flow-evidence/final-build.log；docs/prototype-review-records/production-timing-full-flow-evidence/performance-summary.json；docs/prototype-review-records/2026-10-09-production-timing-full-flow.md,用户2026-10-09确认单张后道加工单等业务规则；主代理本地技术验收；基线8a740798+最终资源imm39fIJ，fixture72084899；效果待用户接受
FLOW-031,full-flow-completion-design-20261009.md §1/6,无需我方加工质检直接交成衣仓，无加工单和处理后复核单,WP-7,fixtures.json#fullFlow.batches；full-flow-diagrams.ts#postBatchChain；source-document-detail.ts#postDetails,FLOW-MOCK-013及QC直达图示专项；最终相关95/95、完整608/608通过,0091无需加工批的实际图示与单据,已验证,docs/prototype-review-records/production-timing-full-flow-evidence/related-tests.log；docs/prototype-review-records/production-timing-full-flow-evidence/final-build.log；docs/prototype-review-records/production-timing-full-flow-evidence/performance-summary.json；docs/prototype-review-records/2026-10-09-production-timing-full-flow.md,用户2026-10-09确认单张后道加工单等业务规则；主代理本地技术验收；基线8a740798+最终资源imm39fIJ，fixture72084899；效果待用户接受
FLOW-032,full-flow-completion-design-20261009.md §1/6,质检完成才生成加工单，加工完成才生成复核，复核完成才生成交货,WP-7,fixtures.json#fullFlow.batches；full-flow-diagrams.ts#postBatchChain；source-document-detail.ts#postDetails,FLOW-MOCK-013；活动批未生成后续单据专项；最终相关95/95、完整608/608通过,0086待质检/0101加工中/0096待复核分支,已验证,docs/prototype-review-records/production-timing-full-flow-evidence/related-tests.log；docs/prototype-review-records/production-timing-full-flow-evidence/final-build.log；docs/prototype-review-records/production-timing-full-flow-evidence/performance-summary.json；docs/prototype-review-records/2026-10-09-production-timing-full-flow.md,用户2026-10-09确认单张后道加工单等业务规则；主代理本地技术验收；基线8a740798+最终资源imm39fIJ，fixture72084899；效果待用户接受
FLOW-033,full-flow-completion-design-20261009.md §1/6,处理后交出复核只核对SKU数量与条码，不作为二次质量检验,WP-7,fixtures.json#后道复检单；source-document-detail.ts#postDetails；production-order-diagrams.ts#docSummary,FLOW-MOCK-013；post recheck原模块详情专项；最终相关95/95、完整608/608通过,待复检及复检完成弹窗/原模块详情,已验证,docs/prototype-review-records/production-timing-full-flow-evidence/related-tests.log；docs/prototype-review-records/production-timing-full-flow-evidence/final-build.log；docs/prototype-review-records/production-timing-full-flow-evidence/performance-summary.json；docs/prototype-review-records/2026-10-09-production-timing-full-flow.md,用户2026-10-09确认单张后道加工单等业务规则；主代理本地技术验收；基线8a740798+最终资源imm39fIJ，fixture72084899；效果待用户接受
