"来源：本地原型静态演示记录","查看时点2026-10-07 09:00","当前查询全部匹配结果{""query"":"""",""follower"":""全部"",""health"":""全部"",""scenario"":""全部"",""scope"":""全部"",""dateFrom"":"""",""dateTo"":"""",""factory"":""全部""}"
"生产单","商品采购单","场景","跟单","最早采购下单","入库截止","完成状态","时效状态","成衣仓入库","应完成量","当前工作超时项","历史晚完成项","资料核实项"
"PO-202610-0089","示例89-240901","三阶段超时／影响范围","陈静","2026-09-20 09:00","2026-10-18 09:00","在制","当前工作逾期","0","1500","1","3","0"
"PO-202610-0090","示例90-240901","回货正常／无当前合同逾期","陈静","2026-09-20 09:00","2026-10-18 09:00","在制","在制 · 无当前已确认逾期","750","1500","0","0","0"
"PO-202610-0091","示例91-240901","全部按期入库","陈静","2026-09-20 09:00","2026-10-18 09:00","已全部入库","全部按期入库","1500","1500","0","2","0"
"PO-202610-0092","示例92-240901","全部入库／历史逾期","陈静","2026-09-07 09:00","2026-10-05 09:00","已全部入库","全部入库 · 历史逾期","1500","1500","0","3","0"
"PO-202610-0093","示例93-240901","全量入库／最后时间待核实","陈静","2026-09-20 09:00","2026-10-18 09:00","已全部入库","全部入库 · 时间待核实","1500","1500","0","2","1"
"PO-202610-0094","示例94-240901","后道位置资料缺失","陈静","2026-09-20 09:00","2026-10-18 09:00","在制","当前工作逾期","600","1500","1","0","1"
"PO-202610-0095","示例95-240915 / 示例95-240910","多采购单逆序","陈静","2026-09-20 09:00","2026-10-18 09:00","在制","当前工作逾期","600","1500","1","0","0"
"PO-202610-0096","示例96-240901","合同节点逾期达成","陈静","2026-09-20 09:00","2026-10-18 09:00","在制","在制 · 无当前已确认逾期","750","1500","0","1","0"
"PO-202610-0097","示例97-240901","定位印5天／第4.5天","陈静","2026-10-02 21:00","2026-10-30 21:00","在制","在制 · 无当前已确认逾期","0","1500","0","0","0"
"PO-202610-0098","示例98-240901","准备制作与待接收","陈静","2026-09-20 09:00","2026-10-18 09:00","在制","当前工作逾期","0","1500","1","0","0"
"PO-202610-0099","示例99-240901","工厂产前样衣晚交／未通过","陈静","2026-09-20 09:00","2026-10-18 09:00","在制","当前工作逾期","600","1500","1","1","0"
"PO-202610-0100","示例100-240901","工厂产前样衣到期未交","陈静","2026-09-20 09:00","2026-10-18 09:00","在制","当前工作逾期","600","1500","2","0","0"
"PO-202610-0101","示例101-240901","三种合同同屏","陈静","2026-09-20 09:00","2026-10-18 09:00","在制","当前工作逾期","480","1500","1","0","0"
"PO-202610-0102","示例102-240901","600米库存批先行／900米补采批","陈静","2026-09-20 09:00","2026-10-18 09:00","在制","在制 · 无当前已确认逾期","0","1500","0","1","0"
"PO-202610-0103","示例103-240901","600米实收／900米待入仓","陈静","2026-09-20 09:00","2026-10-18 09:00","在制","当前工作逾期","0","1500","1","0","0"
"PO-202610-0086","示例86-240901","分批生产示例","陈静","2026-09-20 09:00","2026-10-18 09:00","在制","当前工作逾期","600","1500","1","0","0"
"PO-202610-0087","示例87-240901","任务归属不完整","陈静","2026-09-20 09:00","2026-10-18 09:00","在制","当前工作逾期","600","1500","1","0","1"
"PO-202610-0088","示例88-240910 / 示例88-240915","同厂多任务","陈静","2026-09-20 09:00","2026-10-18 09:00","在制","当前工作逾期","600","1500","1","0","0"
"PO-202610-0105","示例105-240901","交接部分实收／数量差异待确认","陈静","2026-09-20 09:00","2026-10-18 09:00","在制","在制 · 无当前已确认逾期","0","1500","0","4","0"
"待关联生产单","240776","当前原型资料缺口","陈静","2026-03-01 09:00","2026-03-29 09:00","待核实","不计入生产单统计","待核实","1500","","",""