database,TABLE_NAME,INDEX_NAME,NON_UNIQUE,SEQ_IN_INDEX,COLUMN_NAME,SUB_PART
higood,td_fcs_pantone_color_map,idx_color_no,1,1,color_no,
higood,td_fcs_pantone_color_map,idx_color_no_segment,1,1,color_no_segment,
higood,td_fcs_pantone_color_map,idx_create_time,1,1,create_time,
higood,td_fcs_pantone_color_map,idx_pantone_no,1,1,pantone_no,
higood,td_fcs_pantone_color_map,PRIMARY,0,1,id,
higood,td_fcs_process,idx_process_station_id,1,1,process_station_id,
higood,td_fcs_process,idx_status_delete,1,1,status,
higood,td_fcs_process,idx_status_delete,1,2,is_delete,
higood,td_fcs_process,PRIMARY,0,1,id,
higood,td_fcs_process,uk_code,0,1,code,
higood,td_fcs_process_station,idx_is_delete,1,1,is_delete,
higood,td_fcs_process_station,idx_process_group,1,1,process_group,
higood,td_fcs_process_station,idx_status,1,1,status,
higood,td_fcs_process_station,PRIMARY,0,1,id,
higood,td_fitting,create_time,1,1,create_time,
higood,td_fitting,PRIMARY,0,1,id,
higood,td_fitting,primary_sku,1,1,primary_sku,
higood,td_fitting,update_time,1,1,update_time,
higood,td_fitting_images,PRIMARY,0,1,id,
higood,td_fitting_sku,idx_create_time,1,1,create_time,
higood,td_fitting_sku,idx_p_id,1,1,f_id,
higood,td_fitting_sku,idx_sku,1,1,sku,
higood,td_fitting_sku,idx_spu,1,1,spu,
higood,td_fitting_sku,PRIMARY,0,1,id,
higood,td_pcs_pattern_library,idx_name,1,1,pattern_name,
higood,td_pcs_pattern_library,no,1,1,pattern_no,
higood,td_pcs_pattern_library,PRIMARY,0,1,id,
higood,td_pcs_pattern_library,update_time,1,1,update_time,
higood,td_pcs_shelves,idx_product,1,1,products_id,
higood,td_pcs_shelves,idx_pub_id,1,1,pub_id,
higood,td_pcs_shelves,idx_site,1,1,site_id,
higood,td_pcs_shelves,idx_spu,1,1,spu,
higood,td_pcs_shelves,PRIMARY,0,1,id,
higood,td_pcs_shelves_sku,idx_pub_id,1,1,pub_id,
higood,td_pcs_shelves_sku,idx_pub_sku_id,1,1,pub_sku_id,
higood,td_pcs_shelves_sku,idx_pub_sku_id,1,2,site_id,
higood,td_pcs_shelves_sku,PRIMARY,0,1,id,
higood,td_pcs_site,PRIMARY,0,1,id,
higood,td_products,idx_hot_grade,1,1,hot_grade,
higood,td_products,idx_top_id,1,1,cate_top_id,
higood,td_products,PRIMARY,0,1,id,
higood,td_products,primary_sku,1,1,primary_sku,
higood,td_products,seller_id,1,1,seller_id,
higood,td_products,update_time,1,1,sku_time,
higood,td_products_attrs,PRIMARY,0,1,id,
higood,td_products_collection,idx_create_time,1,1,create_time,
higood,td_products_collection,idx_pc,1,1,pc_id,
higood,td_products_collection,idx_sku,1,1,sku,
higood,td_products_collection,idx_sku_id,1,1,sku_id,
higood,td_products_collection,PRIMARY,0,1,id,
higood,td_products_cost,idx_spu,1,1,spu,
higood,td_products_cost,PRIMARY,0,1,id,
higood,td_products_extend,idx_p_id,1,1,p_id,
higood,td_products_extend,PRIMARY,0,1,id,
higood,td_products_extra,create_time,1,1,create_time,
higood,td_products_extra,PRIMARY,0,1,id,
higood,td_products_extra,primary_sku,1,1,primary_sku,
higood,td_products_extra,p_id,1,1,p_id,
higood,td_products_images,PRIMARY,0,1,id,
higood,td_products_sku,idx_dx_code,1,1,dx_code,
higood,td_products_sku,idx_p_id,1,1,p_id,
higood,td_products_sku,idx_sku,1,1,sku,
higood,td_products_sku,idx_spu,1,1,spu,
higood,td_products_sku,PRIMARY,0,1,id,
higood,td_products_supplier,PRIMARY,0,1,id,
higood,td_product_fabric_spu,idx_product_id,1,1,product_id,
higood,td_product_fabric_spu,idx_spu,1,1,spu,
higood,td_product_fabric_spu,PRIMARY,0,1,id,
higood,td_product_fabric_spu,uk_product_spu,0,1,product_id,
higood,td_product_fabric_spu,uk_product_spu,0,2,spu,
higood,td_spu_print_dye_price,idx_spu,1,1,spu,
higood,td_spu_print_dye_price,PRIMARY,0,1,id,
higood,td_tcategory,PRIMARY,0,1,id,
higood,td_tcategory_shopee,PRIMARY,0,1,id,
higood,td_tcategory_tiktok_v2,PRIMARY,0,1,id,
poemfuture_test,td_attr,PRIMARY,0,1,id,
poemfuture_test,td_attr_plate,PRIMARY,0,1,id,
poemfuture_test,td_attr_value,PRIMARY,0,1,id,
poemfuture_test,td_dm1,PRIMARY,0,1,id,
poemfuture_test,td_dm2,PRIMARY,0,1,id,
poemfuture_test,td_products,create_time,1,1,create_time,
poemfuture_test,td_products,idx_hot_grade,1,1,hot_grade,
poemfuture_test,td_products,idx_top_id,1,1,cate_top_id,
poemfuture_test,td_products,PRIMARY,0,1,id,
poemfuture_test,td_products,primary_sku,1,1,primary_sku,
poemfuture_test,td_products,product_type,1,1,product_type,
poemfuture_test,td_products,seller_id,1,1,seller_id,
poemfuture_test,td_products,supplier_id,1,1,supplier_id,
poemfuture_test,td_products,supplier_url,1,1,supplier_url,255
poemfuture_test,td_products,update_time,1,1,update_time,
poemfuture_test,td_products,update_time,1,2,sku_time,
poemfuture_test,td_products_collection,idx_create_time,1,1,create_time,
poemfuture_test,td_products_collection,idx_pc,1,1,pc_id,
poemfuture_test,td_products_collection,idx_sku,1,1,sku,
poemfuture_test,td_products_collection,idx_sku_id,1,1,sku_id,
poemfuture_test,td_products_collection,PRIMARY,0,1,id,
poemfuture_test,td_products_cost,idx_spu,1,1,spu,
poemfuture_test,td_products_cost,PRIMARY,0,1,id,
poemfuture_test,td_products_extra,create_time,1,1,create_time,
poemfuture_test,td_products_extra,PRIMARY,0,1,id,
poemfuture_test,td_products_extra,primary_sku,1,1,primary_sku,
poemfuture_test,td_products_extra,p_id,1,1,p_id,
poemfuture_test,td_products_sku,idx_create_time,1,1,create_time,
poemfuture_test,td_products_sku,idx_dx_code,1,1,dx_code,
poemfuture_test,td_products_sku,idx_p_id,1,1,p_id,
poemfuture_test,td_products_sku,idx_sku,1,1,sku,
poemfuture_test,td_products_sku,idx_spu,1,1,spu,
poemfuture_test,td_products_sku,PRIMARY,0,1,id,
poemfuture_test,td_tcategory,PRIMARY,0,1,id,
poemfuture_test,td_tcategory_shopee,PRIMARY,0,1,id,
