prototype_dimension,legacy_dimension_id,name,literal_result,semantic_result
colors,1,1,仅旧库,未自动认定等价或去重；需业务规则核对
colors,1,10,仅旧库,未自动认定等价或去重；需业务规则核对
colors,1,15,仅旧库,未自动认定等价或去重；需业务规则核对
colors,1,16,仅旧库,未自动认定等价或去重；需业务规则核对
colors,1,17,仅旧库,未自动认定等价或去重；需业务规则核对
colors,1,18,仅旧库,未自动认定等价或去重；需业务规则核对
colors,1,19,仅旧库,未自动认定等价或去重；需业务规则核对
colors,1,2,仅旧库,未自动认定等价或去重；需业务规则核对
colors,1,20,仅旧库,未自动认定等价或去重；需业务规则核对
colors,1,21,仅旧库,未自动认定等价或去重；需业务规则核对
colors,1,22,仅旧库,未自动认定等价或去重；需业务规则核对
colors,1,23,仅旧库,未自动认定等价或去重；需业务规则核对
colors,1,24,仅旧库,未自动认定等价或去重；需业务规则核对
colors,1,3,仅旧库,未自动认定等价或去重；需业务规则核对
colors,1,4,仅旧库,未自动认定等价或去重；需业务规则核对
colors,1,5,仅旧库,未自动认定等价或去重；需业务规则核对
colors,1,6,仅旧库,未自动认定等价或去重；需业务规则核对
colors,1,7,仅旧库,未自动认定等价或去重；需业务规则核对
colors,1,8,仅旧库,未自动认定等价或去重；需业务规则核对
colors,1,9,仅旧库,未自动认定等价或去重；需业务规则核对
colors,1,Apricot,双方同名,未自动认定等价或去重；需业务规则核对
colors,1,Army green1,双方同名,未自动认定等价或去重；需业务规则核对
colors,1,Army green2,双方同名,未自动认定等价或去重；需业务规则核对
colors,1,ArmyGreen,双方同名,未自动认定等价或去重；需业务规则核对
colors,1,Beige,双方同名,未自动认定等价或去重；需业务规则核对
colors,1,Black,双方同名,未自动认定等价或去重；需业务规则核对
colors,1,Black & White Shuangpin,双方同名,未自动认定等价或去重；需业务规则核对
colors,1,Black Painting,双方同名,未自动认定等价或去重；需业务规则核对
colors,1,Black colorhair,双方同名,未自动认定等价或去重；需业务规则核对
colors,1,Black dress,双方同名,未自动认定等价或去重；需业务规则核对
colors,1,Black long,双方同名,未自动认定等价或去重；需业务规则核对
colors,1,Black short,双方同名,未自动认定等价或去重；需业务规则核对
colors,1,Blue,双方同名,未自动认定等价或去重；需业务规则核对
colors,1,Blue1,双方同名,未自动认定等价或去重；需业务规则核对
colors,1,Blue2,双方同名,未自动认定等价或去重；需业务规则核对
colors,1,Brick red,双方同名,未自动认定等价或去重；需业务规则核对
colors,1,Brown,双方同名,未自动认定等价或去重；需业务规则核对
colors,1,Brown colorhair,双方同名,未自动认定等价或去重；需业务规则核对
colors,1,Brown long,双方同名,未自动认定等价或去重；需业务规则核对
colors,1,Brown short,双方同名,未自动认定等价或去重；需业务规则核对
colors,1,Camel,双方同名,未自动认定等价或去重；需业务规则核对
colors,1,Camouflage,双方同名,未自动认定等价或去重；需业务规则核对
colors,1,Caramel,双方同名,未自动认定等价或去重；需业务规则核对
colors,1,Cardigan + Print Top (2 pieces),仅旧库,未自动认定等价或去重；需业务规则核对
colors,1,Cardigan + Print Top （2 pieces）,仅原型,未自动认定等价或去重；需业务规则核对
colors,1,Chartreuse,双方同名,未自动认定等价或去重；需业务规则核对
colors,1,Coffee,双方同名,未自动认定等价或去重；需业务规则核对
colors,1,Dark blue,双方同名,未自动认定等价或去重；需业务规则核对
colors,1,Dark coffee,双方同名,未自动认定等价或去重；需业务规则核对
colors,1,Dark gray,双方同名,未自动认定等价或去重；需业务规则核对
colors,1,Dark green,双方同名,未自动认定等价或去重；需业务规则核对
colors,1,Dark grey1,双方同名,未自动认定等价或去重；需业务规则核对
colors,1,Dark grey2,双方同名,未自动认定等价或去重；需业务规则核对
colors,1,Deep brown,双方同名,未自动认定等价或去重；需业务规则核对
colors,1,Fine hole peep,双方同名,未自动认定等价或去重；需业务规则核对
colors,1,Fruit green,双方同名,未自动认定等价或去重；需业务规则核对
colors,1,Gold,双方同名,未自动认定等价或去重；需业务规则核对
colors,1,Gray,双方同名,未自动认定等价或去重；需业务规则核对
colors,1,Green,双方同名,未自动认定等价或去重；需业务规则核对
colors,1,Green colorhair,双方同名,未自动认定等价或去重；需业务规则核对
colors,1,Grey Short Sleeve dress,双方同名,未自动认定等价或去重；需业务规则核对
colors,1,Grey long,双方同名,未自动认定等价或去重；需业务规则核对
colors,1,Grey short,双方同名,未自动认定等价或去重；需业务规则核对
colors,1,Grey stripes,双方同名,未自动认定等价或去重；需业务规则核对
colors,1,Khaki,双方同名,未自动认定等价或去重；需业务规则核对
colors,1,Left hand black,双方同名,未自动认定等价或去重；需业务规则核对
colors,1,Lemon Yellow,双方同名,未自动认定等价或去重；需业务规则核对
colors,1,Leopard,双方同名,未自动认定等价或去重；需业务规则核对
colors,1,Light Pink,双方同名,未自动认定等价或去重；需业务规则核对
colors,1,Light blue,双方同名,未自动认定等价或去重；需业务规则核对
colors,1,Light coffee,双方同名,未自动认定等价或去重；需业务规则核对
colors,1,Light gray,双方同名,未自动认定等价或去重；需业务规则核对
colors,1,Light green,双方同名,未自动认定等价或去重；需业务规则核对
colors,1,Light purple,双方同名,未自动认定等价或去重；需业务规则核对
colors,1,Multicolor,双方同名,未自动认定等价或去重；需业务规则核对
colors,1,Navy blue,双方同名,未自动认定等价或去重；需业务规则核对
colors,1,Nude,双方同名,未自动认定等价或去重；需业务规则核对
colors,1,Orange,双方同名,未自动认定等价或去重；需业务规则核对
colors,1,Pink,双方同名,未自动认定等价或去重；需业务规则核对
colors,1,Purple,双方同名,未自动认定等价或去重；需业务规则核对
colors,1,Red,双方同名,未自动认定等价或去重；需业务规则核对
colors,1,Red Painting,双方同名,未自动认定等价或去重；需业务规则核对
colors,1,Red stripes,双方同名,未自动认定等价或去重；需业务规则核对
colors,1,Right hand black,双方同名,未自动认定等价或去重；需业务规则核对
colors,1,Rose,双方同名,未自动认定等价或去重；需业务规则核对
colors,1,Rose gold,双方同名,未自动认定等价或去重；需业务规则核对
colors,1,Same As Photo,双方同名,未自动认定等价或去重；需业务规则核对
colors,1,Silver,双方同名,未自动认定等价或去重；需业务规则核对
colors,1,Skirt (single piece),仅旧库,未自动认定等价或去重；需业务规则核对
colors,1,Skirt （single piece）,仅原型,未自动认定等价或去重；需业务规则核对
colors,1,Slot peep,双方同名,未自动认定等价或去重；需业务规则核对
colors,1,White,双方同名,未自动认定等价或去重；需业务规则核对
colors,1,White & Black ShuangPin,双方同名,未自动认定等价或去重；需业务规则核对
colors,1,White Painting,双方同名,未自动认定等价或去重；需业务规则核对
colors,1,White colorhair,双方同名,未自动认定等价或去重；需业务规则核对
colors,1,Wine red,双方同名,未自动认定等价或去重；需业务规则核对
colors,1,Yellow,双方同名,未自动认定等价或去重；需业务规则核对
colors,1,ZTJ339-1#,双方同名,未自动认定等价或去重；需业务规则核对
colors,1,ZTJ339-2#,双方同名,未自动认定等价或去重；需业务规则核对
colors,1,ZTJ339-3#,双方同名,未自动认定等价或去重；需业务规则核对
colors,1,ZTJ339-4#,双方同名,未自动认定等价或去重；需业务规则核对
colors,1,black step feet,双方同名,未自动认定等价或去重；需业务规则核对
colors,1,black tights,双方同名,未自动认定等价或去重；需业务规则核对
colors,1,champagne,双方同名,未自动认定等价或去重；需业务规则核对
colors,1,green+purple,双方同名,未自动认定等价或去重；需业务规则核对
colors,1,nude step feet,双方同名,未自动认定等价或去重；需业务规则核对
colors,1,nude tights,双方同名,未自动认定等价或去重；需业务规则核对
colors,1,winered,双方同名,未自动认定等价或去重；需业务规则核对
sizes,2,0.5m,仅旧库,未自动认定等价或去重；需业务规则核对
sizes,2,1.8M,仅旧库,未自动认定等价或去重；需业务规则核对
sizes,2,100 (3-4Y),仅旧库,未自动认定等价或去重；需业务规则核对
sizes,2,100cm,仅旧库,未自动认定等价或去重；需业务规则核对
sizes,2,11.6-12.5 inch,仅旧库,未自动认定等价或去重；需业务规则核对
sizes,2,110 (4-5Y),仅旧库,未自动认定等价或去重；需业务规则核对
sizes,2,110cm,仅旧库,未自动认定等价或去重；需业务规则核对
sizes,2,120 (5-6Y),仅旧库,未自动认定等价或去重；需业务规则核对
sizes,2,120cm,仅旧库,未自动认定等价或去重；需业务规则核对
sizes,2,13.3 inch,仅旧库,未自动认定等价或去重；需业务规则核对
sizes,2,130 (7-8Y),仅旧库,未自动认定等价或去重；需业务规则核对
sizes,2,130cm,仅旧库,未自动认定等价或去重；需业务规则核对
sizes,2,14.1-15.4 inch,仅旧库,未自动认定等价或去重；需业务规则核对
sizes,2,140 (9-10Y),仅旧库,未自动认定等价或去重；需业务规则核对
sizes,2,15,仅旧库,未自动认定等价或去重；需业务规则核对
sizes,2,15.6 inch,仅旧库,未自动认定等价或去重；需业务规则核对
sizes,2,150 (11-12Y),仅旧库,未自动认定等价或去重；需业务规则核对
sizes,2,16,仅旧库,未自动认定等价或去重；需业务规则核对
sizes,2,160  (13-14Y),仅旧库,未自动认定等价或去重；需业务规则核对
sizes,2,17,仅旧库,未自动认定等价或去重；需业务规则核对
sizes,2,18,仅旧库,未自动认定等价或去重；需业务规则核对
sizes,2,19,仅旧库,未自动认定等价或去重；需业务规则核对
sizes,2,1M/Cigarette lighter socket,仅旧库,未自动认定等价或去重；需业务规则核对
sizes,2,1m,仅旧库,未自动认定等价或去重；需业务规则核对
sizes,2,20,仅旧库,未自动认定等价或去重；需业务规则核对
sizes,2,21,仅旧库,未自动认定等价或去重；需业务规则核对
sizes,2,22,仅旧库,未自动认定等价或去重；需业务规则核对
sizes,2,22-23,仅旧库,未自动认定等价或去重；需业务规则核对
sizes,2,23,仅旧库,未自动认定等价或去重；需业务规则核对
sizes,2,24,仅旧库,未自动认定等价或去重；需业务规则核对
sizes,2,24-25,仅旧库,未自动认定等价或去重；需业务规则核对
sizes,2,25,仅旧库,未自动认定等价或去重；需业务规则核对
sizes,2,26,仅旧库,未自动认定等价或去重；需业务规则核对
sizes,2,26-27,仅旧库,未自动认定等价或去重；需业务规则核对
sizes,2,27,仅旧库,未自动认定等价或去重；需业务规则核对
sizes,2,28,仅旧库,未自动认定等价或去重；需业务规则核对
sizes,2,28-29,仅旧库,未自动认定等价或去重；需业务规则核对
sizes,2,29,仅旧库,未自动认定等价或去重；需业务规则核对
sizes,2,2XL,双方同名,未自动认定等价或去重；需业务规则核对
sizes,2,2m,仅旧库,未自动认定等价或去重；需业务规则核对
sizes,2,30,仅旧库,未自动认定等价或去重；需业务规则核对
sizes,2,30-31,仅旧库,未自动认定等价或去重；需业务规则核对
sizes,2,30cm,仅旧库,未自动认定等价或去重；需业务规则核对
sizes,2,31,仅旧库,未自动认定等价或去重；需业务规则核对
sizes,2,32,仅旧库,未自动认定等价或去重；需业务规则核对
sizes,2,32-33,仅旧库,未自动认定等价或去重；需业务规则核对
sizes,2,34-35,仅旧库,未自动认定等价或去重；需业务规则核对
sizes,2,3XL,双方同名,未自动认定等价或去重；需业务规则核对
sizes,2,3m,仅旧库,未自动认定等价或去重；需业务规则核对
sizes,2,40cm,仅旧库,未自动认定等价或去重；需业务规则核对
sizes,2,44/45,仅旧库,未自动认定等价或去重；需业务规则核对
sizes,2,45kg-53kg,仅旧库,未自动认定等价或去重；需业务规则核对
sizes,2,4XL,双方同名,未自动认定等价或去重；需业务规则核对
sizes,2,50cm,仅旧库,未自动认定等价或去重；需业务规则核对
sizes,2,53kg-60kg,仅旧库,未自动认定等价或去重；需业务规则核对
sizes,2,59 (1-3M),仅旧库,未自动认定等价或去重；需业务规则核对
sizes,2,5XL,双方同名,未自动认定等价或去重；需业务规则核对
sizes,2,5cm*5m,仅旧库,未自动认定等价或去重；需业务规则核对
sizes,2,60cm,仅旧库,未自动认定等价或去重；需业务规则核对
sizes,2,60kg-66kg,仅旧库,未自动认定等价或去重；需业务规则核对
sizes,2,66 (3-6M),仅旧库,未自动认定等价或去重；需业务规则核对
sizes,2,66kg-72kg,仅旧库,未自动认定等价或去重；需业务规则核对
sizes,2,6XL,仅旧库,未自动认定等价或去重；需业务规则核对
sizes,2,70cm,仅旧库,未自动认定等价或去重；需业务规则核对
sizes,2,73 (6-9M),仅旧库,未自动认定等价或去重；需业务规则核对
sizes,2,7XL,仅旧库,未自动认定等价或去重；需业务规则核对
sizes,2,80 (9-12M),仅旧库,未自动认定等价或去重；需业务规则核对
sizes,2,80cm,仅旧库,未自动认定等价或去重；需业务规则核对
sizes,2,8XL,仅旧库,未自动认定等价或去重；需业务规则核对
sizes,2,90 (1-2Y),仅旧库,未自动认定等价或去重；需业务规则核对
sizes,2,90cm,仅旧库,未自动认定等价或去重；需业务规则核对
sizes,2,95,仅旧库,未自动认定等价或去重；需业务规则核对
sizes,2,95cm,仅旧库,未自动认定等价或去重；需业务规则核对
sizes,2,A,仅旧库,未自动认定等价或去重；需业务规则核对
sizes,2,B,仅旧库,未自动认定等价或去重；需业务规则核对
sizes,2,C,仅旧库,未自动认定等价或去重；需业务规则核对
sizes,2,D,仅旧库,未自动认定等价或去重；需业务规则核对
sizes,2,E,仅旧库,未自动认定等价或去重；需业务规则核对
sizes,2,L,双方同名,未自动认定等价或去重；需业务规则核对
sizes,2,L-XL,仅旧库,未自动认定等价或去重；需业务规则核对
sizes,2,M,双方同名,未自动认定等价或去重；需业务规则核对
sizes,2,No. 10,仅旧库,未自动认定等价或去重；需业务规则核对
sizes,2,No. 11,仅旧库,未自动认定等价或去重；需业务规则核对
sizes,2,No. 12,仅旧库,未自动认定等价或去重；需业务规则核对
sizes,2,No. 8,仅旧库,未自动认定等价或去重；需业务规则核对
sizes,2,No. 9,仅旧库,未自动认定等价或去重；需业务规则核对
sizes,2,One Size,双方同名,未自动认定等价或去重；需业务规则核对
sizes,2,S,双方同名,未自动认定等价或去重；需业务规则核对
sizes,2,S-M,仅旧库,未自动认定等价或去重；需业务规则核对
sizes,2,UK 10,仅旧库,未自动认定等价或去重；需业务规则核对
sizes,2,UK 11,仅旧库,未自动认定等价或去重；需业务规则核对
sizes,2,UK 12,仅旧库,未自动认定等价或去重；需业务规则核对
sizes,2,UK 2,仅旧库,未自动认定等价或去重；需业务规则核对
sizes,2,UK 3,仅旧库,未自动认定等价或去重；需业务规则核对
sizes,2,UK 4,仅旧库,未自动认定等价或去重；需业务规则核对
sizes,2,UK 5,仅旧库,未自动认定等价或去重；需业务规则核对
sizes,2,UK 6,仅旧库,未自动认定等价或去重；需业务规则核对
sizes,2,UK 6.5,仅旧库,未自动认定等价或去重；需业务规则核对
sizes,2,UK 7,仅旧库,未自动认定等价或去重；需业务规则核对
sizes,2,UK 8,仅旧库,未自动认定等价或去重；需业务规则核对
sizes,2,UK 9,仅旧库,未自动认定等价或去重；需业务规则核对
sizes,2,UK10-UK11,仅旧库,未自动认定等价或去重；需业务规则核对
sizes,2,UK11-UK12,仅旧库,未自动认定等价或去重；需业务规则核对
sizes,2,UK2-UK3,仅旧库,未自动认定等价或去重；需业务规则核对
sizes,2,UK3-UK4,仅旧库,未自动认定等价或去重；需业务规则核对
sizes,2,UK4-UK5,仅旧库,未自动认定等价或去重；需业务规则核对
sizes,2,UK4.5,仅旧库,未自动认定等价或去重；需业务规则核对
sizes,2,UK5-UK6,仅旧库,未自动认定等价或去重；需业务规则核对
sizes,2,UK5.5,仅旧库,未自动认定等价或去重；需业务规则核对
sizes,2,UK6-UK7,仅旧库,未自动认定等价或去重；需业务规则核对
sizes,2,UK7-UK8,仅旧库,未自动认定等价或去重；需业务规则核对
sizes,2,UK7.5,仅旧库,未自动认定等价或去重；需业务规则核对
sizes,2,UK8-UK9,仅旧库,未自动认定等价或去重；需业务规则核对
sizes,2,UK8.5,仅旧库,未自动认定等价或去重；需业务规则核对
sizes,2,UK9-UK10,仅旧库,未自动认定等价或去重；需业务规则核对
sizes,2,UK9.5,仅旧库,未自动认定等价或去重；需业务规则核对
sizes,2,US 10,仅旧库,未自动认定等价或去重；需业务规则核对
sizes,2,US 10.5,仅旧库,未自动认定等价或去重；需业务规则核对
sizes,2,US 11,仅旧库,未自动认定等价或去重；需业务规则核对
sizes,2,US 12,仅旧库,未自动认定等价或去重；需业务规则核对
sizes,2,US 13,仅旧库,未自动认定等价或去重；需业务规则核对
sizes,2,US 14,仅旧库,未自动认定等价或去重；需业务规则核对
sizes,2,US 15,仅旧库,未自动认定等价或去重；需业务规则核对
sizes,2,US 4.5,仅旧库,未自动认定等价或去重；需业务规则核对
sizes,2,US 5,仅旧库,未自动认定等价或去重；需业务规则核对
sizes,2,US 5.5,仅旧库,未自动认定等价或去重；需业务规则核对
sizes,2,US 6,仅旧库,未自动认定等价或去重；需业务规则核对
sizes,2,US 6.5,仅旧库,未自动认定等价或去重；需业务规则核对
sizes,2,US 7,仅旧库,未自动认定等价或去重；需业务规则核对
sizes,2,US 7.5,仅旧库,未自动认定等价或去重；需业务规则核对
sizes,2,US 8,仅旧库,未自动认定等价或去重；需业务规则核对
sizes,2,US 8.5,仅旧库,未自动认定等价或去重；需业务规则核对
sizes,2,US 9,仅旧库,未自动认定等价或去重；需业务规则核对
sizes,2,US 9.5,仅旧库,未自动认定等价或去重；需业务规则核对
sizes,2,XL,双方同名,未自动认定等价或去重；需业务规则核对
sizes,2,XS,仅旧库,未自动认定等价或去重；需业务规则核对
sizes,2,XXS,仅旧库,未自动认定等价或去重；需业务规则核对
sizes,2,coffee pants,仅旧库,未自动认定等价或去重；需业务规则核对
categories,3,上衣,双方同名,未自动认定等价或去重；需业务规则核对
categories,3,中长裙,双方同名,未自动认定等价或去重；需业务规则核对
categories,3,假发,双方同名,未自动认定等价或去重；需业务规则核对
categories,3,内衣,双方同名,未自动认定等价或去重；需业务规则核对
categories,3,半裙,双方同名,未自动认定等价或去重；需业务规则核对
categories,3,卫衣,双方同名,未自动认定等价或去重；需业务规则核对
categories,3,外套,双方同名,未自动认定等价或去重；需业务规则核对
categories,3,套装,双方同名,未自动认定等价或去重；需业务规则核对
categories,3,女性护理,双方同名,未自动认定等价或去重；需业务规则核对
categories,3,女鞋,双方同名,未自动认定等价或去重；需业务规则核对
categories,3,宠物用品,双方同名,未自动认定等价或去重；需业务规则核对
categories,3,居家,双方同名,未自动认定等价或去重；需业务规则核对
categories,3,开衫,双方同名,未自动认定等价或去重；需业务规则核对
categories,3,数码,双方同名,未自动认定等价或去重；需业务规则核对
categories,3,毛衣,双方同名,未自动认定等价或去重；需业务规则核对
categories,3,泳装,双方同名,未自动认定等价或去重；需业务规则核对
categories,3,玩具,双方同名,未自动认定等价或去重；需业务规则核对
categories,3,男装上衣,双方同名,未自动认定等价或去重；需业务规则核对
categories,3,男装外套,双方同名,未自动认定等价或去重；需业务规则核对
categories,3,男装套装,双方同名,未自动认定等价或去重；需业务规则核对
categories,3,男装裤子,双方同名,未自动认定等价或去重；需业务规则核对
categories,3,男鞋,双方同名,未自动认定等价或去重；需业务规则核对
categories,3,睡衣,双方同名,未自动认定等价或去重；需业务规则核对
categories,3,短裙,双方同名,未自动认定等价或去重；需业务规则核对
categories,3,童装,双方同名,未自动认定等价或去重；需业务规则核对
categories,3,童鞋,双方同名,未自动认定等价或去重；需业务规则核对
categories,3,箱包,双方同名,未自动认定等价或去重；需业务规则核对
categories,3,美妆+工具,双方同名,未自动认定等价或去重；需业务规则核对
categories,3,裤子,双方同名,未自动认定等价或去重；需业务规则核对
categories,3,连体裤,双方同名,未自动认定等价或去重；需业务规则核对
categories,3,连衣裙,双方同名,未自动认定等价或去重；需业务规则核对
categories,3,长裙,双方同名,未自动认定等价或去重；需业务规则核对
categories,3,鞋子,双方同名,未自动认定等价或去重；需业务规则核对
categories,3,饰品,双方同名,未自动认定等价或去重；需业务规则核对
categories,3,马甲,双方同名,未自动认定等价或去重；需业务规则核对
styles,4,中式,双方同名,未自动认定等价或去重；需业务规则核对
styles,4,休闲,双方同名,未自动认定等价或去重；需业务规则核对
styles,4,优雅,双方同名,未自动认定等价或去重；需业务规则核对
styles,4,名媛,双方同名,未自动认定等价或去重；需业务规则核对
styles,4,复古,双方同名,未自动认定等价或去重；需业务规则核对
styles,4,度假,双方同名,未自动认定等价或去重；需业务规则核对
styles,4,性感,双方同名,未自动认定等价或去重；需业务规则核对
styles,4,甜美,双方同名,未自动认定等价或去重；需业务规则核对
styles,4,碎花,双方同名,未自动认定等价或去重；需业务规则核对
styles,4,礼服,双方同名,未自动认定等价或去重；需业务规则核对
styles,4,秀场,双方同名,未自动认定等价或去重；需业务规则核对
styles,4,街头,双方同名,未自动认定等价或去重；需业务规则核对
styles,4,通勤,双方同名,未自动认定等价或去重；需业务规则核对
trendElements,5,0型,仅原型,未自动认定等价或去重；需业务规则核对
trendElements,5,A字型,双方同名,未自动认定等价或去重；需业务规则核对
trendElements,5,H型,双方同名,未自动认定等价或去重；需业务规则核对
trendElements,5,O型,仅旧库,未自动认定等价或去重；需业务规则核对
trendElements,5,S型,双方同名,未自动认定等价或去重；需业务规则核对
trendElements,5,X型,双方同名,未自动认定等价或去重；需业务规则核对
trendElements,5,boho,双方同名,未自动认定等价或去重；需业务规则核对
trendElements,5,不对称,双方同名,未自动认定等价或去重；需业务规则核对
trendElements,5,不规则,双方同名,未自动认定等价或去重；需业务规则核对
trendElements,5,丝 绒,仅旧库,未自动认定等价或去重；需业务规则核对
trendElements,5,丝绒,仅原型,未自动认定等价或去重；需业务规则核对
trendElements,5,两件套,双方同名,未自动认定等价或去重；需业务规则核对
trendElements,5,刺绣,双方同名,未自动认定等价或去重；需业务规则核对
trendElements,5,动物纹,双方同名,未自动认定等价或去重；需业务规则核对
trendElements,5,印花,仅旧库,未自动认定等价或去重；需业务规则核对
trendElements,5,图腾,双方同名,未自动认定等价或去重；需业务规则核对
trendElements,5,字母,双方同名,未自动认定等价或去重；需业务规则核对
trendElements,5,彩色,双方同名,未自动认定等价或去重；需业务规则核对
trendElements,5,扎染,双方同名,未自动认定等价或去重；需业务规则核对
trendElements,5,拼接,双方同名,未自动认定等价或去重；需业务规则核对
trendElements,5,撞色,双方同名,未自动认定等价或去重；需业务规则核对
trendElements,5,料,仅原型,未自动认定等价或去重；需业务规则核对
trendElements,5,条纹,双方同名,未自动认定等价或去重；需业务规则核对
trendElements,5,格纹,仅旧库,未自动认定等价或去重；需业务规则核对
trendElements,5,棉麻,双方同名,未自动认定等价或去重；需业务规则核对
trendElements,5,泡泡袖,双方同名,未自动认定等价或去重；需业务规则核对
trendElements,5,波点,双方同名,未自动认定等价或去重；需业务规则核对
trendElements,5,流苏,双方同名,未自动认定等价或去重；需业务规则核对
trendElements,5,渐变,双方同名,未自动认定等价或去重；需业务规则核对
trendElements,5,牛仔,双方同名,未自动认定等价或去重；需业务规则核对
trendElements,5,百褶,双方同名,未自动认定等价或去重；需业务规则核对
trendElements,5,素色,双方同名,未自动认定等价或去重；需业务规则核对
trendElements,5,缎面,双方同名,未自动认定等价或去重；需业务规则核对
trendElements,5,蕾丝,双方同名,未自动认定等价或去重；需业务规则核对
trendElements,5,运动,双方同名,未自动认定等价或去重；需业务规则核对
fabrics,6,PU皮,双方同名,未自动认定等价或去重；需业务规则核对
fabrics,6,丝绒,双方同名,未自动认定等价或去重；需业务规则核对
fabrics,6,仿牛仔,双方同名,未自动认定等价或去重；需业务规则核对
fabrics,6,呢料,双方同名,未自动认定等价或去重；需业务规则核对
fabrics,6,弹力布,双方同名,未自动认定等价或去重；需业务规则核对
fabrics,6,棉,双方同名,未自动认定等价或去重；需业务规则核对
fabrics,6,棉 麻,仅旧库,未自动认定等价或去重；需业务规则核对
fabrics,6,棉麻,仅原型,未自动认定等价或去重；需业务规则核对
fabrics,6,毛织,双方同名,未自动认定等价或去重；需业务规则核对
fabrics,6,法兰绒,双方同名,未自动认定等价或去重；需业务规则核对
fabrics,6,涤纶,双方同名,未自动认定等价或去重；需业务规则核对
fabrics,6,混纺,双方同名,未自动认定等价或去重；需业务规则核对
fabrics,6,灯芯绒,双方同名,未自动认定等价或去重；需业务规则核对
fabrics,6,牛 仔,仅旧库,未自动认定等价或去重；需业务规则核对
fabrics,6,牛仔,仅原型,未自动认定等价或去重；需业务规则核对
fabrics,6,皮草,双方同名,未自动认定等价或去重；需业务规则核对
fabrics,6,竹节麻,双方同名,未自动认定等价或去重；需业务规则核对
fabrics,6,绒面,双方同名,未自动认定等价或去重；需业务规则核对
fabrics,6,网纱,双方同名,未自动认定等价或去重；需业务规则核对
fabrics,6,羊羔毛,双方同名,未自动认定等价或去重；需业务规则核对
fabrics,6,蕾 丝,仅旧库,未自动认定等价或去重；需业务规则核对
fabrics,6,蕾丝,仅原型,未自动认定等价或去重；需业务规则核对
fabrics,6,针织,仅旧库,未自动认定等价或去重；需业务规则核对
fabrics,6,锻面,双方同名,未自动认定等价或去重；需业务规则核对
fabrics,6,雪纺,双方同名,未自动认定等价或去重；需业务规则核对
fabrics,6,鹿皮绒,双方同名,未自动认定等价或去重；需业务规则核对
fabrics,6,麂皮,双方同名,未自动认定等价或去重；需业务规则核对
crowds,107,中老年,双方同名,未自动认定等价或去重；需业务规则核对
crowds,107,年轻,双方同名,未自动认定等价或去重；需业务规则核对
crowds,107,成熟,双方同名,未自动认定等价或去重；需业务规则核对
ages,108,18-30,仅旧库,未自动认定等价或去重；需业务规则核对
ages,108,18~30,仅原型,未自动认定等价或去重；需业务规则核对
ages,108,25-45,仅旧库,未自动认定等价或去重；需业务规则核对
ages,108,25~45,仅原型,未自动认定等价或去重；需业务规则核对
ages,108,45-65,仅旧库,未自动认定等价或去重；需业务规则核对
ages,108,45~65,仅原型,未自动认定等价或去重；需业务规则核对
styleCodes,110,1-Casul Shirt-18-30休闲衬衫,仅原型,未自动认定等价或去重；需业务规则核对
styleCodes,110,1-casual shirt-18-30休闲衬衫,仅旧库,未自动认定等价或去重；需业务规则核对
styleCodes,110,10-print shirt-45-60印花衬衫,双方同名,未自动认定等价或去重；需业务规则核对
styleCodes,110,100-Basic NU裸感基础款,仅原型,未自动认定等价或去重；需业务规则核对
styleCodes,110,101-Cloudsoft云感基础款,仅原型,未自动认定等价或去重；需业务规则核对
styleCodes,110,102-Basic Nature户外基础款,仅原型,未自动认定等价或去重；需业务规则核对
styleCodes,110,103-Men's polo-男装polo,仅原型,未自动认定等价或去重；需业务规则核对
styleCodes,110,104-Men's basic & micro-design woolwear-男装毛织,仅原型,未自动认定等价或去重；需业务规则核对
styleCodes,110,105-men's shirts-男装衬衫,仅原型,未自动认定等价或去重；需业务规则核对
styleCodes,110,106-Men's hoodies-男装卫衣,仅原型,未自动认定等价或去重；需业务规则核对
styleCodes,110,107-men's jacket&coat-男装外套,仅原型,未自动认定等价或去重；需业务规则核对
styleCodes,110,108-Men's trousers-男装长裤,仅原型,未自动认定等价或去重；需业务规则核对
styleCodes,110,109-Men's shorts-男装短裤,仅原型,未自动认定等价或去重；需业务规则核对
styleCodes,110,11-knit top-18-30针织上衣,仅旧库,未自动认定等价或去重；需业务规则核对
styleCodes,110,11-wool top-18-30毛织上衣,仅原型,未自动认定等价或去重；需业务规则核对
styleCodes,110,110-Men's suits-男装套装,仅原型,未自动认定等价或去重；需业务规则核对
styleCodes,110,111-couple outfit-25-35情侣装,仅原型,未自动认定等价或去重；需业务规则核对
styleCodes,110,112-Printed short-sleeved shirt-30-55印花短袖衬衫,仅原型,未自动认定等价或去重；需业务规则核对
styleCodes,110,113-Design T-shirts-25-45设计T恤,仅原型,未自动认定等价或去重；需业务规则核对
styleCodes,110,118-Office Vest-25-35通勤马甲,仅原型,未自动认定等价或去重；需业务规则核对
styleCodes,110,12-Casual Set-18-30休闲套装,仅原型,未自动认定等价或去重；需业务规则核对
styleCodes,110,12-casual dress-18-30休闲连衣裙,仅旧库,未自动认定等价或去重；需业务规则核对
styleCodes,110,120-Casual Tshirt-18-30休闲t恤,仅原型,未自动认定等价或去重；需业务规则核对
styleCodes,110,121-Casual Jacket-18-30休闲薄外套,仅原型,未自动认定等价或去重；需业务规则核对
styleCodes,110,122-Sweet Skirt-18-30设计半裙,仅原型,未自动认定等价或去重；需业务规则核对
styleCodes,110,123-Sweet Top-18-30设计毛织上衣,仅原型,未自动认定等价或去重；需业务规则核对
styleCodes,110,13-Preppy Dress-18-30学院风连衣裙,仅原型,未自动认定等价或去重；需业务规则核对
styleCodes,110,13-preppy dress-18-30学院风连衣裙,仅旧库,未自动认定等价或去重；需业务规则核对
styleCodes,110,14-muslim dress-18-30穆斯林连衣裙,双方同名,未自动认定等价或去重；需业务规则核对
styleCodes,110,15-mini dress-18-30娃娃裙,双方同名,未自动认定等价或去重；需业务规则核对
styleCodes,110,16-Preppy Dress-18-30简约连衣裙,仅原型,未自动认定等价或去重；需业务规则核对
styleCodes,110,16-simple dress-18-30简约连衣裙,仅旧库,未自动认定等价或去重；需业务规则核对
styleCodes,110,17-Classic Dress-18-30长袖连衣裙,仅原型,未自动认定等价或去重；需业务规则核对
styleCodes,110,17-long sleeve dress-18-30长袖连衣裙,仅旧库,未自动认定等价或去重；需业务规则核对
styleCodes,110,18-Classic Dress-18-30短袖连衣裙,仅原型,未自动认定等价或去重；需业务规则核对
styleCodes,110,18-short sleeve dress-18-30短袖连衣裙,仅旧库,未自动认定等价或去重；需业务规则核对
styleCodes,110,19-3D print shirt-30-45 3D印花连衣裙,仅旧库,未自动认定等价或去重；需业务规则核对
styleCodes,110,19-Asaya print dress-30-45 平价印花连衣裙,仅原型,未自动认定等价或去重；需业务规则核对
styleCodes,110,2-prin shirt-18-30印花衬衫,双方同名,未自动认定等价或去重；需业务规则核对
styleCodes,110,20-Elegant Dress-30-45优雅连衣裙,仅原型,未自动认定等价或去重；需业务规则核对
styleCodes,110,20-elegant dress-30-45优雅连衣裙,仅旧库,未自动认定等价或去重；需业务规则核对
styleCodes,110,21-Elegant Dress-30-45短袖连衣裙,仅原型,未自动认定等价或去重；需业务规则核对
styleCodes,110,21-short sleeve dress-30-45短袖连衣裙,仅旧库,未自动认定等价或去重；需业务规则核对
styleCodes,110,22-Casual Dress-30-45休闲连衣裙,仅原型,未自动认定等价或去重；需业务规则核对
styleCodes,110,22-muslim dress-30-45穆斯林连衣裙,仅旧库,未自动认定等价或去重；需业务规则核对
styleCodes,110,23-sexy dress-30-45性感连衣裙,双方同名,未自动认定等价或去重；需业务规则核对
styleCodes,110,24-short dress-30-45短款连衣裙,双方同名,未自动认定等价或去重；需业务规则核对
styleCodes,110,25- OL dress-30-45通勤连衣裙,双方同名,未自动认定等价或去重；需业务规则核对
styleCodes,110,26-Loose dress-40-60宽松连衣裙,双方同名,未自动认定等价或去重；需业务规则核对
styleCodes,110,27-Casual Set-30-55休闲套装,仅原型,未自动认定等价或去重；需业务规则核对
styleCodes,110,27-casual set-30-55休闲套装,仅旧库,未自动认定等价或去重；需业务规则核对
styleCodes,110,28-OL suit&jumpsuit-30-45通勤套装&连体裤,仅旧库,未自动认定等价或去重；需业务规则核对
styleCodes,110,28-Office Set-30-45通勤套装&连体裤,仅原型,未自动认定等价或去重；需业务规则核对
styleCodes,110,29-print set jumpsuit-30-45印花套装&连体裤,仅原型,未自动认定等价或去重；需业务规则核对
styleCodes,110,29-print set&jumpsuit-30-45印花套装&连体裤,仅旧库,未自动认定等价或去重；需业务规则核对
styleCodes,110,3-Sweet Blouse-18-30设计上衣,仅原型,未自动认定等价或去重；需业务规则核对
styleCodes,110,3-design top-18-30设计上衣,仅旧库,未自动认定等价或去重；需业务规则核对
styleCodes,110,30-Sweet Set-18-30搭配套装,仅原型,未自动认定等价或去重；需业务规则核对
styleCodes,110,30-set-18-30搭配套装,仅旧库,未自动认定等价或去重；需业务规则核对
styleCodes,110,31-Sweet Set-18-30优雅套装,仅原型,未自动认定等价或去重；需业务规则核对
styleCodes,110,31-elegant set-30-45优雅套装,仅旧库,未自动认定等价或去重；需业务规则核对
styleCodes,110,32- fashion set-30-45时尚套装,双方同名,未自动认定等价或去重；需业务规则核对
styleCodes,110,33- print set-45-60休闲套装,双方同名,未自动认定等价或去重；需业务规则核对
styleCodes,110,34-Jeans-牛仔裤,双方同名,未自动认定等价或去重；需业务规则核对
styleCodes,110,35-coat-外套,双方同名,未自动认定等价或去重；需业务规则核对
styleCodes,110,36-basic clothing-基础打底,双方同名,未自动认定等价或去重；需业务规则核对
styleCodes,110,37-lace top-蕾丝上衣,双方同名,未自动认定等价或去重；需业务规则核对
styleCodes,110,38-senior dress-高级连衣裙,双方同名,未自动认定等价或去重；需业务规则核对
styleCodes,110,39-denim Jacket-牛仔外套,双方同名,未自动认定等价或去重；需业务规则核对
styleCodes,110,4-Short Sleeve Top-18-35短袖上衣,仅原型,未自动认定等价或去重；需业务规则核对
styleCodes,110,4-short shirt-18-30短袖衬衫,仅旧库,未自动认定等价或去重；需业务规则核对
styleCodes,110,40-set-高价套装,双方同名,未自动认定等价或去重；需业务规则核对
styleCodes,110,41-Basic top-女士基础上衣,双方同名,未自动认定等价或去重；需业务规则核对
styleCodes,110,42-Women T-shirt-女士T恤,双方同名,未自动认定等价或去重；需业务规则核对
styleCodes,110,43-Sweatshirt-女士卫衣,双方同名,未自动认定等价或去重；需业务规则核对
styleCodes,110,45-Skirt-18-30-半裙,双方同名,未自动认定等价或去重；需业务规则核对
styleCodes,110,46-穆斯林高价长袍,双方同名,未自动认定等价或去重；需业务规则核对
styleCodes,110,47-Pajamas-睡衣,双方同名,未自动认定等价或去重；需业务规则核对
styleCodes,110,48-Casul Shirt-30-45宽松衬衫,仅原型,未自动认定等价或去重；需业务规则核对
styleCodes,110,48-Loose shirt-30-45宽松衬衫,仅旧库,未自动认定等价或去重；需业务规则核对
styleCodes,110,49-Classic Top-18-30穆斯林设计上衣,仅原型,未自动认定等价或去重；需业务规则核对
styleCodes,110,49-muslim design top-18-30穆斯林设计上衣,仅旧库,未自动认定等价或去重；需业务规则核对
styleCodes,110,5-print top-25-45印花上衣,双方同名,未自动认定等价或去重；需业务规则核对
styleCodes,110,50-muslim OL shirt-25-45穆斯林通勤上衣,双方同名,未自动认定等价或去重；需业务规则核对
styleCodes,110,51-muslim long shirt-45-60穆斯林长款衬衫,双方同名,未自动认定等价或去重；需业务规则核对
styleCodes,110,52-muslim knit top-18-30穆斯林针织上衣,仅旧库,未自动认定等价或去重；需业务规则核对
styleCodes,110,52-muslim wool top-18-30穆斯林毛织上衣,仅原型,未自动认定等价或去重；需业务规则核对
styleCodes,110,53-muslim knit cardigan-18-30穆斯林针织开衫,仅旧库,未自动认定等价或去重；需业务规则核对
styleCodes,110,53-muslim wool cardigan-18-30穆斯林毛织开衫,仅原型,未自动认定等价或去重；需业务规则核对
styleCodes,110,54-knit cardigan-18-30针织开衫,仅旧库,未自动认定等价或去重；需业务规则核对
styleCodes,110,54-wool cardigan-18-30毛织开衫,仅原型,未自动认定等价或去重；需业务规则核对
styleCodes,110,55-Casual Dress-18-30休闲连衣裙,仅原型,未自动认定等价或去重；需业务规则核对
styleCodes,110,55-muslim dress-18-30穆斯林连衣裙,仅旧库,未自动认定等价或去重；需业务规则核对
styleCodes,110,56-muslim casual set-30-55穆斯林休闲套装,双方同名,未自动认定等价或去重；需业务规则核对
styleCodes,110,57-muslim OL-30-55穆斯林通勤服饰,双方同名,未自动认定等价或去重；需业务规则核对
styleCodes,110,58-muslim casual shirt-18-30穆斯林休闲衬衫,双方同名,未自动认定等价或去重；需业务规则核对
styleCodes,110,59-muslim abaya-30-45高价穆斯林传统服饰,双方同名,未自动认定等价或去重；需业务规则核对
styleCodes,110,6-long shirt-25-45长款衬衫,双方同名,未自动认定等价或去重；需业务规则核对
styleCodes,110,60-Casual Men's Wear-休闲男装,仅旧库,未自动认定等价或去重；需业务规则核对
styleCodes,110,60-Men's basic T-shirt-男装基础T恤,仅原型,未自动认定等价或去重；需业务规则核对
styleCodes,110,61-design shirt-25-45设计衬衫,双方同名,未自动认定等价或去重；需业务规则核对
styleCodes,110,62-elegant top-25-45设计上衣,双方同名,未自动认定等价或去重；需业务规则核对
styleCodes,110,63-Short Sleeve Lace Top-25-45短袖蕾丝上衣,双方同名,未自动认定等价或去重；需业务规则核对
styleCodes,110,65-OL short-sleeved shirt-25-45通勤短袖衬衫,仅旧库,未自动认定等价或去重；需业务规则核对
styleCodes,110,65-Short Sleeve Top-25-45短袖上衣,仅原型,未自动认定等价或去重；需业务规则核对
styleCodes,110,66-Casual Shirt-25-45休闲衬衫,仅原型,未自动认定等价或去重；需业务规则核对
styleCodes,110,66-Casual shirt-25-45休闲衬衫,仅旧库,未自动认定等价或去重；需业务规则核对
styleCodes,110,67-Traditional Muslim top-18-30-传统穆斯林上衣,双方同名,未自动认定等价或去重；需业务规则核对
styleCodes,110,68-Traditional Muslim Dress-25-35-传统穆斯林连衣裙,双方同名,未自动认定等价或去重；需业务规则核对
styleCodes,110,69-Traditional Muslim Tunic-30-55-传统穆斯林上衣,双方同名,未自动认定等价或去重；需业务规则核对
styleCodes,110,7-OL shirt-25-45通勤衬衫,仅旧库,未自动认定等价或去重；需业务规则核对
styleCodes,110,7-Office Blouse-25-45通勤衬衫,仅原型,未自动认定等价或去重；需业务规则核对
styleCodes,110,70-Traditional Muslim Abaya-25-45,双方同名,未自动认定等价或去重；需业务规则核对
styleCodes,110,71-Business Men's Wear-轻商务男装,双方同名,未自动认定等价或去重；需业务规则核对
styleCodes,110,72- Classic Top-18-35纯色上衣,仅原型,未自动认定等价或去重；需业务规则核对
styleCodes,110,72- Plain-colored Top-18-35-纯色上衣,仅旧库,未自动认定等价或去重；需业务规则核对
styleCodes,110,73- Plain-colored Top-35-55-纯色上衣,双方同名,未自动认定等价或去重；需业务规则核对
styleCodes,110,74-Basic Skirt-18-35基础半裙,仅旧库,未自动认定等价或去重；需业务规则核对
styleCodes,110,74-Casual Skirt-18-35休闲半裙,仅原型,未自动认定等价或去重；需业务规则核对
styleCodes,110,75-casual skirt-35-55休闲半裙,双方同名,未自动认定等价或去重；需业务规则核对
styleCodes,110,76-simple pants-18-35简约裤子,双方同名,未自动认定等价或去重；需业务规则核对
styleCodes,110,77-casual pants-35-55简约裤子,双方同名,未自动认定等价或去重；需业务规则核对
styleCodes,110,78-simple T-shirt-18-35简约T恤,双方同名,未自动认定等价或去重；需业务规则核对
styleCodes,110,79-loose T-shirt-35-55宽松T恤,双方同名,未自动认定等价或去重；需业务规则核对
styleCodes,110,8-Classic Blouse-25-45印花衬衫,仅原型,未自动认定等价或去重；需业务规则核对
styleCodes,110,8-print shirt-25-45印花衬衫,仅旧库,未自动认定等价或去重；需业务规则核对
styleCodes,110,80-Printed Blouse-35-55印花上衣,仅原型,未自动认定等价或去重；需业务规则核对
styleCodes,110,80-print T-shirt-35-55印花T恤,仅旧库,未自动认定等价或去重；需业务规则核对
styleCodes,110,81-print skirt-18-35印花半裙,双方同名,未自动认定等价或去重；需业务规则核对
styleCodes,110,82-print skirt-35-55印花半裙,双方同名,未自动认定等价或去重；需业务规则核对
styleCodes,110,83-Solid robe-18-35纯色长袍,双方同名,未自动认定等价或去重；需业务规则核对
styleCodes,110,84-solid robe-35-55纯色长袍,双方同名,未自动认定等价或去重；需业务规则核对
styleCodes,110,85-asaya pajamas-18-35-低价睡衣,双方同名,未自动认定等价或去重；需业务规则核对
styleCodes,110,86-OL skirt-通勤半裙,双方同名,未自动认定等价或去重；需业务规则核对
styleCodes,110,87-Casual Set-18-35休闲套装,仅原型,未自动认定等价或去重；需业务规则核对
styleCodes,110,88-Sweet Set-18-35印花套装,仅原型,未自动认定等价或去重；需业务规则核对
styleCodes,110,89-Printed Set-35-55印花套装,仅原型,未自动认定等价或去重；需业务规则核对
styleCodes,110,9-Print Shirt-45-60长款衬衫,仅原型,未自动认定等价或去重；需业务规则核对
styleCodes,110,9-long shirt-45-60长款衬衫,仅旧库,未自动认定等价或去重；需业务规则核对
styleCodes,110,90-fadfad basic clothing-超级基础女装,双方同名,未自动认定等价或去重；需业务规则核对
styleCodes,110,91-Casual Blouse-18-35休闲衬衫,仅原型,未自动认定等价或去重；需业务规则核对
styleCodes,110,92-Printed Tunik-35-55印花长款上衣,仅原型,未自动认定等价或去重；需业务规则核对
styleCodes,110,93-Asaya shirt-20-45衬衫,仅原型,未自动认定等价或去重；需业务规则核对
styleCodes,110,94-Casaul Dress-35-55休闲长裙,仅原型,未自动认定等价或去重；需业务规则核对
styleCodes,110,95-Asaya dress-18-30-年轻印花长裙,仅原型,未自动认定等价或去重；需业务规则核对
styleCodes,110,96-Asaya night dress-30-55睡衣,仅原型,未自动认定等价或去重；需业务规则核对
styleCodes,110,97-Modern Gamis -25-35日常穆斯林长裙,仅原型,未自动认定等价或去重；需业务规则核对
styleCodes,110,98-Sarimbit-30-45穆斯林家庭装,仅原型,未自动认定等价或去重；需业务规则核对
styleCodes,110,99-casual pants-休闲裤子,仅原型,未自动认定等价或去重；需业务规则核对
