id,source_page,visible_fields,candidate_owner,rule_or_gap,status,confirmation_refs
FIELD-001,商品库/编辑,商品ID、主SKU,款式/成品SKU身份及来源映射,根码默认生成，迁入旧码保留，人工指定限建档且唯一；审核后锁定，稳定ID与业务编码分离,2026-10-05业务口径已确认；现状来源及实现对应按设计核查,A03/A04
FIELD-002,商品库/编辑,商品标题、商品印尼语标题、ID/MY/PH/VN内容,商品基础内容与渠道内容,基础资料可初始化继承，店铺覆盖独立；当前经营市场ID/MY，服装仅一套内部尺码；其他市场原内容保留历史,2026-10-05业务口径已确认；现状来源及实现对应按设计核查,E01/E04；U04/U22
FIELD-003,商品库/编辑,商品描述HTML,商品基础内容/渠道内容版本,保留富文本和素材引用；正常经营字段与平台双向同步，使用指定发布内容版本,2026-10-05业务口径已确认；现状来源及实现对应按设计核查,E04/E11；U28
FIELD-004,商品库/编辑,工厂做货尺码表,技术资料版本,工厂尺寸由技术资料维护，销售尺码图引用其版本，服装内部只有一套尺码,2026-10-05业务口径已确认；现状来源及实现对应按设计核查,E06；U04
FIELD-005,商品库/编辑,TikTok尺寸图、尺码表图片,渠道素材及技术来源引用,销售尺码图可按平台/语言制作，关联技术来源版本；不新增市场尺码体系,2026-10-05业务口径已确认；现状来源及实现对应按设计核查,E06；U04
FIELD-006,商品库/编辑,采购来源（印尼做货等）,采购供货策略,来源方式、地区等由采购侧维护；实际单据保存选择，不固化为商品物理身份,2026-10-05业务口径已确认；现状来源及实现对应按设计核查,A08
FIELD-007,商品库/编辑,是否需要烫画,技术要求/工艺定义,物料烫画形成新SKU；裁片工艺按对应生产对象表达，需求标记与执行完成分开,2026-10-05业务口径已确认；现状来源及实现对应按设计核查,C01；U07
FIELD-008,商品库/编辑,商品类型（常规/组合）,商品组成/组合销售定义,实物套装与虚拟搭售区分；组件数量明确；渠道PID仍一款式且外部规格必映射内部SKU，组合承接细化不得绕开该约束,2026-10-05业务口径已确认；现状来源及实现对应按设计核查,A06；U24/U26
FIELD-009,商品库/编辑,材质类型（毛织/非毛织）,产品结构/技术分类,保留毛织/非毛织等来源语义，与纤维成分枚举分别对应,2026-10-05业务口径已确认；现状来源及实现对应按设计核查,A04/B01
FIELD-010,商品库/编辑,品牌,品牌引用/平台品牌映射,内部品牌单选，平台品牌身份另映射；不同品牌且交付标准不同的款式分别建档,2026-10-05业务口径已确认；现状来源及实现对应按设计核查,A05/B10
FIELD-011,商品库/编辑,Handle,渠道内容/外部来源标识,按具体平台及店铺保留Handle，外部唯一范围待接口核对,目标边界已确认；此旧字段的来源语义仍待核,E01/E11
FIELD-012,商品库/编辑,一级/二级/三级分类,内部正式分类/平台类目映射,内部正式主分类与品类、风格、品类编号分别维护；平台类目保留原层级和ID，不截断旧四级类目,2026-10-05业务口径已确认；现状来源及实现对应按设计核查,B10/B11；U05
FIELD-013,商品库/编辑,库存（主档400、规格100）,WMS唯一库存事实；旧值仅来源追溯,档案无库存字段或摘要；不将旧表单默认400/100作为WMS余额；多渠道共享同一SKU可售池,2026-10-05业务口径已确认；现状来源及实现对应按设计核查,既有USR-011；U29
FIELD-014,商品库/编辑,商品重量、长度、宽度、高度,SKU/包装物流测量,净重与包装毛重/尺寸分别注明基准和单位，未维护与0分开,2026-10-05业务口径已确认；现状来源及实现对应按设计核查,B15
FIELD-015,商品库/编辑,每KG运费,物流计价/基础标准运输,归物流规则或标准成本；基础运输计入一次，后续加工段运输不计入本次综合标准成本,2026-10-05业务口径已确认；现状来源及实现对应按设计核查,D05；U16
FIELD-016,商品库/编辑,吊牌价,销售参考价格,吊牌价保留价格类型、币种和市场，与实际成交、直播、清仓分开,2026-10-05业务口径已确认；现状来源及实现对应按设计核查,E07
FIELD-017,商品库/编辑,供应商（Vendor）,责任人来源待核,旧Vendor注释与页面名冲突，继续查证；不能转成目标档案供应商字段,目标边界已确认；此旧字段的来源语义仍待核,AUD-002；既有USR-010
FIELD-018,商品库/编辑,供应商名称、电话、地址,采购/供方资料,实际采购指定供方，档案无供应商字段或供方视图；旧值承接到采购侧,2026-10-05业务口径已确认；现状来源及实现对应按设计核查,A08；既有USR-010
FIELD-019,商品库/编辑,供应商链接,采购侧来源关系,供货链接归采购，不进入商品/物料身份字段；保留必要原来源,2026-10-05业务口径已确认；现状来源及实现对应按设计核查,A08
FIELD-020,商品库/编辑,备注,各归属对象的备注,保留来源备注；其中实际属性按目标字段拆解，不能静默丢弃,2026-10-05业务口径已确认；现状来源及实现对应按设计核查,F04
FIELD-021,商品库/编辑,商品图片、高清图片、视频,内容资产与用途引用,物料实物/花型/商品主图/销售素材角色分开；文件版本和引用保留,2026-10-05业务口径已确认；现状来源及实现对应按设计核查,F03/E04/E06
FIELD-022,商品库/编辑,品类、风格、流行元素、面料、人群、年龄、人群定位,独立商品属性,品类、风格、品类编号分别维护；人群/年龄/定位/流行元素等按确认的单多值规则；材质标签不直接当纤维比例,2026-10-05业务口径已确认；现状来源及实现对应按设计核查,B10/B11；U05
FIELD-023,商品库/编辑,品类编号/风格编号,品类编号及来源映射,保留实际业务编号，如89；与品类和风格是三个属性。原型风格编号读写需核实并整体对齐，不使用数组序号,2026-10-05业务口径已确认；现状来源及实现对应按设计核查,B11；U05
FIELD-024,商品库/编辑,商品定位,商品定位属性,单选；完整承接线上已用选项，包括原型遗漏项,2026-10-05业务口径已确认；现状来源及实现对应按设计核查,B10
FIELD-025,商品库/编辑,特殊工艺,商品标签/技术要求,特殊工艺标签与物料加工、裁片执行分开；物料烫画新SKU，裁片压褶/打揽不新物料SKU,2026-10-05业务口径已确认；现状来源及实现对应按设计核查,C01；U07
FIELD-026,商品库/编辑,材质多选（Cotton等）,材质/成分或平台属性来源映射,按来源语义分别映射，不能把Yes等原值自动转成成分比例,目标边界已确认；此旧字段的来源语义仍待核,B01/B10；AUD-007
FIELD-027,商品库/编辑,预计使用面辅料SPU,开发阶段材料意向/技术资料,保留预计用料意向与正式BOM区别；不据此建立开发项目对象。正式BOM按SKU、数量、单位和版本表达,2026-10-05业务口径已确认；现状来源及实现对应按设计核查,A04；U27
FIELD-028,商品库/编辑,印花/染色/不需要印染/印花+染色,技术意向/工艺定义,意向与明确工序顺序分开；物料和裁片作用对象区分，同名工艺不能全链禁重,2026-10-05业务口径已确认；现状来源及实现对应按设计核查,C01/C02；U07/U08
FIELD-029,商品库/编辑,TikTok/Shopee/Lazada Attributes,平台属性映射/渠道内容,保留外部属性ID和类目版本；当前经营范围按U22，历史其他平台数据保留来源；可写经营字段双向同步,2026-10-05业务口径已确认；现状来源及实现对应按设计核查,E01/E11；U22/U28
FIELD-030,商品库/编辑,Color、Size及变种组合,内部服装SKU与平台规格映射,内部默认颜色+统一尺码；正式外部规格必匹配内部SKU，同PID限定同款式，允许多个外部ID映射同一内部SKU,2026-10-05业务口径已确认；现状来源及实现对应按设计核查,A04/E05/E09；U04/U24/U26
FIELD-031,商品库/编辑,ID销售价格、直播价格、批发价格、清仓折扣价,销售定价/渠道价格,保留日常、直播、批发、清仓等价格语义；同内部SKU多个平台规格默认同价可显式覆盖，双向同步不抹掉差价,2026-10-05业务口径已确认；现状来源及实现对应按设计核查,E07/E08；U25/U28
FIELD-032,商品库/编辑,成本价RMB,商品成本及来源版本,区分成衣标准/采购/生产实际费用，不将物料单前驱公式直接当成完整成衣BOM成本公式,2026-10-05业务口径已确认；现状来源及实现对应按设计核查,D13；U09
FIELD-033,商品库/编辑,审核状态,档案/内容审核,审核与平台状态独立；同一人可维护审核；SPU首批可合审，后增规格单审,2026-10-05业务口径已确认；现状来源及实现对应按设计核查,F01/F02；U30
FIELD-034,商品列表,站点、上架平台、平台商品ID、上架时间,店铺PID/外部规格/发布事实,同PID只对应同款式；同内部SKU多外部ID独立保留；可关联测款渠道上架；无开发项目,2026-10-05业务口径已确认；现状来源及实现对应按设计核查,E03/E09/E10；U24/U26/U27
FIELD-035,商品列表,是否已经做货、打版完成时间,生产/技术开发事实引用,已有做货与打版状态由其来源负责；商品可关联查询，不建立开发项目前置条件,2026-10-05业务口径已确认；现状来源及实现对应按设计核查,F07；U27
FIELD-036,商品列表,仓库/货架库存、是否货架库存,WMS库存事实,档案无仓库/货架库存信息或筛选；旧值仅来源追溯，不初始化WMS,2026-10-05业务口径已确认；现状来源及实现对应按设计核查,既有USR-011；U29
FIELD-037,商品列表,总销量、爆款等级,经营分析/标签,销量、爆款等级由经营分析归属，档案只按确认范围关联查询，不与库存或平台在售状态合并,2026-10-05业务口径已确认；现状来源及实现对应按设计核查,F07
FIELD-038,商品列表,编辑人、采集时间、入库时间,来源审计/事件,分别核对采集、编辑、业务入库时间来源，保留操作人时；同人维护审核允许,2026-10-05业务口径已确认；现状来源及实现对应按设计核查,F01/F04；U30
FIELD-039,商品列表,同款、商品标签,同款业务关联/经营标签,同款不自动合并SPU/SKU；替代须明确条件；PID不能借同款关系跨内部款式,2026-10-05业务口径已确认；现状来源及实现对应按设计核查,A07；U24
FIELD-040,面辅料/原料编辑,商品类型：面料、辅料、物料、纱线、耗材、配件,物料类别与子类模板,面料、辅料、纱线、耗材、设备配件；保留旧枚举来源映射，旧泛称不直接作新第六类,2026-10-05业务口径已确认；现状来源及实现对应按设计核查,A01/B01—B05
FIELD-041,面辅料/原料编辑,面辅料类型：原料/面辅料,旧原料口径映射/目标加工阶段,目标一套物料身份和阶段；旧stock_type真实语义继续查证；不因建加工单关联库存而设强耦合,目标边界已确认；此旧字段的来源语义仍待核,A02；U11；AUD-003
FIELD-042,面辅料/原料编辑,是否纱线,纱线类别/用途映射,与旧product_type组合识别，目标用纱线分类模板；毛织多投入由生产BOM引用纱线SKU,2026-10-05业务口径已确认；现状来源及实现对应按设计核查,B03；U09
FIELD-043,面辅料/原料编辑,所属仓库,采购收货策略/实际单据,默认收货仓归采购侧，不能把档案限定为单仓库存；加工建单不要求有库存,2026-10-05业务口径已确认；现状来源及实现对应按设计核查,A08；U11
FIELD-044,面辅料/原料编辑,主SKU、商品名称、英文标题,物料主档身份,根编码规则及稳定身份按A03，中文/多语名称独立，审核后不因改名称重编,2026-10-05业务口径已确认；现状来源及实现对应按设计核查,A03/F04
FIELD-045,面辅料/原料编辑,成本价,物料标准成本及版本,人工维护含税标准采购；基础采购+基础运输+逐道按产出加工；采购/计入公式费用变化自动传递；历史快照保留,2026-10-05业务口径已确认；现状来源及实现对应按设计核查,D02/D12/D13；U13/U15/U18
FIELD-046,面辅料/原料编辑,采购价格、采购币种,物料标准成本来源,标准采购人工维护，保留来源金额/币种及归一依据；综合默认RMB，可按展示汇率看IDR/USD；不设汇率触发重算流程,2026-10-05业务口径已确认；现状来源及实现对应按设计核查,D02/D03；U13/U14/U21
FIELD-047,面辅料/原料编辑,ID进口运输成本（标准值）、运输币种,基础标准运输费用,基础运输只计一次，先确认含运/纯运语义；后段运输不进入本次公式；全部含税,2026-10-05业务口径已确认；现状来源及实现对应按设计核查,D04/D05；U15/U16
FIELD-048,面辅料/原料编辑,综合面料成本,综合标准成本计算/展示,逐道承接加本道按产出含税加工费；不计后段运输、损耗缩率、另加辅材、一次性费用；多币种只作展示,2026-10-05业务口径已确认；现状来源及实现对应按设计核查,D03—D09；U14—U21
FIELD-049,面辅料/原料编辑,价格单位M/Yard/PCS/KG/roll/DZ/cns/Pair/Bunch,SKU计量单位视图,每SKU一个主单位、多个辅助关系，以Tab展示方向/系数/依据/版本/用途；旧cns等含义继续查证,目标边界已确认；此旧字段的来源语义仍待核,B12/B13；U06
FIELD-050,面辅料/原料编辑,包装单位（600粒/包等）,包装及SKU辅助单位依据,包装含量结构化，辅助包/箱/卷换算引用其依据；包装变化一般不新SKU,2026-10-05业务口径已确认；现状来源及实现对应按设计核查,B12/B14；U06
FIELD-051,面辅料/原料编辑,克重(KG),重量/克重来源待核,旧KG值与目标g/m²不能混换；净重/包装测量注明基准，按源数据核对归属,目标边界已确认；此旧字段的来源语义仍待核,B01/B15
FIELD-052,面辅料/原料编辑,空差(cm),本期排除,按U01忽略空差，不进入目标字段、表单或计算；仅保留原始调查证据,2026-10-05用户明确本期排除；保留原始证据,B06；U01
FIELD-053,面辅料/原料编辑,幅宽(cm),标准幅宽,只有一个幅宽字段，语义为有效幅宽；无全幅/净幅拆分，无额外有效幅宽计算,2026-10-05业务口径已确认；现状来源及实现对应按设计核查,B07；U02
FIELD-054,面辅料/原料编辑,成分、成分简称P/C/N/A/B,分类成分属性,成分明细及比例与简称映射；与毛织/非毛织技术类型分别保存,2026-10-05业务口径已确认；现状来源及实现对应按设计核查,B01/B03
FIELD-055,面辅料/原料编辑,面料材质类型：普通/针织/梭织,适用分类的组织结构,按分类模板应用组织属性；不强制耗材/配件填面料参数,2026-10-05业务口径已确认；现状来源及实现对应按设计核查,B01—B05
FIELD-056,面辅料/原料编辑,供应商、供应商名称、链接/地址/电话,采购侧供方资料；Vendor另核,档案无供应商或供方视图，采购实际明确；旧名称电话地址/链接在采购归属承接,2026-10-05业务口径已确认；现状来源及实现对应按设计核查,既有USR-010；A08
FIELD-057,面辅料/原料编辑,采购区域,采购/物流策略,采购区域由采购策略和实际单据维护，不作永久物料身份,2026-10-05业务口径已确认；现状来源及实现对应按设计核查,A08
FIELD-058,面辅料/原料编辑,图片、zip/rar附件,物料资料资产,保留图片及文件引用、用途、版本；不建设浏览器迁移/备份维护入口,2026-10-05业务口径已确认；现状来源及实现对应按设计核查,F03/F07；既有USR-013
FIELD-059,面辅料/原料编辑,待审核/审核通过/已弃用,档案审核与生命周期,两类状态分开，同人可维护审核；停用限制新业务，历史引用可读,2026-10-05业务口径已确认；现状来源及实现对应按设计核查,F01/F02/F05；U30
FIELD-060,新增加工面料/辅料,加工类型染色/印花,作用对象明确的工艺定义,物料染/印/绣/烫画形成对应SKU；裁片压褶打揽不形成物料SKU；多色纱线成片/缝盘属生产多投入,2026-10-05业务口径已确认；现状来源及实现对应按设计核查,C01—C03；U07—U09
FIELD-061,新增加工面料/辅料,颜色名称、潘通色号、来源地选择,颜色与Pantone标准,染色必须Pantone，色样不能替代；旧来源地控件继续核对其真实语义,目标边界已确认；此旧字段的来源语义仍待核,B08；U03
FIELD-062,新增加工面料/辅料,自动生成SKU,物料SKU分段编码,PT归色号，XH绣花，YH印花；花型编号已明确，单面A/双面AB，渗透入码；烫画编码参数待细化，旧X依赖继续核查,编码语义已确认；部分执行参数及旧依赖待细化,C04/C05/C08；U07/U10
FIELD-063,新增加工面料/辅料,花型图片,花型资料及版本,印花/绣花引用花型编号如pl001197；图片与可执行资料版本关联，交付实质变化按新规格处理,2026-10-05业务口径已确认；现状来源及实现对应按设计核查,C04/C06；U10
FIELD-064,原料SKU列表,加工信息、option1、未知,旧规格来源/目标工艺对象,保留旧option原值来源；目标加工明确作用对象与步骤，不能以工艺名是否重复作为唯一判断,2026-10-05业务口径已确认；现状来源及实现对应按设计核查,C02；U08
FIELD-065,原料SKU列表,Asaya成本/含运成本/加工费/加工后成本,统一印染标准加工价格,取消Asaya独立印花/染色费用组，与其他品牌一致；辅材已含且按产出计，不计排除项,2026-10-05业务口径已确认；现状来源及实现对应按设计核查,D01/D07/D08；U12/U18/U19
FIELD-066,原料SKU列表,其他品牌成本/含运成本/加工费/加工后成本,统一印染标准加工价格,取消其他品牌相对Asaya的平行硬编码列，使用共同印染单价及费用明细；旧来源差异保留证据,2026-10-05业务口径已确认；现状来源及实现对应按设计核查,D01；U12
FIELD-067,原料SKU列表,体积m³、重量KG,SKU/包装物流测量,重量体积附明确数量/包装基准，主辅单位关系独立；不混入库存数据,2026-10-05业务口径已确认；现状来源及实现对应按设计核查,B12/B15；U06
FIELD-068,原料SKU列表,库存,WMS唯一库存事实,原料SKU档案不显示库存；加工单建单不要求库存，渠道共享可售池,2026-10-05业务口径已确认；现状来源及实现对应按设计核查,既有USR-011；U11/U29
FIELD-069,原料SKU列表,图片正面、SKU、添加时间,物料SKU资料/审计,实物图用途、SKU身份、创建时间保留；原始资料引用不因本地维护工具移除而删除,2026-10-05业务口径已确认；现状来源及实现对应按设计核查,F03/F04；既有USR-013
