file,object,field,type,optional,line
src/data/pcs-material-archive-types.ts,MaterialUnitConversion,fromUnit,string,False,5
src/data/pcs-material-archive-types.ts,MaterialUnitConversion,toUnit,string,False,6
src/data/pcs-material-archive-types.ts,MaterialUnitConversion,factor,number,False,7
src/data/pcs-material-archive-types.ts,MaterialArchiveRecord,materialId,string,False,11
src/data/pcs-material-archive-types.ts,MaterialArchiveRecord,kind,MaterialArchiveKind,False,12
src/data/pcs-material-archive-types.ts,MaterialArchiveRecord,materialCode,string,False,13
src/data/pcs-material-archive-types.ts,MaterialArchiveRecord,materialName,string,False,14
src/data/pcs-material-archive-types.ts,MaterialArchiveRecord,materialNameEn,string,False,15
src/data/pcs-material-archive-types.ts,MaterialArchiveRecord,categoryName,string,False,16
src/data/pcs-material-archive-types.ts,MaterialArchiveRecord,specSummary,string,False,17
src/data/pcs-material-archive-types.ts,MaterialArchiveRecord,composition,string,False,18
src/data/pcs-material-archive-types.ts,MaterialArchiveRecord,processTags,string[],False,19
src/data/pcs-material-archive-types.ts,MaterialArchiveRecord,widthText,string,False,20
src/data/pcs-material-archive-types.ts,MaterialArchiveRecord,gramWeightText,string,False,21
src/data/pcs-material-archive-types.ts,MaterialArchiveRecord,pricingUnit,string,False,22
src/data/pcs-material-archive-types.ts,MaterialArchiveRecord,mainUnit,string,False,23
src/data/pcs-material-archive-types.ts,MaterialArchiveRecord,auxiliaryUnits,string[],False,24
src/data/pcs-material-archive-types.ts,MaterialArchiveRecord,unitConversions,MaterialUnitConversion[],True,25
src/data/pcs-material-archive-types.ts,MaterialArchiveRecord,mainImageUrl,string,False,26
src/data/pcs-material-archive-types.ts,MaterialArchiveRecord,galleryImageUrls,string[],False,27
src/data/pcs-material-archive-types.ts,MaterialArchiveRecord,status,MaterialArchiveStatus,False,28
src/data/pcs-material-archive-types.ts,MaterialArchiveRecord,skuCount,number,False,29
src/data/pcs-material-archive-types.ts,MaterialArchiveRecord,usedStyleCount,number,False,30
src/data/pcs-material-archive-types.ts,MaterialArchiveRecord,usedTechPackCount,number,False,31
src/data/pcs-material-archive-types.ts,MaterialArchiveRecord,barcodeTemplateCode,string,False,32
src/data/pcs-material-archive-types.ts,MaterialArchiveRecord,remark,string,False,33
src/data/pcs-material-archive-types.ts,MaterialArchiveRecord,createdAt,string,False,34
src/data/pcs-material-archive-types.ts,MaterialArchiveRecord,createdBy,string,False,35
src/data/pcs-material-archive-types.ts,MaterialArchiveRecord,updatedAt,string,False,36
src/data/pcs-material-archive-types.ts,MaterialArchiveRecord,updatedBy,string,False,37
src/data/pcs-material-archive-types.ts,MaterialSkuRecord,materialSkuId,string,False,41
src/data/pcs-material-archive-types.ts,MaterialSkuRecord,materialId,string,False,42
src/data/pcs-material-archive-types.ts,MaterialSkuRecord,materialCode,string,False,43
src/data/pcs-material-archive-types.ts,MaterialSkuRecord,materialSkuCode,string,False,44
src/data/pcs-material-archive-types.ts,MaterialSkuRecord,materialName,string,False,45
src/data/pcs-material-archive-types.ts,MaterialSkuRecord,colorName,string,False,46
src/data/pcs-material-archive-types.ts,MaterialSkuRecord,pantoneCode,string,True,48
src/data/pcs-material-archive-types.ts,MaterialSkuRecord,patternCode,string,True,50
src/data/pcs-material-archive-types.ts,MaterialSkuRecord,designRevisionProcesses,Array<'DYEING' | 'PRINTING'>,True,52
src/data/pcs-material-archive-types.ts,MaterialSkuRecord,designRevisionRawSkuId,string,True,54
src/data/pcs-material-archive-types.ts,MaterialSkuRecord,designRevisionDyedSkuId,string,True,56
src/data/pcs-material-archive-types.ts,MaterialSkuRecord,patternImageUrl,string,True,58
src/data/pcs-material-archive-types.ts,MaterialSkuRecord,specName,string,False,59
src/data/pcs-material-archive-types.ts,MaterialSkuRecord,sizeName,string,False,60
src/data/pcs-material-archive-types.ts,MaterialSkuRecord,skuImageUrl,string,False,61
src/data/pcs-material-archive-types.ts,MaterialSkuRecord,costPrice,number,False,62
src/data/pcs-material-archive-types.ts,MaterialSkuRecord,freightCost,number,False,63
src/data/pcs-material-archive-types.ts,MaterialSkuRecord,pricingUnit,string,False,64
src/data/pcs-material-archive-types.ts,MaterialSkuRecord,unitConversions,MaterialUnitConversion[],True,65
src/data/pcs-material-archive-types.ts,MaterialSkuRecord,weightKg,number,False,66
src/data/pcs-material-archive-types.ts,MaterialSkuRecord,lengthCm,number,False,67
src/data/pcs-material-archive-types.ts,MaterialSkuRecord,widthCm,number,False,68
src/data/pcs-material-archive-types.ts,MaterialSkuRecord,heightCm,number,False,69
src/data/pcs-material-archive-types.ts,MaterialSkuRecord,barcode,string,False,70
src/data/pcs-material-archive-types.ts,MaterialSkuRecord,status,MaterialArchiveStatus,False,71
src/data/pcs-material-archive-types.ts,MaterialSkuRecord,createdAt,string,False,72
src/data/pcs-material-archive-types.ts,MaterialSkuRecord,createdBy,string,False,73
src/data/pcs-material-archive-types.ts,MaterialSkuRecord,updatedAt,string,False,74
src/data/pcs-material-archive-types.ts,MaterialSkuRecord,updatedBy,string,False,75
src/data/pcs-material-archive-types.ts,MaterialUsageRecord,usageId,string,False,79
src/data/pcs-material-archive-types.ts,MaterialUsageRecord,materialId,string,False,80
src/data/pcs-material-archive-types.ts,MaterialUsageRecord,styleId,string,False,81
src/data/pcs-material-archive-types.ts,MaterialUsageRecord,styleCode,string,False,82
src/data/pcs-material-archive-types.ts,MaterialUsageRecord,styleName,string,False,83
src/data/pcs-material-archive-types.ts,MaterialUsageRecord,technicalVersionId,string,False,84
src/data/pcs-material-archive-types.ts,MaterialUsageRecord,technicalVersionLabel,string,False,85
src/data/pcs-material-archive-types.ts,MaterialUsageRecord,consumptionText,string,False,86
src/data/pcs-material-archive-types.ts,MaterialUsageRecord,updatedAt,string,False,87
src/data/pcs-material-archive-types.ts,MaterialSkuDraftInput,colorName,string,False,91
src/data/pcs-material-archive-types.ts,MaterialSkuDraftInput,pantoneCode,string,True,92
src/data/pcs-material-archive-types.ts,MaterialSkuDraftInput,patternCode,string,True,93
src/data/pcs-material-archive-types.ts,MaterialSkuDraftInput,specName,string,False,94
src/data/pcs-material-archive-types.ts,MaterialSkuDraftInput,sizeName,string,False,95
src/data/pcs-material-archive-types.ts,MaterialSkuDraftInput,skuImageUrl,string,False,96
src/data/pcs-material-archive-types.ts,MaterialSkuDraftInput,costPrice,number,False,97
src/data/pcs-material-archive-types.ts,MaterialSkuDraftInput,freightCost,number,False,98
src/data/pcs-material-archive-types.ts,MaterialSkuDraftInput,weightKg,number,False,99
src/data/pcs-material-archive-types.ts,MaterialSkuDraftInput,lengthCm,number,False,100
src/data/pcs-material-archive-types.ts,MaterialSkuDraftInput,widthCm,number,False,101
src/data/pcs-material-archive-types.ts,MaterialSkuDraftInput,heightCm,number,False,102
src/data/pcs-material-archive-types.ts,MaterialSkuDraftInput,barcode,string,False,103
src/data/pcs-material-archive-types.ts,MaterialLogRecord,logId,string,False,107
src/data/pcs-material-archive-types.ts,MaterialLogRecord,materialId,string,False,108
src/data/pcs-material-archive-types.ts,MaterialLogRecord,operatorName,string,False,109
src/data/pcs-material-archive-types.ts,MaterialLogRecord,title,string,False,110
src/data/pcs-material-archive-types.ts,MaterialLogRecord,detail,string,False,111
src/data/pcs-material-archive-types.ts,MaterialLogRecord,createdAt,string,False,112
src/data/pcs-material-archive-types.ts,MaterialArchiveStoreSnapshot,version,number,False,116
src/data/pcs-material-archive-types.ts,MaterialArchiveStoreSnapshot,records,MaterialArchiveRecord[],False,117
src/data/pcs-material-archive-types.ts,MaterialArchiveStoreSnapshot,skuRecords,MaterialSkuRecord[],False,118
src/data/pcs-material-archive-types.ts,MaterialArchiveStoreSnapshot,usageRecords,MaterialUsageRecord[],False,119
src/data/pcs-material-archive-types.ts,MaterialArchiveStoreSnapshot,logRecords,MaterialLogRecord[],False,120
src/data/pcs-material-variant-types.ts,MaterialVariantProcessStep,processType,MaterialVariantProcessType,False,6
src/data/pcs-material-variant-types.ts,MaterialVariantProcessStep,processCode,string,False,7
src/data/pcs-material-variant-types.ts,MaterialVariantProcessStep,processName,string,False,8
src/data/pcs-material-variant-types.ts,MaterialVariantProcessStep,craftCode,string,True,9
src/data/pcs-material-variant-types.ts,MaterialVariantProcessStep,patternCode,string,True,10
src/data/pcs-material-variant-types.ts,MaterialVariantRecord,variantId,string,False,14
src/data/pcs-material-variant-types.ts,MaterialVariantRecord,materialId,string,False,15
src/data/pcs-material-variant-types.ts,MaterialVariantRecord,materialSkuId,string,True,16
src/data/pcs-material-variant-types.ts,MaterialVariantRecord,baseSkuCode,string,False,17
src/data/pcs-material-variant-types.ts,MaterialVariantRecord,variantCode,string,False,18
src/data/pcs-material-variant-types.ts,MaterialVariantRecord,displayName,string,False,19
src/data/pcs-material-variant-types.ts,MaterialVariantRecord,colorName,string,True,20
src/data/pcs-material-variant-types.ts,MaterialVariantRecord,pantoneRef,string,True,21
src/data/pcs-material-variant-types.ts,MaterialVariantRecord,chainCategory,MaterialVariantChainCategory,False,22
src/data/pcs-material-variant-types.ts,MaterialVariantRecord,layerIndex,number,False,23
src/data/pcs-material-variant-types.ts,MaterialVariantRecord,predecessorVariantId,string,True,24
src/data/pcs-material-variant-types.ts,MaterialVariantRecord,processes,MaterialVariantProcessStep[],False,25
src/data/pcs-material-variant-types.ts,MaterialVariantRecord,remark,string,True,26
src/data/pcs-material-variant-types.ts,MaterialVariantRecord,createdAt,string,False,27
src/data/pcs-material-variant-types.ts,MaterialVariantRecord,updatedAt,string,False,28
src/data/pcs-material-variant-types.ts,MaterialVariantCreateInput,materialId,string,False,32
src/data/pcs-material-variant-types.ts,MaterialVariantCreateInput,materialSkuId,string,True,33
src/data/pcs-material-variant-types.ts,MaterialVariantCreateInput,baseSkuCode,string,False,34
src/data/pcs-material-variant-types.ts,MaterialVariantCreateInput,chainCategory,MaterialVariantProcessCategoryInput,False,35
src/data/pcs-material-variant-types.ts,MaterialVariantCreateInput,colorName,string,True,36
src/data/pcs-material-variant-types.ts,MaterialVariantCreateInput,pantoneRef,string,True,37
src/data/pcs-material-variant-types.ts,MaterialVariantCreateInput,processType,MaterialVariantProcessType,True,38
src/data/pcs-material-variant-types.ts,MaterialVariantCreateInput,processCode,string,True,39
src/data/pcs-material-variant-types.ts,MaterialVariantCreateInput,processName,string,True,40
src/data/pcs-material-variant-types.ts,MaterialVariantCreateInput,craftCode,string,True,41
src/data/pcs-material-variant-types.ts,MaterialVariantCreateInput,patternCode,string,True,42
src/data/pcs-material-variant-types.ts,MaterialVariantCreateInput,predecessorVariantId,string,True,43
src/data/pcs-material-variant-types.ts,MaterialVariantCreateInput,remark,string,True,44
src/data/pcs-material-variant-types.ts,MaterialVariantResult,ok,boolean,False,57
src/data/pcs-material-variant-types.ts,MaterialVariantResult,variant,MaterialVariantRecord,True,58
src/data/pcs-material-variant-types.ts,MaterialVariantResult,error,MaterialVariantErrorCode,True,59
src/data/pcs-material-variant-types.ts,MaterialVariantResult,message,string,True,60
src/data/pcs-style-archive-types.ts,StyleArchiveShellRecord,buyerId,string,True,5
src/data/pcs-style-archive-types.ts,StyleArchiveShellRecord,buyerName,string,True,6
src/data/pcs-style-archive-types.ts,StyleArchiveShellRecord,productConfigRefs,"Partial<Record<FlatDimensionId, string[]>>",True,7
src/data/pcs-style-archive-types.ts,StyleArchiveShellRecord,productCategoryId,string,True,8
src/data/pcs-style-archive-types.ts,StyleArchiveShellRecord,productInformationVersion,number,True,9
src/data/pcs-style-archive-types.ts,StyleArchiveShellRecord,styleId,string,False,10
src/data/pcs-style-archive-types.ts,StyleArchiveShellRecord,styleCode,string,False,11
src/data/pcs-style-archive-types.ts,StyleArchiveShellRecord,styleName,string,False,12
src/data/pcs-style-archive-types.ts,StyleArchiveShellRecord,styleNameEn,string,False,13
src/data/pcs-style-archive-types.ts,StyleArchiveShellRecord,styleNumber,string,False,14
src/data/pcs-style-archive-types.ts,StyleArchiveShellRecord,thirdCategoryName,string,True,15
src/data/pcs-style-archive-types.ts,StyleArchiveShellRecord,materialType,string,True,16
src/data/pcs-style-archive-types.ts,StyleArchiveShellRecord,categoryTags,string[],True,17
src/data/pcs-style-archive-types.ts,StyleArchiveShellRecord,popularElementTags,string[],True,18
src/data/pcs-style-archive-types.ts,StyleArchiveShellRecord,fabricTags,string[],True,19
src/data/pcs-style-archive-types.ts,StyleArchiveShellRecord,ageTags,string[],True,20
src/data/pcs-style-archive-types.ts,StyleArchiveShellRecord,audiencePositionTags,string[],True,21
src/data/pcs-style-archive-types.ts,StyleArchiveShellRecord,categoryCode,string,True,22
src/data/pcs-style-archive-types.ts,StyleArchiveShellRecord,categoryCodeName,string,True,23
src/data/pcs-style-archive-types.ts,StyleArchiveShellRecord,productPosition,string,True,24
src/data/pcs-style-archive-types.ts,StyleArchiveShellRecord,productType,string,False,25
src/data/pcs-style-archive-types.ts,StyleArchiveShellRecord,sourceProjectId,string,False,26
src/data/pcs-style-archive-types.ts,StyleArchiveShellRecord,sourceProjectCode,string,False,27
src/data/pcs-style-archive-types.ts,StyleArchiveShellRecord,sourceProjectName,string,False,28
src/data/pcs-style-archive-types.ts,StyleArchiveShellRecord,sourceProjectNodeId,string,False,29
src/data/pcs-style-archive-types.ts,StyleArchiveShellRecord,categoryId,string,False,30
src/data/pcs-style-archive-types.ts,StyleArchiveShellRecord,categoryName,string,False,31
src/data/pcs-style-archive-types.ts,StyleArchiveShellRecord,subCategoryId,string,False,32
src/data/pcs-style-archive-types.ts,StyleArchiveShellRecord,subCategoryName,string,False,33
src/data/pcs-style-archive-types.ts,StyleArchiveShellRecord,brandId,string,False,34
src/data/pcs-style-archive-types.ts,StyleArchiveShellRecord,brandName,string,False,35
src/data/pcs-style-archive-types.ts,StyleArchiveShellRecord,yearTag,string,False,36
src/data/pcs-style-archive-types.ts,StyleArchiveShellRecord,seasonTags,string[],False,37
src/data/pcs-style-archive-types.ts,StyleArchiveShellRecord,styleTags,string[],False,38
src/data/pcs-style-archive-types.ts,StyleArchiveShellRecord,targetAudienceTags,string[],False,39
src/data/pcs-style-archive-types.ts,StyleArchiveShellRecord,targetChannelCodes,string[],False,40
src/data/pcs-style-archive-types.ts,StyleArchiveShellRecord,priceRangeLabel,string,False,41
src/data/pcs-style-archive-types.ts,StyleArchiveShellRecord,archiveStatus,StyleArchiveStatusCode,False,42
src/data/pcs-style-archive-types.ts,StyleArchiveShellRecord,baseInfoStatus,string,False,43
src/data/pcs-style-archive-types.ts,StyleArchiveShellRecord,specificationStatus,string,False,44
src/data/pcs-style-archive-types.ts,StyleArchiveShellRecord,techPackStatus,string,False,45
src/data/pcs-style-archive-types.ts,StyleArchiveShellRecord,costPricingStatus,string,False,46
src/data/pcs-style-archive-types.ts,StyleArchiveShellRecord,specificationCount,number,False,47
src/data/pcs-style-archive-types.ts,StyleArchiveShellRecord,techPackVersionCount,number,False,48
src/data/pcs-style-archive-types.ts,StyleArchiveShellRecord,costVersionCount,number,False,49
src/data/pcs-style-archive-types.ts,StyleArchiveShellRecord,channelProductCount,number,False,50
src/data/pcs-style-archive-types.ts,StyleArchiveShellRecord,currentTechPackVersionId,string,False,51
src/data/pcs-style-archive-types.ts,StyleArchiveShellRecord,currentTechPackVersionCode,string,False,52
src/data/pcs-style-archive-types.ts,StyleArchiveShellRecord,currentTechPackVersionLabel,string,False,53
src/data/pcs-style-archive-types.ts,StyleArchiveShellRecord,currentTechPackVersionStatus,string,False,54
src/data/pcs-style-archive-types.ts,StyleArchiveShellRecord,currentTechPackVersionActivatedAt,string,False,55
src/data/pcs-style-archive-types.ts,StyleArchiveShellRecord,currentTechPackVersionActivatedBy,string,False,56
src/data/pcs-style-archive-types.ts,StyleArchiveShellRecord,mainImageId,string,False,57
src/data/pcs-style-archive-types.ts,StyleArchiveShellRecord,mainImageUrl,string,False,58
src/data/pcs-style-archive-types.ts,StyleArchiveShellRecord,galleryImageIds,string[],False,59
src/data/pcs-style-archive-types.ts,StyleArchiveShellRecord,galleryImageUrls,string[],False,60
src/data/pcs-style-archive-types.ts,StyleArchiveShellRecord,imageSource,string,False,61
src/data/pcs-style-archive-types.ts,StyleArchiveShellRecord,sellingPointText,string,False,62
src/data/pcs-style-archive-types.ts,StyleArchiveShellRecord,detailDescription,string,False,63
src/data/pcs-style-archive-types.ts,StyleArchiveShellRecord,packagingInfo,string,False,64
src/data/pcs-style-archive-types.ts,StyleArchiveShellRecord,remark,string,False,65
src/data/pcs-style-archive-types.ts,StyleArchiveShellRecord,generatedAt,string,False,66
src/data/pcs-style-archive-types.ts,StyleArchiveShellRecord,generatedBy,string,False,67
src/data/pcs-style-archive-types.ts,StyleArchiveShellRecord,updatedAt,string,False,68
src/data/pcs-style-archive-types.ts,StyleArchiveShellRecord,updatedBy,string,False,69
src/data/pcs-style-archive-types.ts,StyleArchiveShellRecord,legacyOriginProject,string,False,70
src/data/pcs-style-archive-types.ts,StyleArchiveShellRecord,temporarySpuName,string,True,71
src/data/pcs-style-archive-types.ts,StyleArchiveShellRecord,linkedDesignRevisionTaskIds,string[],True,72
src/data/pcs-style-archive-types.ts,StyleArchiveShellRecord,inheritedDesignFileIds,string[],True,73
src/data/pcs-style-archive-types.ts,StyleArchiveShellRecord,inheritedPatternFileIds,string[],True,74
src/data/pcs-style-archive-types.ts,StyleArchiveShellRecord,inheritedBomVersionIds,string[],True,75
src/data/pcs-style-archive-types.ts,StyleArchivePendingItem,pendingId,string,False,79
src/data/pcs-style-archive-types.ts,StyleArchivePendingItem,rawStyleCode,string,False,80
src/data/pcs-style-archive-types.ts,StyleArchivePendingItem,rawOriginProject,string,False,81
src/data/pcs-style-archive-types.ts,StyleArchivePendingItem,reason,string,False,82
src/data/pcs-style-archive-types.ts,StyleArchivePendingItem,discoveredAt,string,False,83
src/data/pcs-style-archive-types.ts,StyleArchiveStoreSnapshot,version,number,False,87
src/data/pcs-style-archive-types.ts,StyleArchiveStoreSnapshot,records,StyleArchiveShellRecord[],False,88
src/data/pcs-style-archive-types.ts,StyleArchiveStoreSnapshot,pendingItems,StyleArchivePendingItem[],False,89
src/data/pcs-style-archive-types.ts,StyleArchiveGenerateResult,ok,boolean,False,93
src/data/pcs-style-archive-types.ts,StyleArchiveGenerateResult,existed,boolean,False,94
src/data/pcs-style-archive-types.ts,StyleArchiveGenerateResult,message,string,False,95
src/data/pcs-style-archive-types.ts,StyleArchiveGenerateResult,style,StyleArchiveShellRecord | null,False,96
src/data/pcs-sku-archive-types.ts,SkuExpectedMaterialLine,materialSkuId,string,False,6
src/data/pcs-sku-archive-types.ts,SkuExpectedMaterialLine,materialSkuCode,string,False,7
src/data/pcs-sku-archive-types.ts,SkuExpectedMaterialLine,materialName,string,False,8
src/data/pcs-sku-archive-types.ts,SkuExpectedMaterialLine,quantity,number,False,9
src/data/pcs-sku-archive-types.ts,SkuExpectedMaterialLine,unit,string,False,10
src/data/pcs-sku-archive-types.ts,SkuExpectedMaterialLine,note,string,True,11
src/data/pcs-sku-archive-types.ts,SkuArchiveRecord,skuId,string,False,15
src/data/pcs-sku-archive-types.ts,SkuArchiveRecord,skuCode,string,False,16
src/data/pcs-sku-archive-types.ts,SkuArchiveRecord,styleId,string,False,17
src/data/pcs-sku-archive-types.ts,SkuArchiveRecord,styleCode,string,False,18
src/data/pcs-sku-archive-types.ts,SkuArchiveRecord,styleName,string,False,19
src/data/pcs-sku-archive-types.ts,SkuArchiveRecord,skuName,string,False,20
src/data/pcs-sku-archive-types.ts,SkuArchiveRecord,skuNameEn,string,False,21
src/data/pcs-sku-archive-types.ts,SkuArchiveRecord,colorName,string,False,22
src/data/pcs-sku-archive-types.ts,SkuArchiveRecord,sizeName,string,False,23
src/data/pcs-sku-archive-types.ts,SkuArchiveRecord,printName,string,False,24
src/data/pcs-sku-archive-types.ts,SkuArchiveRecord,barcode,string,False,25
src/data/pcs-sku-archive-types.ts,SkuArchiveRecord,channelTitle,string,False,26
src/data/pcs-sku-archive-types.ts,SkuArchiveRecord,skuImageUrl,string,False,27
src/data/pcs-sku-archive-types.ts,SkuArchiveRecord,archiveStatus,SkuArchiveStatusCode,False,28
src/data/pcs-sku-archive-types.ts,SkuArchiveRecord,mappingHealth,SkuArchiveMappingHealth,False,29
src/data/pcs-sku-archive-types.ts,SkuArchiveRecord,channelMappingCount,number,False,30
src/data/pcs-sku-archive-types.ts,SkuArchiveRecord,listedChannelCount,number,False,31
src/data/pcs-sku-archive-types.ts,SkuArchiveRecord,techPackVersionId,string,False,32
src/data/pcs-sku-archive-types.ts,SkuArchiveRecord,techPackVersionCode,string,False,33
src/data/pcs-sku-archive-types.ts,SkuArchiveRecord,techPackVersionLabel,string,False,34
src/data/pcs-sku-archive-types.ts,SkuArchiveRecord,legacySystem,string,False,35
src/data/pcs-sku-archive-types.ts,SkuArchiveRecord,legacyCode,string,False,36
src/data/pcs-sku-archive-types.ts,SkuArchiveRecord,costPrice,number,False,37
src/data/pcs-sku-archive-types.ts,SkuArchiveRecord,freightCost,number,False,38
src/data/pcs-sku-archive-types.ts,SkuArchiveRecord,suggestedRetailPrice,number,False,39
src/data/pcs-sku-archive-types.ts,SkuArchiveRecord,currency,string,False,40
src/data/pcs-sku-archive-types.ts,SkuArchiveRecord,pricingUnit,string,False,41
src/data/pcs-sku-archive-types.ts,SkuArchiveRecord,weightKg,number,False,42
src/data/pcs-sku-archive-types.ts,SkuArchiveRecord,lengthCm,number,False,43
src/data/pcs-sku-archive-types.ts,SkuArchiveRecord,widthCm,number,False,44
src/data/pcs-sku-archive-types.ts,SkuArchiveRecord,heightCm,number,False,45
src/data/pcs-sku-archive-types.ts,SkuArchiveRecord,packagingInfo,string,False,46
src/data/pcs-sku-archive-types.ts,SkuArchiveRecord,weightText,string,False,47
src/data/pcs-sku-archive-types.ts,SkuArchiveRecord,volumeText,string,False,48
src/data/pcs-sku-archive-types.ts,SkuArchiveRecord,lastListingAt,string,False,49
src/data/pcs-sku-archive-types.ts,SkuArchiveRecord,createdAt,string,False,50
src/data/pcs-sku-archive-types.ts,SkuArchiveRecord,createdBy,string,False,51
src/data/pcs-sku-archive-types.ts,SkuArchiveRecord,updatedAt,string,False,52
src/data/pcs-sku-archive-types.ts,SkuArchiveRecord,updatedBy,string,False,53
src/data/pcs-sku-archive-types.ts,SkuArchiveRecord,remark,string,False,54
src/data/pcs-sku-archive-types.ts,SkuArchiveRecord,expectedMaterials,SkuExpectedMaterialLine[],True,56
src/data/pcs-sku-archive-types.ts,SkuArchiveStoreSnapshot,version,number,False,60
src/data/pcs-sku-archive-types.ts,SkuArchiveStoreSnapshot,records,SkuArchiveRecord[],False,61
src/data/pcs-config-dimensions.ts,ConfigLog,id,string,False,19
src/data/pcs-config-dimensions.ts,ConfigLog,action,string,False,20
src/data/pcs-config-dimensions.ts,ConfigLog,detail,string,False,21
src/data/pcs-config-dimensions.ts,ConfigLog,operator,string,False,22
src/data/pcs-config-dimensions.ts,ConfigLog,time,string,False,23
src/data/pcs-config-dimensions.ts,ConfigOption,id,string,False,27
src/data/pcs-config-dimensions.ts,ConfigOption,code,string,False,28
src/data/pcs-config-dimensions.ts,ConfigOption,name_zh,string,False,29
src/data/pcs-config-dimensions.ts,ConfigOption,name_en,string,True,30
src/data/pcs-config-dimensions.ts,ConfigOption,status,ConfigStatus,False,31
src/data/pcs-config-dimensions.ts,ConfigOption,sortOrder,number,False,32
src/data/pcs-config-dimensions.ts,ConfigOption,updatedAt,string,False,33
src/data/pcs-config-dimensions.ts,ConfigOption,updatedBy,string,False,34
src/data/pcs-config-dimensions.ts,ConfigOption,logs,ConfigLog[],False,35
src/data/pcs-config-dimensions.ts,FlatDimensionMeta,id,FlatDimensionId,False,39
src/data/pcs-config-dimensions.ts,FlatDimensionMeta,name,string,False,40
src/data/pcs-config-dimensions.ts,FlatDimensionMeta,description,string,False,41
src/data/pcs-config-workspace-repository.ts,ProductCategoryNode,id,string,False,13
src/data/pcs-config-workspace-repository.ts,ProductCategoryNode,code,string,False,14
src/data/pcs-config-workspace-repository.ts,ProductCategoryNode,name,string,False,15
src/data/pcs-config-workspace-repository.ts,ProductCategoryNode,parentId,string | null,False,16
src/data/pcs-config-workspace-repository.ts,ProductCategoryNode,level,1 | 2 | 3,False,17
src/data/pcs-config-workspace-repository.ts,ProductCategoryNode,status,ConfigStatus,False,18
src/data/pcs-config-workspace-repository.ts,ProductCategoryNode,sortOrder,number,False,19
src/data/pcs-config-workspace-repository.ts,ProductCategoryNode,productCount,number,False,20
src/data/pcs-config-workspace-repository.ts,ProductCategoryNode,updatedAt,string,False,21
src/data/pcs-config-workspace-repository.ts,ProductCategoryNode,updatedBy,string,False,22
src/data/pcs-config-workspace-repository.ts,ProductCategoryNode,logs,ConfigLog[],False,23
src/data/pcs-config-workspace-repository.ts,ConfigWorkspaceSummaryItem,id,ConfigWorkspaceDimensionId,False,27
src/data/pcs-config-workspace-repository.ts,ConfigWorkspaceSummaryItem,name,string,False,28
src/data/pcs-config-workspace-repository.ts,ConfigWorkspaceSummaryItem,description,string,False,29
src/data/pcs-config-workspace-repository.ts,ConfigWorkspaceSummaryItem,count,number | null,False,30
src/data/pcs-config-workspace-repository.ts,ConfigWorkspaceSummaryItem,updatedAt,string,False,31
src/data/pcs-config-workspace-repository.ts,ConfigWorkspaceSummaryItem,updatedBy,string,False,32
src/data/pcs-config-workspace-repository.ts,ConfigWorkspaceOptionDraft,nameZh,string,False,36
src/data/pcs-config-workspace-repository.ts,ConfigWorkspaceOptionDraft,nameEn,string,True,37
src/data/pcs-config-workspace-repository.ts,ConfigWorkspaceOptionDraft,sortOrder,number,False,38
src/data/pcs-config-workspace-repository.ts,ConfigWorkspaceOptionDraft,status,ConfigStatus,False,39
src/data/pcs-config-workspace-repository.ts,ProductCategoryDraft,name,string,False,43
src/data/pcs-config-workspace-repository.ts,ProductCategoryDraft,sortOrder,number,False,44
src/data/pcs-config-workspace-repository.ts,ProductCategoryDraft,status,ConfigStatus,False,45
src/data/pcs-config-workspace-repository.ts,ConfigWorkspaceSnapshot,version,number,False,49
src/data/pcs-config-workspace-repository.ts,ConfigWorkspaceSnapshot,flatOptions,"Record<FlatDimensionId, ConfigOption[]>",False,50
src/data/pcs-config-workspace-repository.ts,ConfigWorkspaceSnapshot,categoryNodes,ProductCategoryNode[],False,51
src/data/pcs-channel-store-master.ts,PcsChannelStoreMasterRecord,masterStoreId,string,False,4
src/data/pcs-channel-store-master.ts,PcsChannelStoreMasterRecord,storeName,string,False,5
src/data/pcs-channel-store-master.ts,PcsChannelStoreMasterRecord,channelCode,string,False,6
src/data/pcs-channel-store-master.ts,PcsChannelStoreMasterRecord,pricingCurrency,string,False,7
src/data/pcs-channel-store-master.ts,PcsChannelStoreMasterRecord,settlementCurrency,string,False,8
src/data/pcs-channel-store-master.ts,PcsChannelStoreMasterRecord,linkedProjectStoreIds,string[],False,9
src/data/pcs-channel-listing-spec-types.ts,ChannelListingSpecLineRecord,specLineId,string,False,4
src/data/pcs-channel-listing-spec-types.ts,ChannelListingSpecLineRecord,specLineCode,string,False,5
src/data/pcs-channel-listing-spec-types.ts,ChannelListingSpecLineRecord,listingBatchId,string,False,6
src/data/pcs-channel-listing-spec-types.ts,ChannelListingSpecLineRecord,productImageId,string,False,7
src/data/pcs-channel-listing-spec-types.ts,ChannelListingSpecLineRecord,productImageUrl,string,False,8
src/data/pcs-channel-listing-spec-types.ts,ChannelListingSpecLineRecord,productImageName,string,False,9
src/data/pcs-channel-listing-spec-types.ts,ChannelListingSpecLineRecord,colorName,string,False,10
src/data/pcs-channel-listing-spec-types.ts,ChannelListingSpecLineRecord,sizeName,string,False,11
src/data/pcs-channel-listing-spec-types.ts,ChannelListingSpecLineRecord,printName,string,False,12
src/data/pcs-channel-listing-spec-types.ts,ChannelListingSpecLineRecord,sellerSku,string,False,13
src/data/pcs-channel-listing-spec-types.ts,ChannelListingSpecLineRecord,priceAmount,number,False,14
src/data/pcs-channel-listing-spec-types.ts,ChannelListingSpecLineRecord,currencyCode,string,False,15
src/data/pcs-channel-listing-spec-types.ts,ChannelListingSpecLineRecord,stockQty,number,False,16
src/data/pcs-channel-listing-spec-types.ts,ChannelListingSpecLineRecord,lineStatus,ChannelListingSpecLineStatus,False,17
src/data/pcs-channel-listing-spec-types.ts,ChannelListingSpecLineRecord,upstreamSkuId,string,False,18
src/data/pcs-channel-listing-spec-types.ts,ChannelListingSpecLineRecord,uploadResultText,string,False,19
src/data/pcs-channel-listing-spec-types.ts,ChannelListingSpecLineInput,specLineId,string,True,23
src/data/pcs-channel-listing-spec-types.ts,ChannelListingSpecLineInput,specLineCode,string,True,24
src/data/pcs-channel-listing-spec-types.ts,ChannelListingSpecLineInput,listingBatchId,string,True,25
src/data/pcs-channel-listing-spec-types.ts,ChannelListingSpecLineInput,productImageId,string,True,26
src/data/pcs-channel-listing-spec-types.ts,ChannelListingSpecLineInput,productImageUrl,string,True,27
src/data/pcs-channel-listing-spec-types.ts,ChannelListingSpecLineInput,productImageName,string,True,28
src/data/pcs-channel-listing-spec-types.ts,ChannelListingSpecLineInput,colorName,string,True,29
src/data/pcs-channel-listing-spec-types.ts,ChannelListingSpecLineInput,sizeName,string,True,30
src/data/pcs-channel-listing-spec-types.ts,ChannelListingSpecLineInput,printName,string,True,31
src/data/pcs-channel-listing-spec-types.ts,ChannelListingSpecLineInput,sellerSku,string,True,32
src/data/pcs-channel-listing-spec-types.ts,ChannelListingSpecLineInput,priceAmount,number,True,33
src/data/pcs-channel-listing-spec-types.ts,ChannelListingSpecLineInput,currencyCode,string,True,34
src/data/pcs-channel-listing-spec-types.ts,ChannelListingSpecLineInput,stockQty,number,True,35
src/data/pcs-channel-listing-spec-types.ts,ChannelListingSpecLineInput,lineStatus,ChannelListingSpecLineStatus,True,36
src/data/pcs-channel-listing-spec-types.ts,ChannelListingSpecLineInput,upstreamSkuId,string,True,37
src/data/pcs-channel-listing-spec-types.ts,ChannelListingSpecLineInput,uploadResultText,string,True,38
src/data/pcs-channel-listing-image-types.ts,ChannelListingImageRecord,listingImageId,string,False,8
src/data/pcs-channel-listing-image-types.ts,ChannelListingImageRecord,listingBatchId,string,False,9
src/data/pcs-channel-listing-image-types.ts,ChannelListingImageRecord,imageId,string,False,10
src/data/pcs-channel-listing-image-types.ts,ChannelListingImageRecord,imageUrl,string,False,11
src/data/pcs-channel-listing-image-types.ts,ChannelListingImageRecord,imageName,string,False,12
src/data/pcs-channel-listing-image-types.ts,ChannelListingImageRecord,sourceType,ChannelListingImageSource,False,13
src/data/pcs-channel-listing-image-types.ts,ChannelListingImageRecord,sortNo,number,False,14
src/data/pcs-channel-listing-image-types.ts,ChannelListingImageRecord,mainFlag,boolean,False,15
src/data/pcs-channel-listing-image-types.ts,ChannelListingImageInput,imageId,string,False,19
src/data/pcs-channel-listing-image-types.ts,ChannelListingImageInput,sortNo,number,True,20
src/data/pcs-channel-listing-image-types.ts,ChannelListingImageInput,mainFlag,boolean,True,21
src/data/pcs-project-domain-contract.ts,PcsProjectChannelProductRecord,channelProductId,string,False,296
src/data/pcs-project-domain-contract.ts,PcsProjectChannelProductRecord,channelProductCode,string,False,297
src/data/pcs-project-domain-contract.ts,PcsProjectChannelProductRecord,listingBatchCode,string,False,298
src/data/pcs-project-domain-contract.ts,PcsProjectChannelProductRecord,upstreamChannelProductCode,string,False,299
src/data/pcs-project-domain-contract.ts,PcsProjectChannelProductRecord,upstreamProductId,string,False,300
src/data/pcs-project-domain-contract.ts,PcsProjectChannelProductRecord,projectId,string,False,301
src/data/pcs-project-domain-contract.ts,PcsProjectChannelProductRecord,projectCode,string,False,302
src/data/pcs-project-domain-contract.ts,PcsProjectChannelProductRecord,projectName,string,False,303
src/data/pcs-project-domain-contract.ts,PcsProjectChannelProductRecord,projectNodeId,string,False,304
src/data/pcs-project-domain-contract.ts,PcsProjectChannelProductRecord,channelCode,string,False,305
src/data/pcs-project-domain-contract.ts,PcsProjectChannelProductRecord,channelName,string,False,306
src/data/pcs-project-domain-contract.ts,PcsProjectChannelProductRecord,storeId,string,False,307
src/data/pcs-project-domain-contract.ts,PcsProjectChannelProductRecord,storeName,string,False,308
src/data/pcs-project-domain-contract.ts,PcsProjectChannelProductRecord,skuId,string,False,309
src/data/pcs-project-domain-contract.ts,PcsProjectChannelProductRecord,skuCode,string,False,310
src/data/pcs-project-domain-contract.ts,PcsProjectChannelProductRecord,skuName,string,False,311
src/data/pcs-project-domain-contract.ts,PcsProjectChannelProductRecord,styleListingTitle,string,False,312
src/data/pcs-project-domain-contract.ts,PcsProjectChannelProductRecord,listingTitle,string,False,313
src/data/pcs-project-domain-contract.ts,PcsProjectChannelProductRecord,listingDescription,string,False,314
src/data/pcs-project-domain-contract.ts,PcsProjectChannelProductRecord,listingPrice,number,False,315
src/data/pcs-project-domain-contract.ts,PcsProjectChannelProductRecord,defaultPriceAmount,number,False,316
src/data/pcs-project-domain-contract.ts,PcsProjectChannelProductRecord,currency,string,False,317
src/data/pcs-project-domain-contract.ts,PcsProjectChannelProductRecord,currencyCode,string,False,318
src/data/pcs-project-domain-contract.ts,PcsProjectChannelProductRecord,listingMainImageId,string,False,319
src/data/pcs-project-domain-contract.ts,PcsProjectChannelProductRecord,listingImageIds,string[],False,320
src/data/pcs-project-domain-contract.ts,PcsProjectChannelProductRecord,listingImageSource,string,False,321
src/data/pcs-project-domain-contract.ts,PcsProjectChannelProductRecord,listingImageConfirmedAt,string,False,322
src/data/pcs-project-domain-contract.ts,PcsProjectChannelProductRecord,listingImageConfirmedBy,string,False,323
src/data/pcs-project-domain-contract.ts,PcsProjectChannelProductRecord,listingImages,ChannelListingImageRecord[],False,324
src/data/pcs-project-domain-contract.ts,PcsProjectChannelProductRecord,mainImageUrls,string[],False,325
src/data/pcs-project-domain-contract.ts,PcsProjectChannelProductRecord,detailImageUrls,string[],False,326
src/data/pcs-project-domain-contract.ts,PcsProjectChannelProductRecord,listingRemark,string,False,327
src/data/pcs-project-domain-contract.ts,PcsProjectChannelProductRecord,specLines,ChannelListingSpecLineRecord[],False,328
src/data/pcs-project-domain-contract.ts,PcsProjectChannelProductRecord,specLineCount,number,False,329
src/data/pcs-project-domain-contract.ts,PcsProjectChannelProductRecord,uploadedSpecLineCount,number,False,330
src/data/pcs-project-domain-contract.ts,PcsProjectChannelProductRecord,listingBatchStatus,PcsChannelProductStatus,False,331
src/data/pcs-project-domain-contract.ts,PcsProjectChannelProductRecord,uploadResultText,string,False,332
src/data/pcs-project-domain-contract.ts,PcsProjectChannelProductRecord,uploadedAt,string,False,333
src/data/pcs-project-domain-contract.ts,PcsProjectChannelProductRecord,channelProductStatus,PcsChannelProductStatus,False,334
src/data/pcs-project-domain-contract.ts,PcsProjectChannelProductRecord,upstreamSyncStatus,PcsChannelProductUpstreamSyncStatus,False,335
src/data/pcs-project-domain-contract.ts,PcsProjectChannelProductRecord,styleId,string,False,336
src/data/pcs-project-domain-contract.ts,PcsProjectChannelProductRecord,styleCode,string,False,337
src/data/pcs-project-domain-contract.ts,PcsProjectChannelProductRecord,styleName,string,False,338
src/data/pcs-project-domain-contract.ts,PcsProjectChannelProductRecord,invalidatedReason,string,False,339
src/data/pcs-project-domain-contract.ts,PcsProjectChannelProductRecord,createdAt,string,False,340
src/data/pcs-project-domain-contract.ts,PcsProjectChannelProductRecord,updatedAt,string,False,341
src/data/pcs-project-domain-contract.ts,PcsProjectChannelProductRecord,effectiveAt,string,False,342
src/data/pcs-project-domain-contract.ts,PcsProjectChannelProductRecord,invalidatedAt,string,False,343
src/data/pcs-project-domain-contract.ts,PcsProjectChannelProductRecord,lastUpstreamSyncAt,string,False,344
