需求编号,来源章节,原子需求,工作包,实现位置,自动化验证,页面验证,状态,证据位置,产品确认人及版本
SCP-01,用户完整方案第1节,只修改两个页面及直接相关范围，不吸收既有无关改动,D/P/V,src/pages/process-factory/dyeing/work-orders.ts；src/pages/process-factory/printing/work-orders.ts；src/data/fcs/dye-work-order-online-view.ts；src/data/fcs/printing-task-domain.ts,本次文件边界及差异人工复核,仅本次命名路由与详情、打印,已验证,output/playwright/process-order-review/task-files.json,用户已确认方案；Codex执行验证；产品接受待用户确认；8d8f8ffd+version-fingerprint.json
REL-01,用户完整方案第2节,需求来源和实际上游供料分别表达,D/P/V,src/data/fcs/dye-work-order-online-view.ts；src/pages/process-factory/printing/relations.ts,check-preparation-real-receipt-chain；check-process-order-three-axis-flow,列表与详情分列标注需求、上游、下道、接收单位、接收仓；无关系不猜测,已验证,output/playwright/process-order-review/browser-check.json；output/playwright/process-order-review/check-preparation-real-receipt-chain.log,用户已确认方案；Codex执行验证；产品接受待用户确认；8d8f8ffd+version-fingerprint.json
REL-02,用户完整方案第2节,下道工序与实际接收单位仓库分别表达,D/P/V,src/data/fcs/dye-work-order-online-view.ts；src/pages/process-factory/printing/relations.ts,check-preparation-real-receipt-chain；check-process-order-three-axis-flow,列表与详情分列标注需求、上游、下道、接收单位、接收仓；无关系不猜测,已验证,output/playwright/process-order-review/browser-check.json；output/playwright/process-order-review/check-preparation-real-receipt-chain.log,用户已确认方案；Codex执行验证；产品接受待用户确认；8d8f8ffd+version-fingerprint.json
REL-03,用户完整方案第2节,按业务标识和交接依据关联，不按名称猜测,D/P/V,src/data/fcs/dye-work-order-online-view.ts；src/pages/process-factory/printing/relations.ts,check-preparation-real-receipt-chain；check-process-order-three-axis-flow,列表与详情分列标注需求、上游、下道、接收单位、接收仓；无关系不猜测,已验证,output/playwright/process-order-review/browser-check.json；output/playwright/process-order-review/check-preparation-real-receipt-chain.log,用户已确认方案；Codex执行验证；产品接受待用户确认；8d8f8ffd+version-fingerprint.json
REL-04,用户完整方案第2节,保留指定接收对象及历史交接事实,D/P/V,src/data/fcs/dye-work-order-online-view.ts；src/pages/process-factory/printing/relations.ts,check-preparation-real-receipt-chain；check-process-order-three-axis-flow,列表与详情分列标注需求、上游、下道、接收单位、接收仓；无关系不猜测,已验证,output/playwright/process-order-review/browser-check.json；output/playwright/process-order-review/check-preparation-real-receipt-chain.log,用户已确认方案；Codex执行验证；产品接受待用户确认；8d8f8ffd+version-fingerprint.json
LAY-01,用户完整方案第3节,标题筛选摘要工具栏分页顺序统一,D/P/V,src/pages/process-factory/dyeing/work-orders.ts；src/pages/process-factory/printing/work-orders.ts,check-dye-list-unified；check-printing-two-end-list,1366/1280列表结构与单行摘要,已验证,output/playwright/process-order-review/dyeing-1366.png；output/playwright/process-order-review/printing-1366.png,用户已确认方案；Codex执行验证；产品接受待用户确认；8d8f8ffd+version-fingerprint.json
LAY-02,用户完整方案第3节,删除重复表格标题，不新增Tab或常驻流程图,D/P/V,src/pages/process-factory/dyeing/work-orders.ts；src/pages/process-factory/printing/work-orders.ts,check-dye-list-unified；check-printing-two-end-list,1366/1280列表结构与单行摘要,已验证,output/playwright/process-order-review/dyeing-1366.png；output/playwright/process-order-review/printing-1366.png,用户已确认方案；Codex执行验证；产品接受待用户确认；8d8f8ffd+version-fingerprint.json
COL-01,用户完整方案第4节,两页统一七个业务列且选择框并入第一列,D/P/V,src/pages/process-factory/dyeing/work-orders.ts；src/pages/process-factory/printing/work-orders.ts,check-dye-list-unified；check-printing-two-end-list,两页7列；状态默认可见；源列与数量列合并,已验证,output/playwright/process-order-review/browser-check.json,用户已确认方案；Codex执行验证；产品接受待用户确认；8d8f8ffd+version-fingerprint.json
COL-02,用户完整方案第4节,投入来源合入加工投入／上游,D/P/V,src/pages/process-factory/dyeing/work-orders.ts；src/pages/process-factory/printing/work-orders.ts,check-dye-list-unified；check-printing-two-end-list,两页7列；状态默认可见；源列与数量列合并,已验证,output/playwright/process-order-review/browser-check.json,用户已确认方案；Codex执行验证；产品接受待用户确认；8d8f8ffd+version-fingerprint.json
COL-03,用户完整方案第4节,加工产出合入加工产出／下游,D/P/V,src/pages/process-factory/dyeing/work-orders.ts；src/pages/process-factory/printing/work-orders.ts,check-dye-list-unified；check-printing-two-end-list,两页7列；状态默认可见；源列与数量列合并,已验证,output/playwright/process-order-review/browser-check.json,用户已确认方案；Codex执行验证；产品接受待用户确认；8d8f8ffd+version-fingerprint.json
COL-04,用户完整方案第4节,删除独立数量进度列且数字不重复,D/P/V,src/pages/process-factory/dyeing/work-orders.ts；src/pages/process-factory/printing/work-orders.ts,check-dye-list-unified；check-printing-two-end-list,两页7列；状态默认可见；源列与数量列合并,已验证,output/playwright/process-order-review/browser-check.json,用户已确认方案；Codex执行验证；产品接受待用户确认；8d8f8ffd+version-fingerprint.json
ID-01,用户完整方案第5节,加工单号打开详情,D/P/V,src/pages/process-factory/dyeing/work-orders.ts；src/pages/process-factory/printing/work-orders.ts,check-dye-list-unified；check-printing-two-end-list,单号/查看进入详情；商品与物料同块；备货计划身份明确,已验证,output/playwright/process-order-review/browser-check.json；output/playwright/process-order-review/check-printing-two-end-list.log,用户已确认方案；Codex执行验证；产品接受待用户确认；8d8f8ffd+version-fingerprint.json
ID-02,用户完整方案第5节,商品图片与名称同块且编号可完整查看,D/P/V,src/pages/process-factory/dyeing/work-orders.ts；src/pages/process-factory/printing/work-orders.ts,check-dye-list-unified；check-printing-two-end-list,单号/查看进入详情；商品与物料同块；备货计划身份明确,已验证,output/playwright/process-order-review/browser-check.json；output/playwright/process-order-review/check-printing-two-end-list.log,用户已确认方案；Codex执行验证；产品接受待用户确认；8d8f8ffd+version-fingerprint.json
ID-03,用户完整方案第5节,需求标签及来源单可追溯,D/P/V,src/pages/process-factory/dyeing/work-orders.ts；src/pages/process-factory/printing/work-orders.ts,check-dye-list-unified；check-printing-two-end-list,单号/查看进入详情；商品与物料同块；备货计划身份明确,已验证,output/playwright/process-order-review/browser-check.json；output/playwright/process-order-review/check-printing-two-end-list.log,用户已确认方案；Codex执行验证；产品接受待用户确认；8d8f8ffd+version-fingerprint.json
ID-04,用户完整方案第5节,备货无商品时用真实物料身份，不伪造商品,D/P/V,src/pages/process-factory/dyeing/work-orders.ts；src/pages/process-factory/printing/work-orders.ts,check-dye-list-unified；check-printing-two-end-list,单号/查看进入详情；商品与物料同块；备货计划身份明确,已验证,output/playwright/process-order-review/browser-check.json；output/playwright/process-order-review/check-printing-two-end-list.log,用户已确认方案；Codex执行验证；产品接受待用户确认；8d8f8ffd+version-fingerprint.json
UP-01,用户完整方案第6节,投入图片名称规格及编码只展示一次,D/P/V,src/data/fcs/dye-work-order-online-view.ts；src/pages/process-factory/printing/relations.ts；src/pages/process-factory/dyeing/work-orders.ts；src/pages/process-factory/printing/work-orders.ts,check-dye-list-unified；check-printing-two-end-list；check-preparation-real-receipt-chain；check-process-order-three-axis-flow,实际投入存在历史身份/对应图缺失；印花PH-20260328-003等明确缺图，未使用原计划图冒充。见printing-actual-material-gaps.json；图片完整性专项未通过。,已阻塞,output/playwright/process-order-review/browser-check.json；output/playwright/process-order-review/check-printing-two-end-list.log；output/playwright/process-order-review/check-preparation-real-receipt-chain.log；output/playwright/process-order-review/dye-missing-assets.json；output/playwright/process-order-review/printing-missing-assets.json；output/playwright/process-order-review/printing-actual-material-gaps.json,用户已确认方案；Codex执行验证；产品接受待用户确认；8d8f8ffd+version-fingerprint.json
UP-02,用户完整方案第6节,展示实际供料方和主要来源单据,D/P/V,src/data/fcs/dye-work-order-online-view.ts；src/pages/process-factory/printing/relations.ts；src/pages/process-factory/dyeing/work-orders.ts；src/pages/process-factory/printing/work-orders.ts,check-dye-list-unified；check-printing-two-end-list；check-preparation-real-receipt-chain；check-process-order-three-axis-flow,查看投入/上游及详情的来源、接收和调整记录,已验证,output/playwright/process-order-review/browser-check.json；output/playwright/process-order-review/check-printing-two-end-list.log；output/playwright/process-order-review/check-preparation-real-receipt-chain.log,用户已确认方案；Codex执行验证；产品接受待用户确认；8d8f8ffd+version-fingerprint.json
UP-03,用户完整方案第6节,投入只展示计划已收已用三个数量,D/P/V,src/data/fcs/dye-work-order-online-view.ts；src/pages/process-factory/printing/relations.ts；src/pages/process-factory/dyeing/work-orders.ts；src/pages/process-factory/printing/work-orders.ts,check-dye-list-unified；check-printing-two-end-list；check-preparation-real-receipt-chain；check-process-order-three-axis-flow,查看投入/上游及详情的来源、接收和调整记录,已验证,output/playwright/process-order-review/browser-check.json；output/playwright/process-order-review/check-printing-two-end-list.log；output/playwright/process-order-review/check-preparation-real-receipt-chain.log,用户已确认方案；Codex执行验证；产品接受待用户确认；8d8f8ffd+version-fingerprint.json
UP-04,用户完整方案第6节,多次供料可展开逐笔单据数量,D/P/V,src/data/fcs/dye-work-order-online-view.ts；src/pages/process-factory/printing/relations.ts；src/pages/process-factory/dyeing/work-orders.ts；src/pages/process-factory/printing/work-orders.ts,check-dye-list-unified；check-printing-two-end-list；check-preparation-real-receipt-chain；check-process-order-three-axis-flow,查看投入/上游及详情的来源、接收和调整记录,已验证,output/playwright/process-order-review/browser-check.json；output/playwright/process-order-review/check-printing-two-end-list.log；output/playwright/process-order-review/check-preparation-real-receipt-chain.log,用户已确认方案；Codex执行验证；产品接受待用户确认；8d8f8ffd+version-fingerprint.json
UP-05,用户完整方案第6节,多个供料方不以其中一家代表全部,D/P/V,src/data/fcs/dye-work-order-online-view.ts；src/pages/process-factory/printing/relations.ts；src/pages/process-factory/dyeing/work-orders.ts；src/pages/process-factory/printing/work-orders.ts,check-dye-list-unified；check-printing-two-end-list；check-preparation-real-receipt-chain；check-process-order-three-axis-flow,查看投入/上游及详情的来源、接收和调整记录,已验证,output/playwright/process-order-review/browser-check.json；output/playwright/process-order-review/check-printing-two-end-list.log；output/playwright/process-order-review/check-preparation-real-receipt-chain.log,用户已确认方案；Codex执行验证；产品接受待用户确认；8d8f8ffd+version-fingerprint.json
UP-06,用户完整方案第6节,未确定供料方与未生成单据分别提示,D/P/V,src/data/fcs/dye-work-order-online-view.ts；src/pages/process-factory/printing/relations.ts；src/pages/process-factory/dyeing/work-orders.ts；src/pages/process-factory/printing/work-orders.ts,check-dye-list-unified；check-printing-two-end-list；check-preparation-real-receipt-chain；check-process-order-three-axis-flow,查看投入/上游及详情的来源、接收和调整记录,已验证,output/playwright/process-order-review/browser-check.json；output/playwright/process-order-review/check-printing-two-end-list.log；output/playwright/process-order-review/check-preparation-real-receipt-chain.log,用户已确认方案；Codex执行验证；产品接受待用户确认；8d8f8ffd+version-fingerprint.json
UP-07,用户完整方案第6节,历史接收未知显示待补录不填零,D/P/V,src/data/fcs/dye-work-order-online-view.ts；src/pages/process-factory/printing/relations.ts；src/pages/process-factory/dyeing/work-orders.ts；src/pages/process-factory/printing/work-orders.ts,check-dye-list-unified；check-printing-two-end-list；check-preparation-real-receipt-chain；check-process-order-three-axis-flow,查看投入/上游及详情的来源、接收和调整记录,已验证,output/playwright/process-order-review/browser-check.json；output/playwright/process-order-review/check-printing-two-end-list.log；output/playwright/process-order-review/check-preparation-real-receipt-chain.log,用户已确认方案；Codex执行验证；产品接受待用户确认；8d8f8ffd+version-fingerprint.json
UP-08,用户完整方案第6节,换料突出实际物料，保留原计划与调整记录,D/P/V,src/data/fcs/dye-work-order-online-view.ts；src/pages/process-factory/printing/relations.ts；src/pages/process-factory/dyeing/work-orders.ts；src/pages/process-factory/printing/work-orders.ts,check-dye-list-unified；check-printing-two-end-list；check-preparation-real-receipt-chain；check-process-order-three-axis-flow,查看投入/上游及详情的来源、接收和调整记录,已验证,output/playwright/process-order-review/browser-check.json；output/playwright/process-order-review/check-printing-two-end-list.log；output/playwright/process-order-review/check-preparation-real-receipt-chain.log,用户已确认方案；Codex执行验证；产品接受待用户确认；8d8f8ffd+version-fingerprint.json
UP-09,用户完整方案第6节,库存明细移入详情或调整投入界面,D/P/V,src/data/fcs/dye-work-order-online-view.ts；src/pages/process-factory/printing/relations.ts；src/pages/process-factory/dyeing/work-orders.ts；src/pages/process-factory/printing/work-orders.ts,check-dye-list-unified；check-printing-two-end-list；check-preparation-real-receipt-chain；check-process-order-three-axis-flow,查看投入/上游及详情的来源、接收和调整记录,已验证,output/playwright/process-order-review/browser-check.json；output/playwright/process-order-review/check-printing-two-end-list.log；output/playwright/process-order-review/check-preparation-real-receipt-chain.log,用户已确认方案；Codex执行验证；产品接受待用户确认；8d8f8ffd+version-fingerprint.json
DOWN-01,用户完整方案第7节,产出物料准确且图片不冒充加工实拍结果,D/P/V,src/data/fcs/dye-work-order-online-view.ts；src/pages/process-factory/printing/relations.ts；src/pages/process-factory/dyeing/work-orders.ts；src/pages/process-factory/printing/work-orders.ts,check-dye-material-receipts；check-printing-partial-batches；check-dye-list-unified；check-printing-output-documents；check-preparation-real-receipt-chain；check-process-order-three-axis-flow,16条染色缺独立产出档案/实物图；12条印花产出图仍需准确对应核验，不能将参考图认定正式产出图。,已阻塞,output/playwright/process-order-review/browser-check.json；output/playwright/process-order-review/check-printing-output-documents.log；output/playwright/process-order-review/check-dye-list-unified.log；output/playwright/process-order-review/dye-missing-assets.json；output/playwright/process-order-review/printing-missing-assets.json；output/playwright/process-order-review/printing-actual-material-gaps.json,用户已确认方案；Codex执行验证；产品接受待用户确认；8d8f8ffd+version-fingerprint.json
DOWN-02,用户完整方案第7节,下道工序接收单位仓库分别可读,D/P/V,src/data/fcs/dye-work-order-online-view.ts；src/pages/process-factory/printing/relations.ts；src/pages/process-factory/dyeing/work-orders.ts；src/pages/process-factory/printing/work-orders.ts,check-dye-material-receipts；check-printing-partial-batches；check-dye-list-unified；check-printing-output-documents；check-preparation-real-receipt-chain；check-process-order-three-axis-flow,下道关系与实际接收方分开；逐笔交接按需展开,已验证,output/playwright/process-order-review/browser-check.json；output/playwright/process-order-review/check-printing-output-documents.log；output/playwright/process-order-review/check-dye-list-unified.log,用户已确认方案；Codex执行验证；产品接受待用户确认；8d8f8ffd+version-fingerprint.json
DOWN-03,用户完整方案第7节,下游单可打开，缺失则提示待生成,D/P/V,src/data/fcs/dye-work-order-online-view.ts；src/pages/process-factory/printing/relations.ts；src/pages/process-factory/dyeing/work-orders.ts；src/pages/process-factory/printing/work-orders.ts,check-dye-material-receipts；check-printing-partial-batches；check-dye-list-unified；check-printing-output-documents；check-preparation-real-receipt-chain；check-process-order-three-axis-flow,下道关系与实际接收方分开；逐笔交接按需展开,已验证,output/playwright/process-order-review/browser-check.json；output/playwright/process-order-review/check-printing-output-documents.log；output/playwright/process-order-review/check-dye-list-unified.log,用户已确认方案；Codex执行验证；产品接受待用户确认；8d8f8ffd+version-fingerprint.json
DOWN-04,用户完整方案第7节,多次交出可展开完整交接记录,D/P/V,src/data/fcs/dye-work-order-online-view.ts；src/pages/process-factory/printing/relations.ts；src/pages/process-factory/dyeing/work-orders.ts；src/pages/process-factory/printing/work-orders.ts,check-dye-material-receipts；check-printing-partial-batches；check-dye-list-unified；check-printing-output-documents；check-preparation-real-receipt-chain；check-process-order-three-axis-flow,下道关系与实际接收方分开；逐笔交接按需展开,已验证,output/playwright/process-order-review/browser-check.json；output/playwright/process-order-review/check-printing-output-documents.log；output/playwright/process-order-review/check-dye-list-unified.log,用户已确认方案；Codex执行验证；产品接受待用户确认；8d8f8ffd+version-fingerprint.json
DOWN-05,用户完整方案第7节,完成已交下游已收及有余额的待收准确展示,D/P/V,src/data/fcs/dye-work-order-online-view.ts；src/pages/process-factory/printing/relations.ts；src/pages/process-factory/dyeing/work-orders.ts；src/pages/process-factory/printing/work-orders.ts,check-dye-material-receipts；check-printing-partial-batches；check-dye-list-unified；check-printing-output-documents；check-preparation-real-receipt-chain；check-process-order-three-axis-flow,下道关系与实际接收方分开；逐笔交接按需展开,已验证,output/playwright/process-order-review/browser-check.json；output/playwright/process-order-review/check-printing-output-documents.log；output/playwright/process-order-review/check-dye-list-unified.log,用户已确认方案；Codex执行验证；产品接受待用户确认；8d8f8ffd+version-fingerprint.json
DOWN-06,用户完整方案第7节,已确认差异与在途待收区分,D/P/V,src/data/fcs/dye-work-order-online-view.ts；src/pages/process-factory/printing/relations.ts；src/pages/process-factory/dyeing/work-orders.ts；src/pages/process-factory/printing/work-orders.ts,check-dye-material-receipts；check-printing-partial-batches；check-dye-list-unified；check-printing-output-documents；check-preparation-real-receipt-chain；check-process-order-three-axis-flow,下道关系与实际接收方分开；逐笔交接按需展开,已验证,output/playwright/process-order-review/browser-check.json；output/playwright/process-order-review/check-printing-output-documents.log；output/playwright/process-order-review/check-dye-list-unified.log,用户已确认方案；Codex执行验证；产品接受待用户确认；8d8f8ffd+version-fingerprint.json
DOWN-07,用户完整方案第7节,不改写历史接收对象,D/P/V,src/data/fcs/dye-work-order-online-view.ts；src/pages/process-factory/printing/relations.ts；src/pages/process-factory/dyeing/work-orders.ts；src/pages/process-factory/printing/work-orders.ts,check-dye-material-receipts；check-printing-partial-batches；check-dye-list-unified；check-printing-output-documents；check-preparation-real-receipt-chain；check-process-order-three-axis-flow,下道关系与实际接收方分开；逐笔交接按需展开,已验证,output/playwright/process-order-review/browser-check.json；output/playwright/process-order-review/check-printing-output-documents.log；output/playwright/process-order-review/check-dye-list-unified.log,用户已确认方案；Codex执行验证；产品接受待用户确认；8d8f8ffd+version-fingerprint.json
STA-01,用户完整方案第8节,三个独立状态集中展示且独立筛选,D/P/V,src/data/fcs/process-order-three-axis-view.ts；src/data/fcs/printing-task-domain.ts,check-dye-material-receipts；check-printing-partial-batches；check-dye-list-unified；check-printing-output-documents；check-process-order-three-axis-flow,状态三行独立，部分批次提示与下游待收分开,已验证,output/playwright/process-order-review/check-dye-material-receipts.log；output/playwright/process-order-review/check-printing-partial-batches.log；output/playwright/process-order-review/browser-check.json,用户已确认方案；Codex执行验证；产品接受待用户确认；8d8f8ffd+version-fingerprint.json
STA-02,用户完整方案第8节,部分接收加工交出可以并存,D/P/V,src/data/fcs/process-order-three-axis-view.ts；src/data/fcs/printing-task-domain.ts,check-dye-material-receipts；check-printing-partial-batches；check-dye-list-unified；check-printing-output-documents；check-process-order-three-axis-flow,状态三行独立，部分批次提示与下游待收分开,已验证,output/playwright/process-order-review/check-dye-material-receipts.log；output/playwright/process-order-review/check-printing-partial-batches.log；output/playwright/process-order-review/browser-check.json,用户已确认方案；Codex执行验证；产品接受待用户确认；8d8f8ffd+version-fingerprint.json
STA-03,用户完整方案第8节,本批完成不冒充整单完成,D/P/V,src/data/fcs/process-order-three-axis-view.ts；src/data/fcs/printing-task-domain.ts,check-dye-material-receipts；check-printing-partial-batches；check-dye-list-unified；check-printing-output-documents；check-process-order-three-axis-flow,状态三行独立，部分批次提示与下游待收分开,已验证,output/playwright/process-order-review/check-dye-material-receipts.log；output/playwright/process-order-review/check-printing-partial-batches.log；output/playwright/process-order-review/browser-check.json,用户已确认方案；Codex执行验证；产品接受待用户确认；8d8f8ffd+version-fingerprint.json
STA-04,用户完整方案第8节,下游未收齐不回退本单全部交出,D/P/V,src/data/fcs/process-order-three-axis-view.ts；src/data/fcs/printing-task-domain.ts,check-dye-material-receipts；check-printing-partial-batches；check-dye-list-unified；check-printing-output-documents；check-process-order-three-axis-flow,状态三行独立，部分批次提示与下游待收分开,已验证,output/playwright/process-order-review/check-dye-material-receipts.log；output/playwright/process-order-review/check-printing-partial-batches.log；output/playwright/process-order-review/browser-check.json,用户已确认方案；Codex执行验证；产品接受待用户确认；8d8f8ffd+version-fingerprint.json
STA-05,用户完整方案第8节,历史缺失不覆盖已有加工事实,D/P/V,src/data/fcs/process-order-three-axis-view.ts；src/data/fcs/printing-task-domain.ts,check-dye-material-receipts；check-printing-partial-batches；check-dye-list-unified；check-printing-output-documents；check-process-order-three-axis-flow,状态三行独立，部分批次提示与下游待收分开,已验证,output/playwright/process-order-review/check-dye-material-receipts.log；output/playwright/process-order-review/check-printing-partial-batches.log；output/playwright/process-order-review/browser-check.json,用户已确认方案；Codex执行验证；产品接受待用户确认；8d8f8ffd+version-fingerprint.json
STA-06,用户完整方案第8节,不拼接三个状态字符串排序,D/P/V,src/data/fcs/process-order-three-axis-view.ts；src/data/fcs/printing-task-domain.ts,check-dye-material-receipts；check-printing-partial-batches；check-dye-list-unified；check-printing-output-documents；check-process-order-three-axis-flow,状态三行独立，部分批次提示与下游待收分开,已验证,output/playwright/process-order-review/check-dye-material-receipts.log；output/playwright/process-order-review/check-printing-partial-batches.log；output/playwright/process-order-review/browser-check.json,用户已确认方案；Codex执行验证；产品接受待用户确认；8d8f8ffd+version-fingerprint.json
QTY-01,用户完整方案第9节,已收不冒充实际使用,D/P/V,src/data/fcs/dye-work-order-online-view.ts；src/data/fcs/printing-task-domain.ts,check-dye-material-receipts；check-printing-partial-batches；check-dye-list-unified；check-printing-output-documents,列表摘要、详情、CSV数量核对；未知显示待补录/待核验,已验证,output/playwright/process-order-review/export-check.json；output/playwright/process-order-review/check-dye-list-unified.log；output/playwright/process-order-review/check-printing-output-documents.log,用户已确认方案；Codex执行验证；产品接受待用户确认；8d8f8ffd+version-fingerprint.json
QTY-02,用户完整方案第9节,已收减完成不冒充损耗,D/P/V,src/data/fcs/dye-work-order-online-view.ts；src/data/fcs/printing-task-domain.ts,check-dye-material-receipts；check-printing-partial-batches；check-dye-list-unified；check-printing-output-documents,列表摘要、详情、CSV数量核对；未知显示待补录/待核验,已验证,output/playwright/process-order-review/export-check.json；output/playwright/process-order-review/check-dye-list-unified.log；output/playwright/process-order-review/check-printing-output-documents.log,用户已确认方案；Codex执行验证；产品接受待用户确认；8d8f8ffd+version-fingerprint.json
QTY-03,用户完整方案第9节,未使用在制待确认差异不计确认损耗,D/P/V,src/data/fcs/dye-work-order-online-view.ts；src/data/fcs/printing-task-domain.ts,check-dye-material-receipts；check-printing-partial-batches；check-dye-list-unified；check-printing-output-documents,列表摘要、详情、CSV数量核对；未知显示待补录/待核验,已验证,output/playwright/process-order-review/export-check.json；output/playwright/process-order-review/check-dye-list-unified.log；output/playwright/process-order-review/check-printing-output-documents.log,用户已确认方案；Codex执行验证；产品接受待用户确认；8d8f8ffd+version-fingerprint.json
QTY-04,用户完整方案第9节,未知使用与损耗不构造数字,D/P/V,src/data/fcs/dye-work-order-online-view.ts；src/data/fcs/printing-task-domain.ts,check-dye-material-receipts；check-printing-partial-batches；check-dye-list-unified；check-printing-output-documents,列表摘要、详情、CSV数量核对；未知显示待补录/待核验,已验证,output/playwright/process-order-review/export-check.json；output/playwright/process-order-review/check-dye-list-unified.log；output/playwright/process-order-review/check-printing-output-documents.log,用户已确认方案；Codex执行验证；产品接受待用户确认；8d8f8ffd+version-fingerprint.json
QTY-05,用户完整方案第9节,不同单位不混加不相减,D/P/V,src/data/fcs/dye-work-order-online-view.ts；src/data/fcs/printing-task-domain.ts,check-dye-material-receipts；check-printing-partial-batches；check-dye-list-unified；check-printing-output-documents,列表摘要、详情、CSV数量核对；未知显示待补录/待核验,已验证,output/playwright/process-order-review/export-check.json；output/playwright/process-order-review/check-dye-list-unified.log；output/playwright/process-order-review/check-printing-output-documents.log,用户已确认方案；Codex执行验证；产品接受待用户确认；8d8f8ffd+version-fingerprint.json
QTY-06,用户完整方案第9节,待收排除已关闭差异撤销退回,D/P/V,src/data/fcs/dye-work-order-online-view.ts；src/data/fcs/printing-task-domain.ts,check-dye-material-receipts；check-printing-partial-batches；check-dye-list-unified；check-printing-output-documents,列表摘要、详情、CSV数量核对；未知显示待补录/待核验,已验证,output/playwright/process-order-review/export-check.json；output/playwright/process-order-review/check-dye-list-unified.log；output/playwright/process-order-review/check-printing-output-documents.log,用户已确认方案；Codex执行验证；产品接受待用户确认；8d8f8ffd+version-fingerprint.json
DYE-01,用户完整方案第10节,染色列表突出工艺真实颜色色号色样,D,src/pages/process-factory/dyeing/work-orders.ts；src/pages/process-factory/dyeing/work-order-overlays.ts；src/data/fcs/dye-work-order-online-view.ts,check-dye-list-unified；check-dye-work-order-online-alignment,16条染色缺正式目标色样；部分现存色名为多色描述，需提供各单准确目标颜色/色号与色样关系后验收。,已阻塞,output/playwright/process-order-review/dyeing-1366.png；output/playwright/process-order-review/dyeing-detail.png；output/playwright/process-order-review/check-dye-work-order-online-alignment.log；output/playwright/process-order-review/dye-missing-assets.json；output/playwright/process-order-review/printing-missing-assets.json；output/playwright/process-order-review/printing-actual-material-gaps.json,用户已确认方案；Codex执行验证；产品接受待用户确认；8d8f8ffd+version-fingerprint.json
DYE-02,用户完整方案第10节,成分参数批次质量等详情保留,D,src/pages/process-factory/dyeing/work-orders.ts；src/pages/process-factory/dyeing/work-order-overlays.ts；src/data/fcs/dye-work-order-online-view.ts,check-dye-list-unified；check-dye-work-order-online-alignment,染色列表/详情及原合并染色菜单保留，缺资料不以空参数占位,已验证,output/playwright/process-order-review/dyeing-1366.png；output/playwright/process-order-review/dyeing-detail.png；output/playwright/process-order-review/check-dye-work-order-online-alignment.log,用户已确认方案；Codex执行验证；产品接受待用户确认；8d8f8ffd+version-fingerprint.json
DYE-03,用户完整方案第10节,无参数不逐行显示空横线,D,src/pages/process-factory/dyeing/work-orders.ts；src/pages/process-factory/dyeing/work-order-overlays.ts；src/data/fcs/dye-work-order-online-view.ts,check-dye-list-unified；check-dye-work-order-online-alignment,染色列表/详情及原合并染色菜单保留，缺资料不以空参数占位,已验证,output/playwright/process-order-review/dyeing-1366.png；output/playwright/process-order-review/dyeing-detail.png；output/playwright/process-order-review/check-dye-work-order-online-alignment.log,用户已确认方案；Codex执行验证；产品接受待用户确认；8d8f8ffd+version-fingerprint.json
DYE-04,用户完整方案第10节,色样缺失提示且不伪造色块图片,D,src/pages/process-factory/dyeing/work-orders.ts；src/pages/process-factory/dyeing/work-order-overlays.ts；src/data/fcs/dye-work-order-online-view.ts,check-dye-list-unified；check-dye-work-order-online-alignment,染色列表/详情及原合并染色菜单保留，缺资料不以空参数占位,已验证,output/playwright/process-order-review/dyeing-1366.png；output/playwright/process-order-review/dyeing-detail.png；output/playwright/process-order-review/check-dye-work-order-online-alignment.log,用户已确认方案；Codex执行验证；产品接受待用户确认；8d8f8ffd+version-fingerprint.json
DYE-05,用户完整方案第10节,合并染色入口和原单关联保留,D,src/pages/process-factory/dyeing/work-orders.ts；src/pages/process-factory/dyeing/work-order-overlays.ts；src/data/fcs/dye-work-order-online-view.ts,check-dye-list-unified；check-dye-work-order-online-alignment,染色列表/详情及原合并染色菜单保留，缺资料不以空参数占位,已验证,output/playwright/process-order-review/dyeing-1366.png；output/playwright/process-order-review/dyeing-detail.png；output/playwright/process-order-review/check-dye-work-order-online-alignment.log,用户已确认方案；Codex执行验证；产品接受待用户确认；8d8f8ffd+version-fingerprint.json
PRINT-01,用户完整方案第11节,工艺单双面及正反花型明确,P,src/pages/process-factory/printing/work-orders.ts；src/pages/process-factory/printing/work-order-detail.ts；src/data/fcs/printing-task-domain.ts,check-printing-two-end-list；check-printing-output-documents；check-printing-legacy-view-projection,印花001—006现存TDV标识并非正式花型编号；002—006样衣图已去除；其他花型参考图仍需核验。正反面功能已实现，正式资料未通过。,已阻塞,output/playwright/process-order-review/printing-detail.png；output/playwright/process-order-review/roll-label.log；output/playwright/process-order-review/check-printing-output-documents.log；output/playwright/process-order-review/dye-missing-assets.json；output/playwright/process-order-review/printing-missing-assets.json；output/playwright/process-order-review/printing-actual-material-gaps.json,用户已确认方案；Codex执行验证；产品接受待用户确认；8d8f8ffd+version-fingerprint.json
PRINT-02,用户完整方案第11节,花型版本设备打印转印记录保留,P,src/pages/process-factory/printing/work-orders.ts；src/pages/process-factory/printing/work-order-detail.ts；src/data/fcs/printing-task-domain.ts,check-printing-two-end-list；check-printing-output-documents；check-printing-legacy-view-projection,印花列表/详情/实际产出卷预览，缺资料明确标记,已验证,output/playwright/process-order-review/printing-detail.png；output/playwright/process-order-review/roll-label.log；output/playwright/process-order-review/check-printing-output-documents.log,用户已确认方案；Codex执行验证；产品接受待用户确认；8d8f8ffd+version-fingerprint.json
PRINT-03,用户完整方案第11节,内部标识不冒充SPU色号花型编号,P,src/pages/process-factory/printing/work-orders.ts；src/pages/process-factory/printing/work-order-detail.ts；src/data/fcs/printing-task-domain.ts,check-printing-two-end-list；check-printing-output-documents；check-printing-legacy-view-projection,印花列表/详情/实际产出卷预览，缺资料明确标记,已验证,output/playwright/process-order-review/printing-detail.png；output/playwright/process-order-review/roll-label.log；output/playwright/process-order-review/check-printing-output-documents.log,用户已确认方案；Codex执行验证；产品接受待用户确认；8d8f8ffd+version-fingerprint.json
PRINT-04,用户完整方案第11节,待接收明确是投入还是下游,P,src/pages/process-factory/printing/work-orders.ts；src/pages/process-factory/printing/work-order-detail.ts；src/data/fcs/printing-task-domain.ts,check-printing-two-end-list；check-printing-output-documents；check-printing-legacy-view-projection,印花列表/详情/实际产出卷预览，缺资料明确标记,已验证,output/playwright/process-order-review/printing-detail.png；output/playwright/process-order-review/roll-label.log；output/playwright/process-order-review/check-printing-output-documents.log,用户已确认方案；Codex执行验证；产品接受待用户确认；8d8f8ffd+version-fingerprint.json
PRINT-05,用户完整方案第11节,历史未记设备不伪造分配,P,src/pages/process-factory/printing/work-orders.ts；src/pages/process-factory/printing/work-order-detail.ts；src/data/fcs/printing-task-domain.ts,check-printing-two-end-list；check-printing-output-documents；check-printing-legacy-view-projection,印花列表/详情/实际产出卷预览，缺资料明确标记,已验证,output/playwright/process-order-review/printing-detail.png；output/playwright/process-order-review/roll-label.log；output/playwright/process-order-review/check-printing-output-documents.log,用户已确认方案；Codex执行验证；产品接受待用户确认；8d8f8ffd+version-fingerprint.json
PRINT-06,用户完整方案第11节,卷条码只针对存在的产出卷,P,src/pages/process-factory/printing/work-orders.ts；src/pages/process-factory/printing/work-order-detail.ts；src/data/fcs/printing-task-domain.ts,check-printing-two-end-list；check-printing-output-documents；check-printing-legacy-view-projection,印花列表/详情/实际产出卷预览，缺资料明确标记,已验证,output/playwright/process-order-review/printing-detail.png；output/playwright/process-order-review/roll-label.log；output/playwright/process-order-review/check-printing-output-documents.log,用户已确认方案；Codex执行验证；产品接受待用户确认；8d8f8ffd+version-fingerprint.json
FIL-01,用户完整方案第12节,五个常用筛选默认可见,D/P/V,src/pages/process-factory/dyeing/work-orders.ts；src/pages/process-factory/printing/work-orders.ts,check-dye-list-unified；check-printing-two-end-list,5常用筛选、更多筛选计数、条件生效与完整重置,已验证,output/playwright/process-order-review/browser-check.json,用户已确认方案；Codex执行验证；产品接受待用户确认；8d8f8ffd+version-fingerprint.json
FIL-02,用户完整方案第12节,更多筛选完整保留来源上下游工艺异常等,D/P/V,src/pages/process-factory/dyeing/work-orders.ts；src/pages/process-factory/printing/work-orders.ts,check-dye-list-unified；check-printing-two-end-list,5常用筛选、更多筛选计数、条件生效与完整重置,已验证,output/playwright/process-order-review/browser-check.json,用户已确认方案；Codex执行验证；产品接受待用户确认；8d8f8ffd+version-fingerprint.json
FIL-03,用户完整方案第12节,所有空选择显示全部,D/P/V,src/pages/process-factory/dyeing/work-orders.ts；src/pages/process-factory/printing/work-orders.ts,check-dye-list-unified；check-printing-two-end-list,5常用筛选、更多筛选计数、条件生效与完整重置,已验证,output/playwright/process-order-review/browser-check.json,用户已确认方案；Codex执行验证；产品接受待用户确认；8d8f8ffd+version-fingerprint.json
FIL-04,用户完整方案第12节,更多筛选生效数量提示,D/P/V,src/pages/process-factory/dyeing/work-orders.ts；src/pages/process-factory/printing/work-orders.ts,check-dye-list-unified；check-printing-two-end-list,5常用筛选、更多筛选计数、条件生效与完整重置,已验证,output/playwright/process-order-review/browser-check.json,用户已确认方案；Codex执行验证；产品接受待用户确认；8d8f8ffd+version-fingerprint.json
FIL-05,用户完整方案第12节,重置包含折叠条件,D/P/V,src/pages/process-factory/dyeing/work-orders.ts；src/pages/process-factory/printing/work-orders.ts,check-dye-list-unified；check-printing-two-end-list,5常用筛选、更多筛选计数、条件生效与完整重置,已验证,output/playwright/process-order-review/browser-check.json,用户已确认方案；Codex执行验证；产品接受待用户确认；8d8f8ffd+version-fingerprint.json
FIL-06,用户完整方案第12节,上下游筛选使用供料接收对象,D/P/V,src/pages/process-factory/dyeing/work-orders.ts；src/pages/process-factory/printing/work-orders.ts,check-dye-list-unified；check-printing-two-end-list,5常用筛选、更多筛选计数、条件生效与完整重置,已验证,output/playwright/process-order-review/browser-check.json,用户已确认方案；Codex执行验证；产品接受待用户确认；8d8f8ffd+version-fingerprint.json
SUM-01,用户完整方案第13节,六项摘要跟随筛选全结果而非当前页,D/P/V,src/pages/process-factory/dyeing/work-orders.ts；src/pages/process-factory/printing/work-orders.ts；src/data/fcs/dye-work-order-online-view.ts；src/data/fcs/printing-task-domain.ts,check-dye-list-unified；check-printing-two-end-list,6项摘要单行；全结果汇总；导出16/12行与未知量校验,已验证,output/playwright/process-order-review/browser-check.json；output/playwright/process-order-review/export-check.json,用户已确认方案；Codex执行验证；产品接受待用户确认；8d8f8ffd+version-fingerprint.json
SUM-02,用户完整方案第13节,多单位分别显示且零尾项隐藏,D/P/V,src/pages/process-factory/dyeing/work-orders.ts；src/pages/process-factory/printing/work-orders.ts；src/data/fcs/dye-work-order-online-view.ts；src/data/fcs/printing-task-domain.ts,check-dye-list-unified；check-printing-two-end-list,6项摘要单行；全结果汇总；导出16/12行与未知量校验,已验证,output/playwright/process-order-review/browser-check.json；output/playwright/process-order-review/export-check.json,用户已确认方案；Codex执行验证；产品接受待用户确认；8d8f8ffd+version-fingerprint.json
SUM-03,用户完整方案第13节,未知数量显示待补录单数,D/P/V,src/pages/process-factory/dyeing/work-orders.ts；src/pages/process-factory/printing/work-orders.ts；src/data/fcs/dye-work-order-online-view.ts；src/data/fcs/printing-task-domain.ts,check-dye-list-unified；check-printing-two-end-list,6项摘要单行；全结果汇总；导出16/12行与未知量校验,已验证,output/playwright/process-order-review/browser-check.json；output/playwright/process-order-review/export-check.json,用户已确认方案；Codex执行验证；产品接受待用户确认；8d8f8ffd+version-fingerprint.json
SUM-04,用户完整方案第13节,采购单数不作为统一核心摘要,D/P/V,src/pages/process-factory/dyeing/work-orders.ts；src/pages/process-factory/printing/work-orders.ts；src/data/fcs/dye-work-order-online-view.ts；src/data/fcs/printing-task-domain.ts,check-dye-list-unified；check-printing-two-end-list,6项摘要单行；全结果汇总；导出16/12行与未知量校验,已验证,output/playwright/process-order-review/browser-check.json；output/playwright/process-order-review/export-check.json,用户已确认方案；Codex执行验证；产品接受待用户确认；8d8f8ffd+version-fingerprint.json
ACT-01,用户完整方案第14节,全选本页与全部结果范围明确,D/P/V,src/pages/process-factory/dyeing/work-orders.ts；src/pages/process-factory/printing/work-orders.ts；src/pages/process-factory/printing/events.ts,check-dye-list-unified；check-printing-two-end-list；check-printing-output-documents；check-dye-work-order-online-alignment,全选/清空/筛选清选择/无选禁印/最后行更多；下载CSV和打印预览,已验证,output/playwright/process-order-review/browser-check.json；output/playwright/process-order-review/export-check.json；output/playwright/process-order-review/print-browser.json；output/playwright/process-order-review/roll-label.log,用户已确认方案；Codex执行验证；产品接受待用户确认；8d8f8ffd+version-fingerprint.json
ACT-02,用户完整方案第14节,无选禁打印且筛选变化不暗留选择,D/P/V,src/pages/process-factory/dyeing/work-orders.ts；src/pages/process-factory/printing/work-orders.ts；src/pages/process-factory/printing/events.ts,check-dye-list-unified；check-printing-two-end-list；check-printing-output-documents；check-dye-work-order-online-alignment,全选/清空/筛选清选择/无选禁印/最后行更多；下载CSV和打印预览,已验证,output/playwright/process-order-review/browser-check.json；output/playwright/process-order-review/export-check.json；output/playwright/process-order-review/print-browser.json；output/playwright/process-order-review/roll-label.log,用户已确认方案；Codex执行验证；产品接受待用户确认；8d8f8ffd+version-fingerprint.json
ACT-03,用户完整方案第14节,查看常用操作更多层级明确,D/P/V,src/pages/process-factory/dyeing/work-orders.ts；src/pages/process-factory/printing/work-orders.ts；src/pages/process-factory/printing/events.ts,check-dye-list-unified；check-printing-two-end-list；check-printing-output-documents；check-dye-work-order-online-alignment,全选/清空/筛选清选择/无选禁印/最后行更多；下载CSV和打印预览,已验证,output/playwright/process-order-review/browser-check.json；output/playwright/process-order-review/export-check.json；output/playwright/process-order-review/print-browser.json；output/playwright/process-order-review/roll-label.log,用户已确认方案；Codex执行验证；产品接受待用户确认；8d8f8ffd+version-fingerprint.json
ACT-04,用户完整方案第14节,染色流程卡与导出类型全部可达,D/P/V,src/pages/process-factory/dyeing/work-orders.ts；src/pages/process-factory/printing/work-orders.ts；src/pages/process-factory/printing/events.ts,check-dye-list-unified；check-printing-two-end-list；check-printing-output-documents；check-dye-work-order-online-alignment,全选/清空/筛选清选择/无选禁印/最后行更多；下载CSV和打印预览,已验证,output/playwright/process-order-review/browser-check.json；output/playwright/process-order-review/export-check.json；output/playwright/process-order-review/print-browser.json；output/playwright/process-order-review/roll-label.log,用户已确认方案；Codex执行验证；产品接受待用户确认；8d8f8ffd+version-fingerprint.json
ACT-05,用户完整方案第14节,印花信息单确认单卷条码全部可达,D/P/V,src/pages/process-factory/dyeing/work-orders.ts；src/pages/process-factory/printing/work-orders.ts；src/pages/process-factory/printing/events.ts,check-dye-list-unified；check-printing-two-end-list；check-printing-output-documents；check-dye-work-order-online-alignment,全选/清空/筛选清选择/无选禁印/最后行更多；下载CSV和打印预览,已验证,output/playwright/process-order-review/browser-check.json；output/playwright/process-order-review/export-check.json；output/playwright/process-order-review/print-browser.json；output/playwright/process-order-review/roll-label.log,用户已确认方案；Codex执行验证；产品接受待用户确认；8d8f8ffd+version-fingerprint.json
ACT-06,用户完整方案第14节,保留编辑约束不增加无依据代确认,D/P/V,src/pages/process-factory/dyeing/work-orders.ts；src/pages/process-factory/printing/work-orders.ts；src/pages/process-factory/printing/events.ts,check-dye-list-unified；check-printing-two-end-list；check-printing-output-documents；check-dye-work-order-online-alignment,全选/清空/筛选清选择/无选禁印/最后行更多；下载CSV和打印预览,已验证,output/playwright/process-order-review/browser-check.json；output/playwright/process-order-review/export-check.json；output/playwright/process-order-review/print-browser.json；output/playwright/process-order-review/roll-label.log,用户已确认方案；Codex执行验证；产品接受待用户确认；8d8f8ffd+version-fingerprint.json
DET-01,用户完整方案第15节,详情完整基本信息上下游要求加工日志单据,D/P/V,src/pages/process-factory/dyeing/work-order-overlays.ts；src/pages/process-factory/printing/work-order-detail.ts,check-dye-list-unified；check-printing-two-end-list；check-preparation-real-receipt-chain；check-process-order-three-axis-flow,详情六组业务信息，批次与原始记录按需展开，保留历史未知提示,已验证,output/playwright/process-order-review/dyeing-detail.png；output/playwright/process-order-review/printing-detail.png；output/playwright/process-order-review/check-preparation-real-receipt-chain.log,用户已确认方案；Codex执行验证；产品接受待用户确认；8d8f8ffd+version-fingerprint.json
DET-02,用户完整方案第15节,逐笔交接双方对象数量时间差异可追溯,D/P/V,src/pages/process-factory/dyeing/work-order-overlays.ts；src/pages/process-factory/printing/work-order-detail.ts,check-dye-list-unified；check-printing-two-end-list；check-preparation-real-receipt-chain；check-process-order-three-axis-flow,新交接链可追溯且专项通过；部分历史记录缺供料原单、确认人/时间，已明确待补录，不能认定历史逐笔资料完整。,已阻塞,output/playwright/process-order-review/dyeing-detail.png；output/playwright/process-order-review/printing-detail.png；output/playwright/process-order-review/check-preparation-real-receipt-chain.log；output/playwright/process-order-review/dye-missing-assets.json；output/playwright/process-order-review/printing-missing-assets.json；output/playwright/process-order-review/printing-actual-material-gaps.json,用户已确认方案；Codex执行验证；产品接受待用户确认；8d8f8ffd+version-fingerprint.json
DET-03,用户完整方案第15节,历史明细按需展开,D/P/V,src/pages/process-factory/dyeing/work-order-overlays.ts；src/pages/process-factory/printing/work-order-detail.ts,check-dye-list-unified；check-printing-two-end-list；check-preparation-real-receipt-chain；check-process-order-three-axis-flow,详情六组业务信息，批次与原始记录按需展开，保留历史未知提示,已验证,output/playwright/process-order-review/dyeing-detail.png；output/playwright/process-order-review/printing-detail.png；output/playwright/process-order-review/check-preparation-real-receipt-chain.log,用户已确认方案；Codex执行验证；产品接受待用户确认；8d8f8ffd+version-fingerprint.json
CASE-01,用户完整方案第16节,中央仓供料与调拨接收示例通过,D/P/V,src/data/fcs/dye-work-order-online-view.ts；src/data/fcs/printing-task-domain.ts；src/data/fcs/process-order-three-axis-view.ts,check-dye-material-receipts；check-printing-partial-batches；check-dye-list-unified；check-printing-output-documents；check-preparation-real-receipt-chain；check-process-order-three-axis-flow,原型场景和专项记录双向验证；非真实工厂操作,已验证,output/playwright/process-order-review/check-dye-material-receipts.log；output/playwright/process-order-review/check-preparation-real-receipt-chain.log；output/playwright/process-order-review/check-dye-list-unified.log；output/playwright/process-order-review/check-printing-output-documents.log,用户已确认方案；Codex执行验证；产品接受待用户确认；8d8f8ffd+version-fingerprint.json
CASE-02,用户完整方案第16节,染色至印花同笔交接上下游对应,D/P/V,src/data/fcs/dye-work-order-online-view.ts；src/data/fcs/printing-task-domain.ts；src/data/fcs/process-order-three-axis-view.ts,check-dye-material-receipts；check-printing-partial-batches；check-dye-list-unified；check-printing-output-documents；check-preparation-real-receipt-chain；check-process-order-three-axis-flow,原型场景和专项记录双向验证；非真实工厂操作,已验证,output/playwright/process-order-review/check-dye-material-receipts.log；output/playwright/process-order-review/check-preparation-real-receipt-chain.log；output/playwright/process-order-review/check-dye-list-unified.log；output/playwright/process-order-review/check-printing-output-documents.log,用户已确认方案；Codex执行验证；产品接受待用户确认；8d8f8ffd+version-fingerprint.json
CASE-03,用户完整方案第16节,部分接收加工分批交出示例通过,D/P/V,src/data/fcs/dye-work-order-online-view.ts；src/data/fcs/printing-task-domain.ts；src/data/fcs/process-order-three-axis-view.ts,check-dye-material-receipts；check-printing-partial-batches；check-dye-list-unified；check-printing-output-documents；check-preparation-real-receipt-chain；check-process-order-three-axis-flow,原型场景和专项记录双向验证；非真实工厂操作,已验证,output/playwright/process-order-review/check-dye-material-receipts.log；output/playwright/process-order-review/check-preparation-real-receipt-chain.log；output/playwright/process-order-review/check-dye-list-unified.log；output/playwright/process-order-review/check-printing-output-documents.log,用户已确认方案；Codex执行验证；产品接受待用户确认；8d8f8ffd+version-fingerprint.json
CASE-04,用户完整方案第16节,已交800收到760待收40示例通过,D/P/V,src/data/fcs/dye-work-order-online-view.ts；src/data/fcs/printing-task-domain.ts；src/data/fcs/process-order-three-axis-view.ts,check-dye-material-receipts；check-printing-partial-batches；check-dye-list-unified；check-printing-output-documents；check-preparation-real-receipt-chain；check-process-order-three-axis-flow,原型场景和专项记录双向验证；非真实工厂操作,已验证,output/playwright/process-order-review/check-dye-material-receipts.log；output/playwright/process-order-review/check-preparation-real-receipt-chain.log；output/playwright/process-order-review/check-dye-list-unified.log；output/playwright/process-order-review/check-printing-output-documents.log,用户已确认方案；Codex执行验证；产品接受待用户确认；8d8f8ffd+version-fingerprint.json
CASE-05,用户完整方案第16节,差异处理后不永久挂待收,D/P/V,src/data/fcs/dye-work-order-online-view.ts；src/data/fcs/printing-task-domain.ts；src/data/fcs/process-order-three-axis-view.ts,check-dye-material-receipts；check-printing-partial-batches；check-dye-list-unified；check-printing-output-documents；check-preparation-real-receipt-chain；check-process-order-three-axis-flow,原型场景和专项记录双向验证；非真实工厂操作,已验证,output/playwright/process-order-review/check-dye-material-receipts.log；output/playwright/process-order-review/check-preparation-real-receipt-chain.log；output/playwright/process-order-review/check-dye-list-unified.log；output/playwright/process-order-review/check-printing-output-documents.log,用户已确认方案；Codex执行验证；产品接受待用户确认；8d8f8ffd+version-fingerprint.json
CASE-06,用户完整方案第16节,已收5600未加工使用零无虚假损耗,D/P/V,src/data/fcs/dye-work-order-online-view.ts；src/data/fcs/printing-task-domain.ts；src/data/fcs/process-order-three-axis-view.ts,check-dye-material-receipts；check-printing-partial-batches；check-dye-list-unified；check-printing-output-documents；check-preparation-real-receipt-chain；check-process-order-three-axis-flow,原型场景和专项记录双向验证；非真实工厂操作,已验证,output/playwright/process-order-review/check-dye-material-receipts.log；output/playwright/process-order-review/check-preparation-real-receipt-chain.log；output/playwright/process-order-review/check-dye-list-unified.log；output/playwright/process-order-review/check-printing-output-documents.log,用户已确认方案；Codex执行验证；产品接受待用户确认；8d8f8ffd+version-fingerprint.json
CASE-07,用户完整方案第16节,历史缺失下游未生成换料备货场景通过,D/P/V,src/data/fcs/dye-work-order-online-view.ts；src/data/fcs/printing-task-domain.ts；src/data/fcs/process-order-three-axis-view.ts,check-dye-material-receipts；check-printing-partial-batches；check-dye-list-unified；check-printing-output-documents；check-preparation-real-receipt-chain；check-process-order-three-axis-flow,原型场景和专项记录双向验证；非真实工厂操作,已验证,output/playwright/process-order-review/check-dye-material-receipts.log；output/playwright/process-order-review/check-preparation-real-receipt-chain.log；output/playwright/process-order-review/check-dye-list-unified.log；output/playwright/process-order-review/check-printing-output-documents.log,用户已确认方案；Codex执行验证；产品接受待用户确认；8d8f8ffd+version-fingerprint.json
UI-01,用户完整方案第17节,1366x768和1280x720核心对象要求状态默认可见,D/P/V,src/pages/process-factory/dyeing/work-orders.ts；src/pages/process-factory/printing/work-orders.ts,浏览器实际断言；check-dye-list-reentry,两分辨率/冻结/偏好/分页/本地更新/图片失败与Esc,已验证,output/playwright/process-order-review/browser-check.json；output/playwright/process-order-review/browser-extra.json；output/playwright/process-order-review/check-dye-list-reentry.log,用户已确认方案；Codex执行验证；产品接受待用户确认；8d8f8ffd+version-fingerprint.json
UI-02,用户完整方案第17节,仅表格横滚且身份操作固定,D/P/V,src/pages/process-factory/dyeing/work-orders.ts；src/pages/process-factory/printing/work-orders.ts,浏览器实际断言；check-dye-list-reentry,两分辨率/冻结/偏好/分页/本地更新/图片失败与Esc,已验证,output/playwright/process-order-review/browser-check.json；output/playwright/process-order-review/browser-extra.json；output/playwright/process-order-review/check-dye-list-reentry.log,用户已确认方案；Codex执行验证；产品接受待用户确认；8d8f8ffd+version-fingerprint.json
UI-03,用户完整方案第17节,列偏好按路由独立持久化,D/P/V,src/pages/process-factory/dyeing/work-orders.ts；src/pages/process-factory/printing/work-orders.ts,浏览器实际断言；check-dye-list-reentry,两分辨率/冻结/偏好/分页/本地更新/图片失败与Esc,已验证,output/playwright/process-order-review/browser-check.json；output/playwright/process-order-review/browser-extra.json；output/playwright/process-order-review/check-dye-list-reentry.log,用户已确认方案；Codex执行验证；产品接受待用户确认；8d8f8ffd+version-fingerprint.json
UI-04,用户完整方案第17节,行高和字体可读无任意拆码,D/P/V,src/pages/process-factory/dyeing/work-orders.ts；src/pages/process-factory/printing/work-orders.ts,浏览器实际断言；check-dye-list-reentry,两分辨率/冻结/偏好/分页/本地更新/图片失败与Esc,已验证,output/playwright/process-order-review/browser-check.json；output/playwright/process-order-review/browser-extra.json；output/playwright/process-order-review/check-dye-list-reentry.log,用户已确认方案；Codex执行验证；产品接受待用户确认；8d8f8ffd+version-fingerprint.json
UI-05,用户完整方案第17节,图片加载失败态大图Esc均可用,D/P/V,src/pages/process-factory/dyeing/work-orders.ts；src/pages/process-factory/printing/work-orders.ts,浏览器实际断言；check-dye-list-reentry,两分辨率/冻结/偏好/分页/本地更新/图片失败与Esc,已验证,output/playwright/process-order-review/browser-check.json；output/playwright/process-order-review/browser-extra.json；output/playwright/process-order-review/check-dye-list-reentry.log,用户已确认方案；Codex执行验证；产品接受待用户确认；8d8f8ffd+version-fingerprint.json
UI-06,用户完整方案第17节,查询选择展开输入局部更新不丢滚动,D/P/V,src/pages/process-factory/dyeing/work-orders.ts；src/pages/process-factory/printing/work-orders.ts；src/main.ts（仅两个命名列表事件入口）,check-dye-list-snapshot；check-printing-list-snapshot；浏览器捕获真实点击到双帧绘制计时,染色47.3ms、印花47.4ms；根节点保留；本页快照在路由进入/业务保存后失效,已验证,output/playwright/process-order-review/interaction-timing.json；output/playwright/process-order-review/check-dye-list-snapshot.log；output/playwright/process-order-review/check-printing-list-snapshot.log；output/playwright/process-order-review/browser-check.json,用户已确认方案；Codex执行验证；产品接受待用户确认；8d8f8ffd+version-fingerprint.json
UI-07,用户完整方案第17节,分页限制首屏渲染量,D/P/V,src/pages/process-factory/dyeing/work-orders.ts；src/pages/process-factory/printing/work-orders.ts,浏览器实际断言；check-dye-list-reentry,两分辨率/冻结/偏好/分页/本地更新/图片失败与Esc,已验证,output/playwright/process-order-review/browser-check.json；output/playwright/process-order-review/browser-extra.json；output/playwright/process-order-review/check-dye-list-reentry.log,用户已确认方案；Codex执行验证；产品接受待用户确认；8d8f8ffd+version-fingerprint.json
UI-08,用户完整方案第17节,颜色链接反馈有明确业务含义,D/P/V,src/pages/process-factory/dyeing/work-orders.ts；src/pages/process-factory/printing/work-orders.ts,浏览器实际断言；check-dye-list-reentry,两分辨率/冻结/偏好/分页/本地更新/图片失败与Esc,已验证,output/playwright/process-order-review/browser-check.json；output/playwright/process-order-review/browser-extra.json；output/playwright/process-order-review/check-dye-list-reentry.log,用户已确认方案；Codex执行验证；产品接受待用户确认；8d8f8ffd+version-fingerprint.json
VERIFY-01,用户完整方案第18节,技术检查与最终浏览器证据新鲜且明确未通过项,D/P/V,docs/染色印花加工单逐项验收.csv,最终检查结果、CodeGraph、文件指纹记录,全部最终证据和未通过资料项逐项列明,已验证,output/playwright/process-order-review/final-checks.json；output/playwright/process-order-review/codegraph-status.log；output/playwright/process-order-review/version-fingerprint.json,用户已确认方案；Codex执行验证；产品接受待用户确认；8d8f8ffd+version-fingerprint.json
